S315080000008833002471030008D1B8000869B00008D5
S31508000010C9B800081106000821DD00080000000024
S31508000020000000000000000000000000F1BC00080D
S31508000030E91000080000000049B9000851BD000891
S315080000408B0300088B0300088B0300088B0300084A
S315080000508B0300088B0300088B0300088B0300083A
S315080000608B0300088B0300088B0300081906000899
S31508000070290600088B030008390600084906000807
S315080000808B0300088B0300088B030008291100085E
S31508000090391100088B0300088B0300088B0300083E
S315080000A08B0300088B0300088B0300088B030008EA
S315080000B08B0300088B03000869BF00088B03000840
S315080000C08B0300088B0300088B0300088B030008CA
S315080000D08B03000811DD00088B0300088B0300085A
S315080000E0F11000088B030008000000008B030008CD
S315080000F08B0300088B0300088B0300088B0300089A
S315080001008B0300088B03000879BF00088B030008DF
S3150800011019CA000829CA00088B0300088B030008BF
S31508000120590600088B0300088B0300088B03000898
S315080001308B0300088B0300088B0300088B03000859
S3150800014000000000000000000000000000000000A1
S315080001508B0300088B0300088B0300088B03000839
S315080001608B0300088B0300088B0300088B03000829
S315080001708B0300088B0300088B03000800000000AF
S315080001808B0300088B0300088B0300088B03000809
S315080001908B0300088B0300088B0300088B030008F9
S315080001A08B0300088B0300088B030008000000007F
S315080001B08B0300088B0300088B0300088B030008D9
S315080001C08B0300088B0300080000000000000000F5
S315080001D000000000000000008B030008000000007B
S315080001E00000000000000000000000000000000001
S315080001F000000000000000008B0300088B030008C5
S315080002008B0300088B030008000000008B0300081E
S315080002108B0300088B0300088B0300088B03000878
S315080002208B030008000000008B0300080000000094
S315080002308B0300088B030008000000008B030008EE
S315080002408B0300088B0300088B0300088B03000848
S315080002508B0300088B0300088B0300088B03000838
S315080002608B0300088B0300088B0300088B03000828
S315080002708B0300088B0300088B03000800000000AE
S315080002808B0300088B0300088B0300088B03000808
S31508000290000000008B0300088B0300080000000024
S315080002A0000000008B0300088B0300088B0300087E
S315080002B001DD00088B0300088B03000849110008BC
S315080002C08B0300088B0300088B03000800F002F874
S315080002D000F03EF80AA090E8000C82448344AAF194
S315080002E00107DA4501D100F033F8AFF2090EBAE892
S315080002F00F0013F0010F18BFFB1A43F0010318474C
S315080003003827010058270100103A24BF78C878C159
S31508000310FAD8520724BF30C830C144BF04680C60FD
S31508000320704700000023002400250026103A28BF45
S3150800033078C1FBD8520728BF30C148BF0B60704749
S315080003401FB512F01EFB00F007F91FBD10B510BD52
S3150800035000F02FF91146FFF7F3FF12F0CDFA00F07F
S315080003604DF903B4FFF7F2FF03BC00F013F90000E0
S315080003700948804709480047FEE7FEE7FEE7FEE72B
S31508000380FEE7FEE7FEE7FEE7FEE7FEE70448054967
S31508000390054A064B7047000029BE0008CD02000832
S315080003A0882D002488330024882F0024882F0024D1
S315080003B053EA020C00F069802DE9F04B4FF0000675
S315080003C0002B1FBFB3FA83F503FA05F424FA05F6E2
S315080003D05E4012BF1643B2FA82F502FA05F4C5F179
S315080003E020051EBF22FA05FC44EA0C04203556EA0D
S315080003F0044C4FEA144418BF641C4FF000084FF031
S315080004000009904271EB030C39D3002919BFB1FAE0
S3150800041081F701FA07F6B0FA80F700FA07F6C7F18E
S3150800042020071EBF20FA07FC46EA0C062037B6FB53
S31508000430F4FCA7EB0507103F07F01F0BCBF12006CE
S315080004402CFA06F60CFA0BFB44BFB3460026202FFF
S31508000450A4BF5E464FF0000B5BEA060C08BF4FF0E0
S31508000460010B19EB0B0948EB0608ABFB027C06FBF4
S3150800047002CC0BFB03CCC01B71EB0C01C1E70B468E
S31508000480024641464846BDE8F08B13B5084318BFF7
S315080004904FF0FF300146AFF30080BDE81C407047BF
S315080004A010B5203AC0F00B80B1E81850A0E81850F3
S315080004B0B1E81850A0E81850203ABFF4F5AF5FEA43
S315080004C0027C24BFB1E81850A0E8185044BF18C9E8
S315080004D018C0BDE810405FEA827C24BF51F8043B8F
S315080004E040F8043B08BF7047D20728BF31F8023BE3
S315080004F048BF11F8012B28BF20F8023B48BF00F877
S31508000500012B70474FF0000200B5134694469646F5
S31508000510203922BFA0E80C50A0E80C50B1F1200108
S31508000520BFF4F7AF090728BFA0E80C5048BF0CC0B6
S315080005305DF804EB890028BF40F8042B08BF704714
S3150800054048BF20F8022B11F0804F18BF00F8012B86
S31508000550704770477047704770B5064C7C44064D27
S315080005607D4404E02046016808448047241DAC42C7
S31508000570F8D170BDF8240100F824010010B500F088
S315080005800FF8006810BD10B5044600F009F80460BD
S3150800059010BD000001491820ABBEFEE72600020088
S315080005A000487047100000240048704710000024D7
S315080005B070477546FFF7F8FFAE460500694653468D
S315080005C020F00700854618B020B5FFF7DFFEBDE826
S315080005D020404FF000064FF000074FF000084FF09C
S315080005E0000BAC46ACE8C009ACE8C009ACE8C009E9
S315080005F0ACE8C00921F007018D46704710B50446DE
S31508000600AFF300802046BDE81040FFF7AABE000001
S31508000610FFE7FEE70000000080B542F2C050C2F2D4
S31508000620004001F06DFF80BD80B542F2A070C2F2B5
S31508000630004001F065FF80BD80B542F2B060C2F2AD
S31508000640004001F05DFF80BD80B542F22870C2F21D
S31508000650004001F055FF80BD80B542F23860C2F215
S31508000660004001F04DFF80BD83B0029002980168FA
S3150800067001201022C4F202029142009000F0A380E9
S31508000680FFE70298016801202822C4F2020291427B
S31508000690009000F09880FFE7029801680120402248
S315080006A0C4F202029142009000F08D80FFE70298A2
S315080006B0016801205822C4F202029142009000F01B
S315080006C08280FFE70298016801207022C4F20202C4
S315080006D09142009077D0FFE70298016801208822AE
S315080006E0C4F20202914200906DD0FFE702980168B9
S315080006F00120A022C4F202029142009063D0FFE7D3
S31508000700029801680120B822C4F2020291420090C0
S3150800071059D0FFE702980168012040F21042C4F25E
S315080007200202914200904ED0FFE70298016801202C
S3150800073040F22842C4F202029142009043D0FFE7F9
S3150800074002980168012040F24042C4F20202914236
S31508000750009038D0FFE702980168012040F258421D
S31508000760C4F20202914200902DD0FFE70298016878
S31508000770012040F27042C4F202029142009022D057
S31508000780FFE702980168012040F28842C4F202029B
S315080007909142009017D0FFE702980168012040F2C5
S315080007A0A042C4F20202914200900CD0FFE70298E0
S315080007B000684FF64831CBF6FD710844B0FA80F070
S315080007C040090090FFE70098C00740B3FFE702988A
S315080007D0007810384AF6AB21CAF6AA21A0FB011008
S315080007E000090190019800F0070142F60820C0F6BA
S315080007F00100405C0299C8650198042807D3FFE701
S3150800080002990868042262F30900886506E00299DD
S31508000810086840F2FF3290438865FFE705E00299D1
S31508000820086820F0FF008865FFE70298806D03B02E
S31508000830704700000000000084B003900398006829
S31508000840019003980168012045F20842C5F60202A4
S31508000850914200904ED0FFE703980168012045F2C7
S315080008601C42C5F602029142009043D0FFE7039866
S315080008700168012045F23042C5F602029142009015
S3150800088038D0FFE703980168012045F24442C5F6CF
S315080008900202914200902DD0FFE7039801680120DB
S315080008A045F25842C5F602029142009022D0FFE76F
S315080008B003980168012045F26C42C5F6020291428E
S315080008C0009017D0FFE703980168012045F280429F
S315080008D0C5F60202914200900CD0FFE70398006823
S315080008E04AF66C31CAF2FD710844B0FA80F0400944
S315080008F00090FFE70098C00710B3FFE70398007859
S3150800090008384CF6CD41CCF6CC41A0FB01100009C5
S315080009100290029945F60000C5F6020000EB810038
S3150800092003990866039945F68000C5F602004866ED
S31508000930029800F01F01012088400399886635E077
S315080009400398007810384AF6AB21CAF6AA21A0FB0C
S31508000950011000090290019840F2B841C4F2020160
S3150800096088420CD8FFE7019840F21041C4F2020110
S31508000970884204D3FFE7029808300290FFE70299FD
S3150800098040F60000C4F2020000EB810003990866F5
S31508000990039940F68000C4F202004866029800F007
S315080009A01F010120884003998866FFE704B0704755
S315080009B083B002900298007901900198002800F00F
S315080009C08A80FFE70198082800F28580FFE70298E9
S315080009D00168012045F20842C5F6020291420090DC
S315080009E04ED0FFE702980168012045F21C42C5F681
S315080009F002029142009043D0FFE702980168012065
S31508000A0045F23042C5F602029142009038D0FFE71F
S31508000A1002980168012045F24442C5F60202914255
S31508000A2000902DD0FFE702980168012045F2584250
S31508000A30C5F602029142009022D0FFE702980168AB
S31508000A40012045F26C42C5F602029142009017D089
S31508000A50FFE702980168012045F28042C5F60202C6
S31508000A60914200900CD0FFE7029800684AF66C3174
S31508000A70CAF2FD710844B0FA80F040090090FFE719
S31508000A800098C00780B1FFE7019945F6FC00C5F656
S31508000A90020000EB81000299C866029945F64010EB
S31508000AA0C5F6020008670FE0019940F6FC00C4F29B
S31508000AB0020000EB81000299C866029940F64010D0
S31508000AC0C4F202000867FFE70198411E012088402A
S31508000AD002994867FFE703B070470000000000006E
S31508000AE085B0049000208DF80F000498806918BB23
S31508000AF0FFE70498806A029003281BD80299DFE86A
S31508000B0001F0020D0218049890F82F00C00720B1D2
S31508000B10FFE701208DF80F00FFE70CE00498C06A94
S31508000B20B0F1C07F04D1FFE701208DF80F00FFE781
S31508000B3001E000E0FFE747E004988069B0F5005F50
S31508000B4026D1FFE70498806A019003281ED80199E8
S31508000B50DFE801F00206021101208DF80F0016E009
S31508000B60049890F82F00C00720B1FFE701208DF800
S31508000B700F00FFE70BE00498C06AB0F1C07F04D10C
S31508000B80FFE701208DF80F00FFE700E0FFE71AE016
S31508000B900498806A0090032804D3FFE70098032886
S31508000BA004D00EE001208DF80F000BE0049890F8B1
S31508000BB02F00C00720B1FFE701208DF80F00FFE7DF
S31508000BC000E0FFE7FFE7FFE79DF80F0005B0704775
S31508000BD089B008900791069205930898806D04904D
S31508000BE00898806D03900898016801201022C4F2C5
S31508000BF002029142029000F00381FFE7089801681B
S31508000C0001202822C4F202029142029000F0F880E4
S31508000C10FFE70898016801204022C4F202029142C7
S31508000C20029000F0ED80FFE708980168012058223D
S31508000C30C4F202029142029000F0E280FFE70898AF
S31508000C40016801207022C4F202029142029000F06B
S31508000C50D780FFE70898016801208822C4F20202BB
S31508000C609142029000F0CC80FFE7089801680120C5
S31508000C70A022C4F202029142029000F0C180FFE76E
S31508000C80089801680120B822C4F202029142029033
S31508000C9000F0B680FFE708980168012040F210428C
S31508000CA0C4F202029142029000F0AA80FFE7089877
S31508000CB00168012040F22842C4F2020291420290E1
S31508000CC000F09E80FFE708980168012040F2404244
S31508000CD0C4F202029142029000F09280FFE708985F
S31508000CE00168012040F25842C4F202029142029081
S31508000CF000F08680FFE708980168012040F27042FC
S31508000D00C4F20202914202907AD0FFE7089801687D
S31508000D10012040F28842C4F20202914202906FD04A
S31508000D20FFE708980168012040F2A042C4F20202D7
S31508000D309142029064D0FFE708980168012040F2CA
S31508000D40B842C4F202029142029059D0FFE70898CD
S31508000D500168012045F20842C5F602029142029056
S31508000D604ED0FFE708980168012045F21C42C5F6F7
S31508000D7002029142029043D0FFE7089801680120D9
S31508000D8045F23042C5F602029142029038D0FFE79A
S31508000D9008980168012045F24442C5F602029142CC
S31508000DA002902DD0FFE708980168012045F25842C5
S31508000DB0C5F602029142029022D0FFE70898016820
S31508000DC0012045F26C42C5F602029142029017D004
S31508000DD0FFE708980168012045F28042C5F602023D
S31508000DE0914202900CD0FFE7089800684AF66C31E9
S31508000DF0CAF2FD710844B0FA80F040090290FFE794
S31508000E000298C00770B1FFE70898416E806E486087
S31508000E100898C06E28B1FFE70898016F406F4860D0
S31508000E20FFE7FFE70898016801201022C4F20202D2
S31508000E309142019000F0A380FFE70898016801201D
S31508000E402822C4F202029142019000F09880FFE73E
S31508000E500898016801204022C4F2020291420190DA
S31508000E6000F08D80FFE70898016801205822C4F237
S31508000E7002029142019000F08280FFE7089801681B
S31508000E8001207022C4F202029142019077D0FFE756
S31508000E900898016801208822C4F202029142019052
S31508000EA06DD0FFE7089801680120A022C4F202026B
S31508000EB09142019063D0FFE7089801680120B822A3
S31508000EC0C4F202029142019059D0FFE708980168DE
S31508000ED0012040F21042C4F20202914201904ED023
S31508000EE0FFE708980168012040F22842C4F202028E
S31508000EF09142019043D0FFE708980168012040F22B
S31508000F004042C4F202029142019038D0FFE70898A5
S31508000F100168012040F25842C4F20202914201904F
S31508000F202DD0FFE708980168012040F27042C4F20C
S31508000F3002029142019022D0FFE708980168012039
S31508000F4040F28842C4F202029142019017D0FFE7AC
S31508000F5008980168012040F2A042C4F202029142B8
S31508000F6001900CD0FFE7089800684FF64831CBF699
S31508000F70FD710844B0FA80F040090190FFE7019836
S31508000F80C00750B3FFE70898C06D00F01F013F2067
S31508000F9088400499886008980168086820F48020C9
S31508000FA00860059808990968486008988068402884
S31508000FB009D1FFE70698089909688860079808998B
S31508000FC00968C86008E0079808990968886006985B
S31508000FD008990968C860FFE782E008980168012057
S31508000FE045F20842C5F60202914200904ED0FFE74C
S31508000FF008980168012045F21C42C5F60202914292
S31508001000009043D0FFE708980168012045F2304276
S31508001010C5F602029142009038D0FFE708980168A9
S31508001020012045F24442C5F60202914200902DD0B5
S31508001030FFE708980168012045F25842C5F6020202
S315080010409142009022D0FFE708980168012045F2F6
S315080010506C42C5F602029142009017D0FFE7089845
S315080010600168012045F28042C5F6020291420090CD
S315080010700CD0FFE7089800684AF66C31CAF2FD7191
S315080010800844B0FA80F040090090FFE70098C007CE
S3150800109020B3FFE70898C06D00F01F0101208840C3
S315080010A0039948600598089909684860089880680F
S315080010B0402809D1FFE706980899096888600798C3
S315080010C008990968C86008E0079808990968886057
S315080010D0069808990968C860FFE700E0FFE7FFE798
S315080010E009B07047000000007047000000000000CB
S315080010F080B54FF4806004F08FFE4FF4006004F072
S315080011008BFE4FF4805004F087FE4FF4804004F0C5
S3150800111083FE80BD0000000081B0EFF3108072B638
S315080011200090FFE7FEE7000080B542F61800C2F21D
S31508001130004003F031FE80BD80B542F6B800C2F229
S31508001140004003F029FE80BD80B542F65810C2F271
S31508001150004003F021FE80BD84B002900298406BE7
S31508001160009002980068D0F884004FF6FC71884316
S31508001170009940EA810002990968C1F8840002983A
S315080011800068D0F8840020F47F00029A1168926BF8
S3150800119040EA0240C1F884000298816B009808442E
S315080011A0009002980068D0F888006FF38F000099C5
S315080011B040EA810002990968C1F888000298006827
S315080011C0D0F8880020F4FE00029A1168D26B40EA33
S315080011D00240C1F888000298C16B009800EB4100F4
S315080011E0009002980068D0F8A0006FF38F0000996D
S315080011F040EA810002990968C1F8A00002980068CF
S31508001200D0F8A00020F4FE00029A1168126C40EA99
S315080012100240C1F8A0000299086C496C009A00FBCC
S315080012200120009002980068D0F8B0006FF38F0094
S31508001230009940EA810002990968C1F8B00002984D
S315080012400068D0F8B00020F4FE00029A1168926C8B
S3150800125040EA0240C1F8B0000299886CC96C009A4D
S3150800126000FB0120009002980068D0F8AC006FF3EC
S315080012708F00009940EA810002990968C1F8AC001C
S315080012800299086D496D009A00FB012000900298AA
S315080012900068D0F8F0006FF38F00009940EA8100EB
S315080012A002990968C1F8F00002980068D0F8F000C1
S315080012B020F47C10029A1168926D40EA0240C1F847
S315080012C0F0000298816D009800EB410000900298AA
S315080012D00068D0F8C0006FF38F00009940EA8100DB
S315080012E002990968C1F8C00002980068D0F8C000E1
S315080012F020F47C10029A1168D26D40EA0240C1F8C7
S31508001300C00002980068D0F8C00020F07C50029A0D
S315080013101168126E40EA0260C1F8C00002994A6B71
S315080013204AF60040C4F2000000EB8200C866029943
S315080013308A6BC86E00EB820008670299CA6B086F51
S3150800134000EBC200486702990A6C4B6C486F5A4317
S3150800135000EB8200886702998A6CCB6C886F5A43C7
S3150800136000EB8200C86702990A6D4B6DC86F5A4335
S3150800137000EB8200C1F8800002998A6DD1F88000DE
S3150800138000EBC200C1F884000299CA6D8B6ED1F8D1
S3150800139084005A4300EB8200C1F8880002990A6E5D
S315080013A08B6ED1F888005A4300EB8200C1F8900092
S315080013B00298D0F890004DF2FD31C4F2000188423F
S315080013C00FD3FFE70299D1F89C0040F02000C1F83E
S315080013D09C000299032081F8980001208DF80F00DF
S315080013E017E00298C06E0190FFE701980299D1F8BC
S315080013F09010884208D2FFE7019900200860FFE7AD
S31508001400019804300190F0E7FFE700208DF80F00FF
S31508001410FFE79DF80F0004B07047000000000000C9
S3150800142088B007900691059204930698406848B9D3
S31508001430FFE70698016882680069104340EA814020
S31508001440039009E00698016882680069104308431A
S3150800145040F080400390FFE70698D0F820C0C168A6
S3150800146042698369C06940EA0C601843104340EA40
S31508001470014002900798826ED0F88400049951437F
S3150800148000EB8100019003980199086001980430E7
S315080014900190029801990860019804300190002093
S315080014A00090FFE700980699CA6842F6F811C0F658
S315080014B00101895C88420DD2FFE7059800994058DA
S315080014C001990860019804300190FFE700980430FC
S315080014D00090E7E708B0704780B58AB0089004F036
S315080014E0BBFE0490089828B9FFE701208DF827006D
S315080014F000F0AABC089890F8350002280ED0FFE73D
S31508001500089980204865FFE70899002081F834008B
S31508001510FFE701208DF8270000F096BC08980168BF
S3150800152001201022C4F202029142039000F0A38027
S31508001530FFE70898016801202822C4F202029142B6
S31508001540039000F09880FFE7089801680120402280
S31508001550C4F202029142039000F08D80FFE70898DA
S31508001560016801205822C4F202029142039000F059
S315080015708280FFE70898016801207022C4F20202FF
S315080015809142039077D0FFE70898016801208822E6
S31508001590C4F20202914203906DD0FFE708980168F1
S315080015A00120A022C4F202029142039063D0FFE711
S315080015B0089801680120B822C4F2020291420390F9
S315080015C059D0FFE708980168012040F21042C4F29A
S315080015D00202914203904ED0FFE708980168012065
S315080015E040F22842C4F202029142039043D0FFE738
S315080015F008980168012040F24042C4F20202914272
S31508001600039038D0FFE708980168012040F2584255
S31508001610C4F20202914203902DD0FFE708980168B0
S31508001620012040F27042C4F202029142039022D095
S31508001630FFE708980168012040F28842C4F20202D6
S315080016409142039017D0FFE708980168012040F2FD
S31508001650A042C4F20202914203900CD0FFE7089818
S3150800166000684FF64831CBF6FD710844B0FA80F0B1
S3150800167040090390FFE70398C00780B1FFE7089881
S315080016800168086820F01E00086008980168486923
S3150800169020F08000486108980068059009E00898DD
S315080016A00168086820F00E00086008980068059030
S315080016B0FFE70898016801201022C4F2020291424D
S315080016C0029000F00381FFE70898016801202822AC
S315080016D0C4F202029142029000F0F880FFE70898EF
S315080016E0016801204022C4F202029142029000F0F1
S315080016F0ED80FFE70898016801205822C4F202022B
S315080017009142029000F0E280FFE708980168012004
S315080017107022C4F202029142029000F0D780FFE7DD
S315080017200898016801208822C4F2020291420290B8
S3150800173000F0CC80FFE7089801680120A022C4F2D7
S3150800174002029142029000F0C180FFE70898016802
S315080017500120B822C4F202029142029000F0B6803B
S31508001760FFE708980168012040F21042C4F202021D
S315080017709142029000F0AA80FFE7089801680120CC
S3150800178040F22842C4F202029142029000F09E8082
S31508001790FFE708980168012040F24042C4F20202BD
S315080017A09142029000F09280FFE7089801680120B4
S315080017B040F25842C4F202029142029000F086803A
S315080017C0FFE708980168012040F27042C4F202025D
S315080017D0914202907AD0FFE708980168012040F20A
S315080017E08842C4F20202914202906FD0FFE708983D
S315080017F00168012040F2A042C4F20202914202901E
S3150800180064D0FFE708980168012040F2B842C4F2A4
S3150800181002029142029059D0FFE708980168012018
S3150800182045F20842C5F60202914202904ED0FFE701
S3150800183008980168012045F21C42C5F60202914249
S31508001840029043D0FFE708980168012045F230422C
S31508001850C5F602029142029038D0FFE7089801685F
S31508001860012045F24442C5F60202914202902DD06B
S31508001870FFE708980168012045F25842C5F60202BA
S315080018809142029022D0FFE708980168012045F2AC
S315080018906C42C5F602029142029017D0FFE70898FB
S315080018A00168012045F28042C5F602029142029083
S315080018B00CD0FFE7089800684AF66C31CAF2FD7149
S315080018C00844B0FA80F040090290FFE70298C00782
S315080018D038B1FFE70898016E086820F48070086040
S315080018E0FFE7089800681021C4F20201884200F058
S315080018F08180FFE7089800682821C4F2020188421F
S3150800190078D0FFE7089800684021C4F202018842AF
S3150800191070D0FFE7089800685821C4F2020188428F
S3150800192068D0FFE7089800687021C4F2020188426F
S3150800193060D0FFE7089800688821C4F2020188424F
S3150800194058D0FFE708980068A021C4F2020188422F
S3150800195050D0FFE708980068B821C4F2020188420F
S3150800196048D0FFE70898006840F21041C4F2020127
S3150800197088423FD0FFE70898006840F22841C4F241
S315080019800201884236D0FFE70898006840F24041D5
S31508001990C4F2020188422DD0FFE70898006840F299
S315080019A05841C4F20201884224D0FFE7089800682B
S315080019B040F27041C4F2020188421BD0FFE7089842
S315080019C0006840F28841C4F20201884212D0FFE75B
S315080019D00898006840F2A041C4F20201884209D082
S315080019E0FFE70898006840F2B841C4F2020188424D
S315080019F007D1FFE708980168086820F00100086029
S31508001A0006E008980168086820F001000860FFE70A
S31508001A10FFE705980068C007C8B1FFE704F01CFC9B
S31508001A200499401A062811D3FFE70899202048652B
S31508001A300899032081F83500FFE70899002081F806
S31508001A403400FFE701208DF82700FDE1E1E708985B
S31508001A50016801201022C4F202029142019000F0AE
S31508001A60A380FFE70898016801202822C4F2020231
S31508001A709142019000F09880FFE7089801680120DC
S31508001A804022C4F202029142019000F08D80FFE7E5
S31508001A900898016801205822C4F202029142019076
S31508001AA000F08280FFE70898016801207022C4F2DE
S31508001AB002029142019077D0FFE708980168012059
S31508001AC08822C4F20202914201906DD0FFE708987D
S31508001AD001680120A022C4F202029142019063D05B
S31508001AE0FFE7089801680120B822C4F20202914271
S31508001AF0019059D0FFE708980168012040F210428A
S31508001B00C4F20202914201904ED0FFE7089801689C
S31508001B10012040F22842C4F202029142019043D0C9
S31508001B20FFE708980168012040F24042C4F2020229
S31508001B309142019038D0FFE708980168012040F2E9
S31508001B405842C4F20202914201902DD0FFE708984C
S31508001B500168012040F27042C4F2020291420190EB
S31508001B6022D0FFE708980168012040F28842C4F2B3
S31508001B7002029142019017D0FFE7089801680120F8
S31508001B8040F2A042C4F20202914201900CD0FFE753
S31508001B90089800684FF64831CBF6FD710844B0FA4C
S31508001BA080F040090190FFE70198C00760B1FFE7A0
S31508001BB00898806D07900898C06D00F01F013F20B7
S31508001BC08840079988600BE00898806D0690089809
S31508001BD0C06D00F01F010120884006994860FFE7A4
S31508001BE00898016801201022C4F20202914200906E
S31508001BF000F00381FFE70898016801202822C4F253
S31508001C0002029142009000F0F880FFE70898016808
S31508001C1001204022C4F202029142009000F0ED80B9
S31508001C20FFE70898016801205822C4F2020291428F
S31508001C30009000F0E280FFE7089801680120702212
S31508001C40C4F202029142009000F0D780FFE708989C
S31508001C50016801208822C4F202029142009000F035
S31508001C60CC80FFE7089801680120A022C4F202028E
S31508001C709142009000F0C180FFE7089801680120B2
S31508001C80B822C4F202029142009000F0B680FFE743
S31508001C9008980168012040F21042C4F202029142FB
S31508001CA0009000F0AA80FFE708980168012040F23A
S31508001CB02842C4F202029142009000F09E80FFE79B
S31508001CC008980168012040F24042C4F2020291429B
S31508001CD0009000F09280FFE708980168012040F222
S31508001CE05842C4F202029142009000F08680FFE753
S31508001CF008980168012040F27042C4F2020291423B
S31508001D0000907AD0FFE708980168012040F28842DF
S31508001D10C4F20202914200906FD0FFE7089801686A
S31508001D20012040F2A042C4F202029142009064D01F
S31508001D30FFE708980168012040F2B842C4F202029F
S31508001D409142009059D0FFE708980168012045F2B2
S31508001D500842C5F60202914200904ED0FFE7089865
S31508001D600168012045F21C42C5F602029142009024
S31508001D7043D0FFE708980168012045F23042C5F6CE
S31508001D8002029142009038D0FFE7089801680120C6
S31508001D9045F24442C5F60202914200902DD0FFE773
S31508001DA008980168012045F25842C5F60202914298
S31508001DB0009022D0FFE708980168012045F26C429E
S31508001DC0C5F602029142009017D0FFE7089801680D
S31508001DD0012045F28042C5F60202914200900CD0DD
S31508001DE0FFE7089800684AF66C31CAF2FD710844A4
S31508001DF0B0FA80F040090090FFE70098C007A0B14C
S31508001E00FFE70898416E806E48600898C06E58B122
S31508001E10FFE70898C16E086820F480700860089883
S31508001E20016F406F4860FFE7FFE70899012081F8D6
S31508001E303500FFE70899002081F83400FFE7FFE73F
S31508001E4000208DF82700FFE79DF827000AB080BD1F
S31508001E5080B586B00490049820B9FFE701208DF874
S31508001E60170046E3049890F83500022807D0FFE7E4
S31508001E7004998020486501208DF8170039E30498F5
S31508001E80016801201022C4F202029142029000F079
S31508001E90A380FFE70498016801202822C4F2020201
S31508001EA09142029000F09880FFE7049801680120AB
S31508001EB04022C4F202029142029000F08D80FFE7B0
S31508001EC00498016801205822C4F202029142029045
S31508001ED000F08280FFE70498016801207022C4F2AE
S31508001EE002029142029077D0FFE704980168012028
S31508001EF08822C4F20202914202906DD0FFE704984C
S31508001F0001680120A022C4F202029142029063D025
S31508001F10FFE7049801680120B822C4F20202914240
S31508001F20029059D0FFE704980168012040F2104258
S31508001F30C4F20202914202904ED0FFE7049801686B
S31508001F40012040F22842C4F202029142029043D094
S31508001F50FFE704980168012040F24042C4F20202F9
S31508001F609142029038D0FFE704980168012040F2B8
S31508001F705842C4F20202914202902DD0FFE704981B
S31508001F800168012040F27042C4F2020291420290B6
S31508001F9022D0FFE704980168012040F28842C4F283
S31508001FA002029142029017D0FFE7049801680120C7
S31508001FB040F2A042C4F20202914202900CD0FFE71E
S31508001FC0049800684FF64831CBF6FD710844B0FA1C
S31508001FD080F040090290FFE70298C007002800F049
S31508001FE09D80FFE70499042081F83500049800686D
S31508001FF01021C4F20201884200F08180FFE70498AC
S3150800200000682821C4F20201884278D0FFE70498C4
S3150800201000684021C4F20201884270D0FFE70498A4
S3150800202000685821C4F20201884268D0FFE7049884
S3150800203000687021C4F20201884260D0FFE7049864
S3150800204000688821C4F20201884258D0FFE7049844
S315080020500068A021C4F20201884250D0FFE7049824
S315080020600068B821C4F20201884248D0FFE7049804
S31508002070006840F21041C4F2020188423FD0FFE7EF
S315080020800498006840F22841C4F20201884236D01A
S31508002090FFE70498006840F24041C4F20201884212
S315080020A02DD0FFE70498006840F25841C4F20201B7
S315080020B0884224D0FFE70498006840F27041C4F2D1
S315080020C0020188421BD0FFE70498006840F2884165
S315080020D0C4F20201884212D0FFE70498006840F271
S315080020E0A041C4F20201884209D0FFE704980068BB
S315080020F040F2B841C4F20201884207D1FFE70498CA
S315080021000168086820F00100086006E00498016884
S31508002110086820F001000860FFE7E5E10498016817
S31508002120086820F00E000860049800681021C4F2C0
S315080021300201884200F08180FFE7049800682821A0
S31508002140C4F20201884278D0FFE70498006840216B
S31508002150C4F20201884270D0FFE70498006858214B
S31508002160C4F20201884268D0FFE70498006870212B
S31508002170C4F20201884260D0FFE70498006888210B
S31508002180C4F20201884258D0FFE704980068A021EB
S31508002190C4F20201884250D0FFE704980068B821CB
S315080021A0C4F20201884248D0FFE70498006840F26A
S315080021B01041C4F2020188423FD0FFE70498006844
S315080021C040F22841C4F20201884236D0FFE704985B
S315080021D0006840F24041C4F2020188422DD0FFE770
S315080021E00498006840F25841C4F20201884224D09B
S315080021F0FFE70498006840F27041C4F20201884281
S315080022001BD0FFE70498006840F28841C4F2020137
S31508002210884212D0FFE70498006840F2A041C4F251
S315080022200201884209D0FFE70498006840F2B841E5
S31508002230C4F20201884207D1FFE7049801680868DA
S3150800224020F00100086006E004980168086820F09C
S3150800225001000860FFE70498016801201022C4F213
S3150800226002029142019000F00381FFE70498016899
S3150800227001202822C4F202029142019000F0F8805F
S31508002280FFE70498016801204022C4F20202914245
S31508002290019000F0ED80FFE70498016801205822BC
S315080022A0C4F202029142019000F0E280FFE704982E
S315080022B0016801207022C4F202029142019000F0E6
S315080022C0D780FFE70498016801208822C4F2020239
S315080022D09142019000F0CC80FFE704980168012044
S315080022E0A022C4F202029142019000F0C180FFE7E9
S315080022F0049801680120B822C4F2020291420190B2
S3150800230000F0B680FFE704980168012040F2104209
S31508002310C4F202029142019000F0AA80FFE70498F5
S315080023200168012040F22842C4F20202914201905B
S3150800233000F09E80FFE704980168012040F24042C1
S31508002340C4F202029142019000F09280FFE70498DD
S315080023500168012040F25842C4F2020291420190FB
S3150800236000F08680FFE704980168012040F2704279
S31508002370C4F20202914201907AD0FFE704980168FC
S31508002380012040F28842C4F20202914201906FD0C5
S31508002390FFE704980168012040F2A042C4F2020255
S315080023A09142019064D0FFE704980168012040F249
S315080023B0B842C4F202029142019059D0FFE704984C
S315080023C00168012045F20842C5F6020291420190D1
S315080023D04ED0FFE704980168012045F21C42C5F675
S315080023E002029142019043D0FFE704980168012058
S315080023F045F23042C5F602029142019038D0FFE715
S3150800240004980168012045F24442C5F60202914249
S3150800241001902DD0FFE704980168012045F2584243
S31508002420C5F602029142019022D0FFE7049801689E
S31508002430012045F26C42C5F602029142019017D07E
S31508002440FFE704980168012045F28042C5F60202BA
S31508002450914201900CD0FFE7049800684AF66C3167
S31508002460CAF2FD710844B0FA80F040090190FFE70E
S315080024700198C00728B3FFE70498016E086820F49E
S31508002480807008600498806D03900498C06D00F011
S315080024901F0101208840039948600498416E806EA8
S315080024A048600498C06E58B1FFE70498C16E086882
S315080024B020F4807008600498016F406F4860FFE759
S315080024C0FFE70499012081F83500FFE70499002009
S315080024D081F83400FFE70498006D20B1FFE70498FF
S315080024E0016D8847FFE7FFE7FFE700208DF8170033
S315080024F0FFE79DF8170006B080BD00000000000049
S3150800250080B590B00F9000200B9040F20000C2F208
S315080025100040006848F2B511C1F64E31A0FB011023
S31508002520800A0A900F98806D09900F98806D089020
S31508002530099800680E90089800680D900F98016831
S3150800254001201022C4F202029142079000F0A380F3
S31508002550FFE70F98016801202822C4F2020291427F
S31508002560079000F09880FFE70F9801680120402245
S31508002570C4F202029142079000F08D80FFE70F989F
S31508002580016801205822C4F202029142079000F025
S315080025908280FFE70F98016801207022C4F20202C8
S315080025A09142079077D0FFE70F98016801208822AB
S315080025B0C4F20202914207906DD0FFE70F980168B6
S315080025C00120A022C4F202029142079063D0FFE7DD
S315080025D00F9801680120B822C4F2020291420790BE
S315080025E059D0FFE70F980168012040F21042C4F263
S315080025F00202914207904ED0FFE70F98016801202A
S3150800260040F22842C4F202029142079043D0FFE703
S315080026100F980168012040F24042C4F2020291423A
S31508002620079038D0FFE70F980168012040F258421A
S31508002630C4F20202914207902DD0FFE70F98016875
S31508002640012040F27042C4F202029142079022D061
S31508002650FFE70F980168012040F28842C4F202029F
S315080026609142079017D0FFE70F980168012040F2C2
S31508002670A042C4F20202914207900CD0FFE70F98DD
S3150800268000684FF64831CBF6FD710844B0FA80F081
S3150800269040090790FFE70798C007002800F0138550
S315080026A0FFE70E980F99C96D01F01F01C840000792
S315080026B0002840F1B080FFE70F9800681021C4F2A7
S315080026C00201884200F08180FFE70F980068282100
S315080026D0C4F20201884278D0FFE70F9800684021CB
S315080026E0C4F20201884270D0FFE70F9800685821AB
S315080026F0C4F20201884268D0FFE70F98006870218B
S31508002700C4F20201884260D0FFE70F98006888216A
S31508002710C4F20201884258D0FFE70F980068A0214A
S31508002720C4F20201884250D0FFE70F980068B8212A
S31508002730C4F20201884248D0FFE70F98006840F2C9
S315080027401041C4F2020188423FD0FFE70F980068A3
S3150800275040F22841C4F20201884236D0FFE70F98BA
S31508002760006840F24041C4F2020188422DD0FFE7DA
S315080027700F98006840F25841C4F20201884224D0FA
S31508002780FFE70F98006840F27041C4F202018842E0
S315080027901BD0FFE70F98006840F28841C4F2020197
S315080027A0884212D0FFE70F98006840F2A041C4F2B1
S315080027B00201884209D0FFE70F98006840F2B84145
S315080027C0C4F20201884207D1FFE70F980068006843
S315080027D000F00400069006E00F980068006800F014
S315080027E008000690FFE70698A0B1FFE70F98016872
S315080027F0086820F0040008600F98C06D00F01F01FB
S3150800280008208840099988600F99486D40F00100B2
S315080028104865FFE7FFE70E980F99C96D01F01F019C
S31508002820C840C007002800F0A980FFE70F98006895
S315080028301021C4F20201884200F08180FFE70F9858
S3150800284000682821C4F20201884278D0FFE70F9871
S3150800285000684021C4F20201884270D0FFE70F9851
S3150800286000685821C4F20201884268D0FFE70F9831
S3150800287000687021C4F20201884260D0FFE70F9811
S3150800288000688821C4F20201884258D0FFE70F98F1
S315080028900068A021C4F20201884250D0FFE70F98D1
S315080028A00068B821C4F20201884248D0FFE70F98B1
S315080028B0006840F21041C4F2020188423FD0FFE7A7
S315080028C00F98006840F22841C4F20201884236D0C7
S315080028D0FFE70F98006840F24041C4F202018842BF
S315080028E02DD0FFE70F98006840F25841C4F2020164
S315080028F0884224D0FFE70F98006840F27041C4F27E
S31508002900020188421BD0FFE70F98006840F2884111
S31508002910C4F20201884212D0FFE70F98006840F21D
S31508002920A041C4F20201884209D0FFE70F98006867
S3150800293040F2B841C4F20201884207D1FFE70F9876
S315080029400068406900F08000059005E00F9800686F
S31508002950006800200590FFE7059870B1FFE70F981B
S31508002960C06D00F01F0101208840099988600F9901
S31508002970486D40F002004865FFE7FFE70E980F999B
S31508002980C96D01F01F01C8404007002840F1A98021
S31508002990FFE70F9800681021C4F20201884200F090
S315080029A08180FFE70F9800682821C4F20201884257
S315080029B078D0FFE70F9800684021C4F202018842E8
S315080029C070D0FFE70F9800685821C4F202018842C8
S315080029D068D0FFE70F9800687021C4F202018842A8
S315080029E060D0FFE70F9800688821C4F20201884288
S315080029F058D0FFE70F980068A021C4F20201884268
S31508002A0050D0FFE70F980068B821C4F20201884247
S31508002A1048D0FFE70F98006840F21041C4F202015F
S31508002A2088423FD0FFE70F98006840F22841C4F279
S31508002A300201884236D0FFE70F98006840F240410D
S31508002A40C4F2020188422DD0FFE70F98006840F2D1
S31508002A505841C4F20201884224D0FFE70F98006863
S31508002A6040F27041C4F2020188421BD0FFE70F987A
S31508002A70006840F28841C4F20201884212D0FFE79A
S31508002A800F98006840F2A041C4F20201884209D0BA
S31508002A90FFE70F98006840F2B841C4F20201884285
S31508002AA007D1FFE70F980068006800F0020004905D
S31508002AB005E00F980068006800200490FFE7049876
S31508002AC070B1FFE70F98C06D00F01F010420884021
S31508002AD0099988600F99486D40F004004865FFE73A
S31508002AE0FFE70E980F99C96D01F01F01C840C0068F
S31508002AF0002840F1DE80FFE70F9800681021C4F235
S31508002B000201884200F08180FFE70F9800682821BB
S31508002B10C4F20201884278D0FFE70F980068402186
S31508002B20C4F20201884270D0FFE70F980068582166
S31508002B30C4F20201884268D0FFE70F980068702146
S31508002B40C4F20201884260D0FFE70F980068882126
S31508002B50C4F20201884258D0FFE70F980068A02106
S31508002B60C4F20201884250D0FFE70F980068B821E6
S31508002B70C4F20201884248D0FFE70F98006840F285
S31508002B801041C4F2020188423FD0FFE70F9800685F
S31508002B9040F22841C4F20201884236D0FFE70F9876
S31508002BA0006840F24041C4F2020188422DD0FFE796
S31508002BB00F98006840F25841C4F20201884224D0B6
S31508002BC0FFE70F98006840F27041C4F2020188429C
S31508002BD01BD0FFE70F98006840F28841C4F2020153
S31508002BE0884212D0FFE70F98006840F2A041C4F26D
S31508002BF00201884209D0FFE70F98006840F2B84101
S31508002C00C4F20201884207D1FFE70F9800680068FE
S31508002C1000F00800039006E00F980068006800F0CE
S31508002C2004000390FFE70398002841D0FFE70F98B8
S31508002C30C06D00F01F0110208840099988600F9820
S31508002C4000680068400300281AD5FFE70F98006857
S31508002C5000680003002809D4FFE70F98006C20B12C
S31508002C60FFE70F98016C8847FFE708E00F98806C2C
S31508002C7020B1FFE70F98816C8847FFE7FFE716E06A
S31508002C800F9800680068C005002807D4FFE70F986A
S31508002C900168086820F008000860FFE70F98006CD4
S31508002CA020B1FFE70F98016C8847FFE7FFE7FFE7CA
S31508002CB0FFE70E980F99C96D01F01F01C8408006FD
S31508002CC0002840F12681FFE70F9800681021C4F21A
S31508002CD00201884200F08180FFE70F9800682821EA
S31508002CE0C4F20201884278D0FFE70F9800684021B5
S31508002CF0C4F20201884270D0FFE70F980068582195
S31508002D00C4F20201884268D0FFE70F980068702174
S31508002D10C4F20201884260D0FFE70F980068882154
S31508002D20C4F20201884258D0FFE70F980068A02134
S31508002D30C4F20201884250D0FFE70F980068B82114
S31508002D40C4F20201884248D0FFE70F98006840F2B3
S31508002D501041C4F2020188423FD0FFE70F9800688D
S31508002D6040F22841C4F20201884236D0FFE70F98A4
S31508002D70006840F24041C4F2020188422DD0FFE7C4
S31508002D800F98006840F25841C4F20201884224D0E4
S31508002D90FFE70F98006840F27041C4F202018842CA
S31508002DA01BD0FFE70F98006840F28841C4F2020181
S31508002DB0884212D0FFE70F98006840F2A041C4F29B
S31508002DC00201884209D0FFE70F98006840F2B8412F
S31508002DD0C4F20201884207D1FFE70F98006800682D
S31508002DE000F01000029006E00F980068006800F0F6
S31508002DF002000290FFE70298002800F08980FFE7AA
S31508002E000F98C06D00F01F0120208840099988603E
S31508002E100F9890F83500042837D1FFE70F98016816
S31508002E20086820F0160008600F980168486920F0C5
S31508002E30800048610F98006C20B9FFE70F98806CF6
S31508002E4038B1FFE70F980168086820F008000860A5
S31508002E50FFE70F98C06D00F01F013F2088400999D1
S31508002E6088600F99012081F83500FFE70F99002047
S31508002E7081F83400FFE70F98006D20B1FFE70F983F
S31508002E80016D8847FFE700F019BC0F9800680068D5
S31508002E90400300281AD5FFE70F980068006800036A
S31508002EA0002809D4FFE70F98406C20B1FFE70F9878
S31508002EB0416C8847FFE708E00F98C06B20B1FFE731
S31508002EC00F98C16B8847FFE7FFE720E00F98006877
S31508002ED00068C005002811D4FFE70F980168086844
S31508002EE020F0100008600F99012081F83500FFE7EF
S31508002EF00F99002081F83400FFE7FFE70F98C06BB1
S31508002F0020B1FFE70F98C16B8847FFE7FFE7FFE7A8
S31508002F10FFE70F98406D002800F0D480FFE70F9870
S31508002F20406DC007002800F0C480FFE70F99042011
S31508002F3081F835000F9800681021C4F20201884212
S31508002F4000F08180FFE70F9800682821C4F202018B
S31508002F50884278D0FFE70F9800684021C4F2020142
S31508002F60884270D0FFE70F9800685821C4F2020122
S31508002F70884268D0FFE70F9800687021C4F2020102
S31508002F80884260D0FFE70F9800688821C4F20201E2
S31508002F90884258D0FFE70F980068A021C4F20201C2
S31508002FA0884250D0FFE70F980068B821C4F20201A2
S31508002FB0884248D0FFE70F98006840F21041C4F2F3
S31508002FC0020188423FD0FFE70F98006840F2284187
S31508002FD0C4F20201884236D0FFE70F98006840F233
S31508002FE04041C4F2020188422DD0FFE70F980068DD
S31508002FF040F25841C4F20201884224D0FFE70F98F4
S31508003000006840F27041C4F2020188421BD0FFE713
S315080030100F98006840F28841C4F20201884212D033
S31508003020FFE70F98006840F2A041C4F20201884207
S3150800303009D0FFE70F98006840F2B841C4F20201D0
S31508003040884207D1FFE70F980168086820F0010059
S31508003050086006E00F980168086820F0010008601B
S31508003060FFE7FFE70B9801300B900A99884201D9D0
S31508003070FFE707E0FFE70F9800680068C007002829
S31508003080F0D1FFE70F9800680068C00728B1FFE78E
S315080030900F99032081F8350004E00F99012081F883
S315080030A03500FFE7FFE70F99002081F83400FFE7B6
S315080030B0FFE70F98C06C20B1FFE70F98C16C8847EF
S315080030C0FFE7FFE7FAE20F980168012045F2084298
S315080030D0C5F60202914201904ED0FFE70F980168AB
S315080030E0012045F21C42C5F602029142019043D0E6
S315080030F0FFE70F980168012045F23042C5F6020243
S315080031009142019038D0FFE70F980168012045F2F7
S315080031104442C5F60202914201902DD0FFE70F986E
S315080031200168012045F25842C5F602029142019013
S3150800313022D0FFE70F980168012045F26C42C5F6D8
S3150800314002029142019017D0FFE70F98016801200B
S3150800315045F28042C5F60202914201900CD0FFE783
S315080031600F9800684AF66C31CAF2FD710844B0FA45
S3150800317080F040090190FFE70198C007002800F099
S315080031809B82FFE70F98006800680C900D980F99CE
S31508003190C96D01F01F01C8404007002840F1D780DB
S315080031A0FFE79DF830004007002840F1D080FFE790
S315080031B00F98C06D00F01F010420884008994860E8
S315080031C09DF831000006002818D5FFE79DF8320063
S315080031D0C00748B9FFE70F98806C20B1FFE70F9842
S315080031E0816C8847FFE708E00F98006C20B1FFE77D
S315080031F00F98016C8847FFE7FFE7A7E09DF83000C6
S315080032008006002800F19980FFE70F9800681021D2
S31508003210C4F20201884200F08180FFE70F98006837
S315080032202821C4F20201884278D0FFE70F98006887
S315080032304021C4F20201884270D0FFE70F98006867
S315080032405821C4F20201884268D0FFE70F98006847
S315080032507021C4F20201884260D0FFE70F98006827
S315080032608821C4F20201884258D0FFE70F98006807
S31508003270A021C4F20201884250D0FFE70F980068E7
S31508003280B821C4F20201884248D0FFE70F980068C7
S3150800329040F21041C4F2020188423FD0FFE70F987E
S315080032A0006840F22841C4F20201884236D0FFE79E
S315080032B00F98006840F24041C4F2020188422DD0BE
S315080032C0FFE70F98006840F25841C4F202018842AD
S315080032D024D0FFE70F98006840F27041C4F202015B
S315080032E088421BD0FFE70F98006840F28841C4F275
S315080032F00201884212D0FFE70F98006840F2A04109
S31508003300C4F20201884209D0FFE70F98006840F22C
S31508003310B841C4F20201884207D1FFE70F98016855
S31508003320086820F00800086006E00F980168086839
S3150800333020F004000860FFE7FFE70F98006C20B153
S31508003340FFE70F98016C8847FFE7FFE7B3E10D98A1
S315080033500F99C96D01F01F01C8408007002840F188
S31508003360E180FFE79DF830008007002840F1DA8009
S31508003370FFE70F98C06D00F01F01022088400899EA
S3150800338048609DF831000006002818D5FFE79DF82B
S315080033903200C00748B9FFE70F98406C20B1FFE735
S315080033A00F98416C8847FFE708E00F98C06B20B17B
S315080033B0FFE70F98C16B8847FFE7FFE7B1E09DF885
S315080033C030008006002800F1A380FFE70F98006808
S315080033D01021C4F20201884200F08180FFE70F98AD
S315080033E000682821C4F20201884278D0FFE70F98C6
S315080033F000684021C4F20201884270D0FFE70F98A6
S3150800340000685821C4F20201884268D0FFE70F9885
S3150800341000687021C4F20201884260D0FFE70F9865
S3150800342000688821C4F20201884258D0FFE70F9845
S315080034300068A021C4F20201884250D0FFE70F9825
S315080034400068B821C4F20201884248D0FFE70F9805
S31508003450006840F21041C4F2020188423FD0FFE7FB
S315080034600F98006840F22841C4F20201884236D01B
S31508003470FFE70F98006840F24041C4F20201884213
S315080034802DD0FFE70F98006840F25841C4F20201B8
S31508003490884224D0FFE70F98006840F27041C4F2D2
S315080034A0020188421BD0FFE70F98006840F2884166
S315080034B0C4F20201884212D0FFE70F98006840F272
S315080034C0A041C4F20201884209D0FFE70F980068BC
S315080034D040F2B841C4F20201884207D1FFE70F98CB
S315080034E00168086820F01400086006E00F98016873
S315080034F0086820F00A000860FFE70F99012081F8A4
S315080035003500FFE70F99002081F83400FFE7FFE751
S315080035100F98C06B20B1FFE70F98C16B8847FFE78C
S31508003520FFE7C7E00D980F99C96D01F01F01C84064
S315080035300007002840F1BC80FFE79DF8300000072F
S31508003540002840F1B580FFE70F9800681021C4F203
S315080035500201884200F08180FFE70F980068282161
S31508003560C4F20201884278D0FFE70F98006840212C
S31508003570C4F20201884270D0FFE70F98006858210C
S31508003580C4F20201884268D0FFE70F9800687021EC
S31508003590C4F20201884260D0FFE70F9800688821CC
S315080035A0C4F20201884258D0FFE70F980068A021AC
S315080035B0C4F20201884250D0FFE70F980068B8218C
S315080035C0C4F20201884248D0FFE70F98006840F22B
S315080035D01041C4F2020188423FD0FFE70F98006805
S315080035E040F22841C4F20201884236D0FFE70F981C
S315080035F0006840F24041C4F2020188422DD0FFE73C
S315080036000F98006840F25841C4F20201884224D05B
S31508003610FFE70F98006840F27041C4F20201884241
S315080036201BD0FFE70F98006840F28841C4F20201F8
S31508003630884212D0FFE70F98006840F2A041C4F212
S315080036400201884209D0FFE70F98006840F2B841A6
S31508003650C4F20201884207D1FFE70F98016808689B
S3150800366020F01C00086006E00F980168086820F042
S315080036700E000860FFE70F98C06D00F01F010120DB
S3150800368000FA01F1089A51600F9948650F9981F877
S315080036903500FFE70F99002081F83400FFE70F98FF
S315080036A0C06C20B1FFE70F98C16C8847FFE700E0C0
S315080036B0FFE7FFE7FFE700E0FFE7FFE710B080BDA1
S315080036C010B58EB00C9002F0C7FD0A900C9828B978
S315080036D0FFE701208DF8370000F09EBC0C980168C2
S315080036E001201022C4F202029142079000F0A38042
S315080036F0FFE70C98016801202822C4F202029142D1
S31508003700079000F09880FFE70C9801680120402296
S31508003710C4F202029142079000F08D80FFE70C98F0
S31508003720016801205822C4F202029142079000F073
S315080037308280FFE70C98016801207022C4F2020219
S315080037409142079077D0FFE70C98016801208822FC
S31508003750C4F20202914207906DD0FFE70C98016807
S315080037600120A022C4F202029142079063D0FFE72B
S315080037700C9801680120B822C4F20202914207900F
S3150800378059D0FFE70C980168012040F21042C4F2B4
S315080037900202914207904ED0FFE70C98016801207B
S315080037A040F22842C4F202029142079043D0FFE752
S315080037B00C980168012040F24042C4F2020291428C
S315080037C0079038D0FFE70C980168012040F258426C
S315080037D0C4F20202914207902DD0FFE70C980168C7
S315080037E0012040F27042C4F202029142079022D0B0
S315080037F0FFE70C980168012040F28842C4F20202F1
S315080038009142079017D0FFE70C980168012040F213
S31508003810A042C4F20202914207900CD0FFE70C982E
S3150800382000684FF64831CBF6FD710844B0FA80F0CF
S3150800383040090790FFE70798C007002800F078813D
S31508003840FFE70C98406A08B1FFE7FFE70C990220EA
S3150800385081F83500FFE70C99002081F83400FFE76E
S315080038600C9800681021C4F20201884200F0818099
S31508003870FFE70C9800682821C4F20201884278D034
S31508003880FFE70C9800684021C4F20201884270D014
S31508003890FFE70C9800685821C4F20201884268D0F4
S315080038A0FFE70C9800687021C4F20201884260D0D4
S315080038B0FFE70C9800688821C4F20201884258D0B4
S315080038C0FFE70C980068A021C4F20201884250D094
S315080038D0FFE70C980068B821C4F20201884248D074
S315080038E0FFE70C98006840F21041C4F202018842D2
S315080038F03FD0FFE70C98006840F22841C4F2020165
S31508003900884236D0FFE70C98006840F24041C4F27E
S31508003910020188422DD0FFE70C98006840F2584112
S31508003920C4F20201884224D0FFE70C98006840F2EE
S315080039307041C4F2020188421BD0FFE70C98006868
S3150800394040F28841C4F20201884212D0FFE70C987F
S31508003950006840F2A041C4F20201884209D0FFE79C
S315080039600C98006840F2B841C4F20201884207D1B7
S31508003970FFE70C980168086820F00100086006E077
S315080039800C980168086820F001000860FFE7FFE767
S315080039900C9800680068C00798B1FFE702F05CFC65
S315080039A00A99401A06280BD3FFE70C992020486588
S315080039B00C99032081F8350001208DF837002BE398
S315080039C0E6E70C98006800680B900B9848F23F01F0
S315080039D0CFF6106108400B900C998868D1F80CC096
S315080039E00B694A6940EA0C00184310438A69104378
S315080039F0CA691043096A01430B9808430B900C984F
S31508003A00406A042808D1FFE70C99C86A096B014384
S31508003A100B9808430B90FFE70C984068292807D3B2
S31508003A20FFE70C98416801202F29069036D3FFE757
S31508003A300C9840683F2807D3FFE70C984168012097
S31508003A40432906902AD3FFE70C984068472807D3EE
S31508003A50FFE70C9841680120492906901ED3FFE725
S31508003A600C9840684F2807D3FFE70C984168012057
S31508003A705329069012D3FFE70C9841680020742951
S31508003A80059008D3FFE70C9841680020782938BFCD
S31508003A9001200590FFE705980690FFE70698C007FE
S31508003AA028B1FFE70B9840F480100B90FFE70B98BE
S31508003AB00C99096808600C98006840690B900B9887
S31508003AC020F007000B900C98416A0B9808430B905E
S31508003AD00C98406A04281AD1FFE70C98816A0B985B
S31508003AE008430B900C98C06A80B1FFE70C98FCF766
S31508003AF0F7FF50B1FFE70C99402048650C99012063
S31508003B0081F835008DF8370086E2FFE7FFE70B9866
S31508003B100C99096848610C98FCF7A6FD09900C9861
S31508003B20C06D00F01F013F2088400999886026E192
S31508003B300C980168012045F20842C5F60202914236
S31508003B4004904ED0FFE70C980168012045F21C420C
S31508003B50C5F602029142049043D0FFE70C9801682B
S31508003B60012045F23042C5F602029142049038D04F
S31508003B70FFE70C980168012045F24442C5F60202A7
S31508003B80914204902DD0FFE70C980168012045F278
S31508003B905842C5F602029142049022D0FFE70C98DB
S31508003BA00168012045F26C42C5F602029142049072
S31508003BB017D0FFE70C980168012045F28042C5F648
S31508003BC00202914204900CD0FFE70C9800684AF66E
S31508003BD06C31CAF2FD710844B0FA80F040090490CD
S31508003BE0FFE70498C007002800F0BD80FFE70C989F
S31508003BF00168012045F20842C5F602029142039087
S31508003C004ED0FFE70C980168012045F21C42C5F624
S31508003C1002029142039043D0FFE70C980168012005
S31508003C2045F23042C5F602029142039038D0FFE7CA
S31508003C300C980168012045F24442C5F602029142F9
S31508003C4003902DD0FFE70C980168012045F25842F1
S31508003C50C5F602029142039022D0FFE70C9801684C
S31508003C60012045F26C42C5F602029142039017D034
S31508003C70FFE70C980168012045F28042C5F602026A
S31508003C80914203900CD0FFE70C9800684AF66C3115
S31508003C90CAF2FD710844B0FA80F040090390FFE7C4
S31508003CA00398C00708B1FFE7FFE70C99022081F8DF
S31508003CB03500FFE70C99002081F83400FFE70C98DF
S31508003CC0006800680B900B986FF310100B900C9817
S31508003CD08068402803D1FFE71020029008E00C987E
S31508003CE080688038B0FA80F0400980030290FFE7C8
S31508003CF002980C99CA680B69D1F814C0D1F818E073
S31508003D00CC694EEA040E4CEA0E0C43EA0C031A433D
S31508003D1040EAD200096A40EA11110B9808430B9051
S31508003D200B980C99096808600C9908684AF6F832E5
S31508003D30CAF2FD7210444CF6CD42CCF6CC42A0FB3A
S31508003D4002026FF0030000EA9200C8650C98FCF7BF
S31508003D508BFC08900C98C06D00F01F01012088406C
S31508003D60089948600AE00C99402048650C99032098
S31508003D7081F8350001208DF837004DE1FFE70C98F2
S31508003D80016801201022C4F202029142019000F05B
S31508003D900381FFE70C98016801202822C4F2020279
S31508003DA09142019000F0F880FFE70C980168012025
S31508003DB04022C4F202029142019000F0ED80FFE732
S31508003DC00C98016801205822C4F20202914201901F
S31508003DD000F0E280FFE70C98016801207022C4F227
S31508003DE002029142019000F0D780FFE70C98016823
S31508003DF001208822C4F202029142019000F0CC8090
S31508003E00FFE70C9801680120A022C4F20202914241
S31508003E10019000F0C180FFE70C9801680120B822E4
S31508003E20C4F202029142019000F0B680FFE70C98B6
S31508003E300168012040F21042C4F202029142019048
S31508003E4000F0AA80FFE70C980168012040F228429A
S31508003E50C4F202029142019000F09E80FFE70C989E
S31508003E600168012040F24042C4F2020291420190E8
S31508003E7000F09280FFE70C980168012040F2584252
S31508003E80C4F202029142019000F08680FFE70C9886
S31508003E900168012040F27042C4F202029142019088
S31508003EA07AD0FFE70C980168012040F28842C4F2F4
S31508003EB00202914201906FD0FFE70C980168012039
S31508003EC040F2A042C4F202029142019064D0FFE798
S31508003ED00C980168012040F2B842C4F202029142ED
S31508003EE0019059D0FFE70C980168012045F2084275
S31508003EF0C5F60202914201904ED0FFE70C98016880
S31508003F00012045F21C42C5F602029142019043D0B7
S31508003F10FFE70C980168012045F23042C5F6020217
S31508003F209142019038D0FFE70C980168012045F2CC
S31508003F304442C5F60202914201902DD0FFE70C9843
S31508003F400168012045F25842C5F6020291420190E5
S31508003F5022D0FFE70C980168012045F26C42C5F6AD
S31508003F6002029142019017D0FFE70C9801680120E0
S31508003F7045F28042C5F60202914201900CD0FFE755
S31508003F800C9800684AF66C31CAF2FD710844B0FA1A
S31508003F9080F040090190FFE70198C00790B3FFE75A
S31508003FA00C98FCF749FC0C988068802804D1FFE738
S31508003FB00C9900204860FFE70C990879096E08609B
S31508003FC00C98416E806E48600C98406888B1FFE78F
S31508003FD00C98406808280CD8FFE70C98FCF7E8FC12
S31508003FE00C98C16E002008600C98016F406F4860FD
S31508003FF007E00C990020C8660C9908670C99486771
S31508004000FFE7FFE70C99002048650C9A012182F822
S3150800401035108DF83700FFE79DF837000EB010BD54
S3150800402080B588B0069005910492039300208DF818
S315080040300B00069820B9FFE701208DF81F006CE3F6
S31508004040FFE7069890F83400012804D1FFE702201C
S315080040508DF81F0061E30699012081F83400FFE717
S31508004060FFE7069890F83500012840F04383FFE7FC
S315080040700699022081F835000699002048650698B9
S3150800408000681021C4F20201884200F08180FFE72F
S31508004090069800682821C4F20201884278D0FFE712
S315080040A0069800684021C4F20201884270D0FFE7F2
S315080040B0069800685821C4F20201884268D0FFE7D2
S315080040C0069800687021C4F20201884260D0FFE7B2
S315080040D0069800688821C4F20201884258D0FFE792
S315080040E006980068A021C4F20201884250D0FFE772
S315080040F006980068B821C4F20201884248D0FFE752
S315080041000698006840F21041C4F2020188423FD086
S31508004110FFE70698006840F22841C4F20201884287
S3150800412036D0FFE70698006840F24041C4F2020123
S3150800413088422DD0FFE70698006840F25841C4F23D
S315080041400201884224D0FFE70698006840F27041D1
S31508004150C4F2020188421BD0FFE70698006840F2C5
S315080041608841C4F20201884212D0FFE70698006827
S3150800417040F2A041C4F20201884209D0FFE706983E
S31508004180006840F2B841C4F20201884207D1FFE74D
S3150800419006980168086820F00100086006E006989D
S315080041A00168086820F001000860FFE7069805998D
S315080041B0049A039BFCF70CFD06980168012010225F
S315080041C0C4F202029142019000F0A380FFE706982C
S315080041D0016801202822C4F202029142019000F0EF
S315080041E09880FFE70698016801204022C4F202027F
S315080041F09142019000F08D80FFE706980168012042
S315080042005822C4F202029142019000F08280FFE730
S315080042100698016801207022C4F2020291420190B8
S3150800422077D0FFE70698016801208822C4F20202C7
S31508004230914201906DD0FFE7069801680120A022FF
S31508004240C4F202029142019063D0FFE70698016822
S315080042500120B822C4F202029142019059D0FFE728
S3150800426006980168012040F21042C4F20202914207
S3150800427001904ED0FFE706980168012040F22842D7
S31508004280C4F202029142019043D0FFE70698016802
S31508004290012040F24042C4F202029142019038D015
S315080042A0FFE706980168012040F25842C4F202026C
S315080042B0914201902DD0FFE706980168012040F24F
S315080042C07042C4F202029142019022D0FFE706989A
S315080042D00168012040F28842C4F20202914201902C
S315080042E017D0FFE706980168012040F2A042C4F201
S315080042F00202914201900CD0FFE7069800684FF63B
S315080043004831CBF6FD710844B0FA80F040090190B7
S31508004310FFE70198C007A8B1FFE70698006800689C
S315080043200B2161F344000699096808600698006C39
S3150800433038B1FFE706980168086840F00800086089
S31508004340FFE714E0069800680068052161F343005A
S315080043500699096808600698006C38B1FFE7069860
S315080043600168086840F004000860FFE7FFE7069860
S31508004370016801201022C4F202029142009000F066
S315080043800381FFE70698016801202822C4F2020289
S315080043909142009000F0F880FFE706980168012036
S315080043A04022C4F202029142009000F0ED80FFE73D
S315080043B00698016801205822C4F202029142009030
S315080043C000F0E280FFE70698016801207022C4F237
S315080043D002029142009000F0D780FFE70698016834
S315080043E001208822C4F202029142009000F0CC809B
S315080043F0FFE7069801680120A022C4F20202914252
S31508004400009000F0C180FFE7069801680120B822F5
S31508004410C4F202029142009000F0B680FFE70698C7
S315080044200168012040F21042C4F202029142009053
S3150800443000F0AA80FFE706980168012040F22842AA
S31508004440C4F202029142009000F09E80FFE70698AF
S315080044500168012040F24042C4F2020291420090F3
S3150800446000F09280FFE706980168012040F2584262
S31508004470C4F202029142009000F08680FFE7069897
S315080044800168012040F27042C4F202029142009093
S315080044907AD0FFE706980168012040F28842C4F204
S315080044A00202914200906FD0FFE70698016801204A
S315080044B040F2A042C4F202029142009064D0FFE7A3
S315080044C006980168012040F2B842C4F202029142FD
S315080044D0009059D0FFE706980168012045F2084286
S315080044E0C5F60202914200904ED0FFE70698016891
S315080044F0012045F21C42C5F602029142009043D0C3
S31508004500FFE706980168012045F23042C5F6020227
S315080045109142009038D0FFE706980168012045F2DD
S315080045204442C5F60202914200902DD0FFE7069854
S315080045300168012045F25842C5F6020291420090F0
S3150800454022D0FFE706980168012045F26C42C5F6BD
S3150800455002029142009017D0FFE7069801680120F1
S3150800456045F28042C5F60202914200900CD0FFE760
S31508004570069800684AF66C31CAF2FD710844B0FA2A
S3150800458080F040090090FFE70098C007D0B1FFE728
S315080045900698006E0068C003002807D5FFE706984E
S315080045A0016E086840F480700860FFE70698C06EE0
S315080045B038B1FFE70698C16E086840F48070086055
S315080045C0FFE7FFE7069800681021C4F20201884257
S315080045D000F08180FFE7069800682821C4F20201EE
S315080045E0884278D0FFE7069800684021C4F20201A5
S315080045F0884270D0FFE7069800685821C4F2020185
S31508004600884268D0FFE7069800687021C4F2020164
S31508004610884260D0FFE7069800688821C4F2020144
S31508004620884258D0FFE706980068A021C4F2020124
S31508004630884250D0FFE706980068B821C4F2020104
S31508004640884248D0FFE70698006840F21041C4F255
S31508004650020188423FD0FFE70698006840F22841E9
S31508004660C4F20201884236D0FFE70698006840F295
S315080046704041C4F2020188422DD0FFE7069800683F
S3150800468040F25841C4F20201884224D0FFE7069856
S31508004690006840F27041C4F2020188421BD0FFE76D
S315080046A00698006840F28841C4F20201884212D096
S315080046B0FFE70698006840F2A041C4F2020188426A
S315080046C009D0FFE70698006840F2B841C4F2020133
S315080046D0884207D1FFE706980168086840F001009C
S315080046E0086006E006980168086840F0010008605E
S315080046F0FFE70DE006994FF400604865FFE7069965
S31508004700002081F83400FFE701208DF80B00FFE751
S315080047109DF80B008DF81F00FFE79DF81F0008B0F5
S3150800472080BD00000000000085B003900291019250
S31508004730039890F898008DF803009DF80300012867
S3150800474005D0FFE79DF8030002285DD1FFE7029830
S3150800475003990968896D084207D1FFE7039801683C
S31508004760C86D40F00100C86515E00298039909680C
S31508004770896D08400299884207D1FFE703980168C6
S31508004780C86D40F00200C86504E00398016803207C
S31508004790C865FFE7FFE79DF809008007002809D5E7
S315080047A0FFE7019A03980168D1F8E0001043C1F8C1
S315080047B0E000FFE79DF809004007002809D5FFE754
S315080047C0019A03980168D1F8E4001043C1F8E4009F
S315080047D0FFE7FFE702984FF6FF71C3F6CF7100EACD
S315080047E0010203980168486D10434865029A4AF623
S315080047F01401C4F20001086840EA92700860FFE7F5
S3150800480000208DF813000AE00399D1F89C0040F0C7
S315080048100200C1F89C0001208DF81300FFE79DF8FF
S31508004820130005B07047000080B586B00490039168
S3150800483002920398406808B9FFE700E0FFE704988A
S3150800484090F89800022845D1FFE704980068D0F848
S31508004850C00010F07C5F0BD1FFE70499D1F89C00EB
S3150800486040F02000C1F89C0001208DF817003CE0BC
S3150800487004980068D0F8C400800200280BD5FFE72A
S315080048800499D1F89C0040F40070C1F89C000120FE
S315080048908DF8170029E004980068D0F8C400C0F322
S315080048A00440019004980399029A019BFCF7B8FD0D
S315080048B00199012000FA01F1049A1268C2F8D01091
S315080048C0019988400499C1F89400FFE700208DF803
S315080048D017000AE00499D1F89C0040F00800C1F8D6
S315080048E09C0001208DF81700FFE79DF8170006B019
S315080048F080BD00000000000082B00190009102B067
S31508004900704700000000000087B0059004910598E4
S3150800491090F898008DF803009DF80300012805D04B
S31508004920FFE79DF8030002286AD1FFE70498C068EC
S31508004930072801D1FFE7FFE70498006878BBFFE77F
S315080049400498C068072801D0FFE7FFE70498C06805
S3150800495007280CD1FFE7049A10699169D269000407
S3150800496040EA0220084340F0605003900CE00499A6
S315080049708868CB680A694969800740EAC36040EAE3
S31508004980024008430390FFE70598C06E04994968FA
S3150800499000EB810001900398019908602CE00498C7
S315080049A0C068072801D0FFE7FFE70498C1680069D7
S315080049B040EA417003900498C068072804D1FFE7CD
S315080049C004988069029006E004988168406940EA84
S315080049D081700290FFE70598006F0499496800EB1B
S315080049E0C10001900398019908600198043001906C
S315080049F0029801990860FFE700208DF81B000AE07D
S31508004A000599D1F89C0040F00200C1F89C000120ED
S31508004A108DF81B00FFE79DF81B0007B070470000E4
S31508004A2085B0DDF814C003900291019200930398B3
S31508004A3090F89800012812D1FFE702980001019921
S31508004A4040EA8100009940EA410005990843039924
S31508004A500968C1F8800000208DF813000AE0039960
S31508004A60D1F89C0040F00400C1F89C0001208DF8A4
S31508004A701300FFE79DF8130005B07047000000001B
S31508004A8081B0009001B0704782B00190009102B0E9
S31508004A9070470000000000008AB00890079106924F
S31508004AA0059300200190089890F898008DF8030067
S31508004AB09DF80300022840F05C81FFE7079840282C
S31508004AC051D1FFE708980068D0F8A00010F4FE0F4F
S31508004AD00BD1FFE70899D1F89C0040F02000C1F8F7
S31508004AE09C0001208DF827004EE108980068D0F850
S31508004AF0A400400658B9FFE70899D1F89C0040F48D
S31508004B008070C1F89C0001208DF827003CE10898C8
S31508004B100068D0F8A40000F080710120B0EB116F96
S31508004B200DD1FFE708980068D0F8A0100120B0EB77
S31508004B30D17F03D1FFE701200190FFE7FFE708983F
S31508004B400068D0F8A40000F47C51019800EB11200D
S31508004B5001900898426C406F0199514300EB81001F
S31508004B600490FFE770E00798412851D1FFE70898BD
S31508004B700068D0F8B00010F4FE0F0BD1FFE70899D3
S31508004B80D1F89C0040F02000C1F89C0001208DF867
S31508004B902700F9E008980068D0F8B400400658B92C
S31508004BA0FFE70899D1F89C0040F48070C1F89C0092
S31508004BB001208DF82700E7E008980068D0F8B400CF
S31508004BC000F080710120B0EB116F0DD1FFE7089856
S31508004BD00068D0F8B0100120B0EBD17F03D1FFE711
S31508004BE001200190FFE7FFE708980068D0F8B400B5
S31508004BF000F47C51019800EB112001900898C26CD2
S31508004C00806F0199514300EB81000490FFE71AE099
S31508004C1007980899096D88420BD3FFE70899D1F8D8
S31508004C209C0040F02000C1F89C0001208DF8270068
S31508004C30AAE00898426DC06F0799514300EB8100BE
S31508004C400490FFE7FFE7FFE70498006800F080405C
S31508004C50069948600698406838B9FFE704980068DE
S31508004C60C0F38A400699086006E00498006820F0B8
S31508004C70604006990860FFE70498006800F0005055
S31508004C80069988600498006800F000400699086153
S31508004C90049804300490049800880699C86104981A
S31508004CA00068C0F303400699C8600498006800F4D9
S31508004CB08010069948610498006800F40010069967
S31508004CC0886104980068C0F306600699086204982B
S31508004CD00068C00F06994862049804300490049846
S31508004CE0039000200290FFE702980699CA6842F6E8
S31508004CF0F811C0F60101895C88420AD2FFE70398D9
S31508004D00029A805C05998854FFE702980130029060
S31508004D10EAE70798402806D1FFE701980899096845
S31508004D20C1F8A80021E00798412806D1FFE70198B5
S31508004D3008990968C1F8B80016E007981F2808D826
S31508004D40FFE707990120884008990968C1F8980083
S31508004D5009E0079800F01F010120884008990968B2
S31508004D60C1F89C00FFE7FFE7FFE700208DF8270062
S31508004D700AE00899D1F89C0040F00800C1F89C00A8
S31508004D8001208DF82700FFE79DF827000AB0704735
S31508004D9081B0009001B0704780B594B013904AF680
S31508004DA01000C4F200000068800712904AF614004A
S31508004DB0C4F200000168129800EA817012901398F4
S31508004DC00068006D00F47040119013980068416DFA
S31508004DD011980840119013980068006D00F00F00B4
S31508004DE0109013980068416D109808401090139819
S31508004DF00068006D00F0F0000F9013980068416D90
S31508004E000F9808400F9013980068006D00F07150D5
S31508004E100E9013980068416D0E9808400E901398EE
S31508004E200068006D00F060700D9013980068416D81
S31508004E300D9808400D9013980068406D03901398DC
S31508004E400068006D01909DF80D00C007B8B1FFE736
S31508004E509DF80500C00788B1FFE7FFE713980168CA
S31508004E604FF4807008654AF61001C4F2000100206C
S31508004E700860FFE71398FFF78BFFFFE7FFE79DF84A
S31508004E800D0000F004010020B0EB910F28D0FFE7D9
S31508004E909DF8050000F004010020B0EB910F1ED02C
S31508004EA0FFE713980068D0F8DC000B9013980068A9
S31508004EB0D0F8E4100B9808400B90FFE713980168A8
S31508004EC04FF4806008654AF61001C4F2000100201C
S31508004ED00860FFE713980B9900F0A2FEFFE7FFE7CB
S31508004EE01298B8B1FFE7FFE712984FF6FF71C3F6BD
S31508004EF0CF7108401399096808651298800F4AF619
S31508004F001001C4F200010860FFE713981299FFF731
S31508004F10F3FCFFE71198B8B1FFE7FFE711984FF6E2
S31508004F20FF71C3F6CF71084013990968086511988F
S31508004F30800F4AF61001C4F200010860FFE71398D3
S31508004F40119900F07DFEFFE71098B8B1FFE7FFE77B
S31508004F5010984FF6FF71C3F6CF7108401399096888
S31508004F6008651098800F4AF61001C4F2000108601F
S31508004F70FFE71398109900F023FDFFE70F98B8B1E3
S31508004F80FFE7FFE70F984FF6FF71C3F6CF710840AA
S31508004F901399096808650F98800F4AF61001C4F23C
S31508004FA000010860FFE713980F9900F079FDFFE705
S31508004FB09DF80D0000F008010020B0EBD10F1BD0C2
S31508004FC0FFE79DF8050000F008010020B0EBD10FBF
S31508004FD011D0FFE7FFE7139801684FF400600865F2
S31508004FE04AF61001C4F2000100200860FFE7139892
S31508004FF000F02EFEFFE7FFE79DF80D0000F0020126
S315080050000020B0EB510F28D0FFE79DF8050000F00F
S3150800501002010020B0EB510F1ED0FFE7139800687D
S31508005020D0F8D8000C9013980068D0F8E0100C98C7
S3150800503008400C90FFE7139801684FF40070086564
S315080050404AF61001C4F2000100200860FFE7139831
S315080050500C9900F0EDFDFFE7FFE79DF80E0000F064
S3150800506008010020B0EBD10F1BD0FFE79DF8060022
S3150800507000F008010020B0EBD10F11D0FFE7FFE7E1
S31508005080139801684FF4002008654AF61001C4F227
S31508005090000100200860FFE7139800F08DFCFFE789
S315080050A0FFE79DF80E00C007B8B1FFE79DF80600B8
S315080050B0C00788B1FFE7FFE7139801684FF480300F
S315080050C008654AF61001C4F2000100200860FFE7EF
S315080050D0139800F0A1FDFFE7FFE79DF80E0000F02A
S315080050E004010020B0EB910F1BD0FFE79DF80600E6
S315080050F000F004010020B0EB910F11D0FFE7FFE7A5
S31508005100139801684FF4802008654AF61001C4F226
S31508005110000100200860FFE7139800F079FDFFE71B
S31508005120FFE79DF80E0000F002010020B0EB510FDA
S315080051301FD0FFE79DF8060000F002010020B0EB43
S31508005140510F15D0FFE7FFE7139801684FF40030B9
S3150800515008654AF61001C4F2000100200860FFE75E
S315080051601399D1F89C0040F08000C1F89C00FFE735
S31508005170FFE70D98B8B1FFE7FFE70D984FF6FF7107
S31508005180C3F6CF7108401399096808650D98800F12
S315080051904AF61001C4F200010860FFE713980D995A
S315080051A0FFF772FCFFE70E98D0B1FFE7FFE70E980E
S315080051B04FF6FF71C3F6CF71084013990968086561
S315080051C00E98800F4AF61001C4F200010860FFE746
S315080051D00E9A1399D1F89C001043C1F89C00FFE77A
S315080051E0139800684AF20001C4F20001884240F0B0
S315080051F0B980FFE71398406880688007002800F0A8
S31508005200B080FFE713984068006A00F00F000A9024
S3150800521013984068416A0A9808400A9013984068AB
S31508005220006A00F03000099013984068416A0998AE
S315080052300840099013984068006A00F4C070089006
S3150800524013984068416A089808400890139840687F
S31508005250006A00F4FC40079013984068416A079872
S315080052600840079013984068006A00F4F0200690FA
S3150800527013984068416A0698084006901398406853
S31508005280406A029013984068006A00900A9848B1EC
S31508005290FFE70A9813994968086213980A9900F073
S315080052A09FFCFFE7099848B1FFE7099813994968F1
S315080052B008621398099900F0A3FCFFE79DF8080017
S315080052C000F040010020B0EB911F1FD0FFE79DF8CA
S315080052D0000000F040010020B0EB911F15D0FFE759
S315080052E013984068C06B000C059013984068C06B13
S315080052F000F03F0004901398416840200862139814
S315080053000599049A00F074FCFFE7FFE7089848B18E
S31508005310FFE708981399496808621398089900F0F6
S3150800532057FCFFE7079860B1FFE7079813994968A4
S315080053300862079A1399D1F89C001043C1F89C009B
S31508005340FFE7069860B1FFE706981399496808626F
S31508005350069A1399D1F89C001043C1F89C00FFE700
S31508005360FFE7FFE71398D0F89C0020B1FFE71398F2
S31508005370FFF786FBFFE714B080BD000000000000C1
S3150800538080B598B0169042F69C11C0F6010101A8A6
S315080053904C22FBF785F8169820B9FFE701208DF80F
S315080053A05F00D9E1169800684AF20001C4F20001CC
S315080053B0884206D1FFE71699086800F580704860AC
S315080053C0FFE716988068B0F5407F01D1FFE7FFE751
S315080053D01698006C08B1FFE7FFE71698806C08B1CD
S315080053E0FFE7FFE71698006D08B1FFE7FFE7169895
S315080053F0006E08B1FFE7FFE71699C86D096E084405
S3150800540008B1FFE7FFE7169890F8980040B9FFE75C
S315080054101699002081F89900169800F0A1F9FFE77F
S3150800542016980168886920F01000886100F014FF5A
S315080054301590FFE71698006880690007002817D5B9
S31508005440FFE700F009FF1599401A0B280FD3FFE76D
S315080054501699D1F89C0040F00100C1F89C001699F5
S31508005460032081F8980001208DF85F0074E1E1E7D8
S3150800547016980168886940F00100886100F0ECFE22
S315080054801590FFE7169800688069C007B8B9FFE766
S3150800549000F0E2FE1599401A0B280FD3FFE716997C
S315080054A0D1F89C0040F00100C1F89C001699032031
S315080054B081F8980001208DF85F004DE1E2E7169823
S315080054C00168886940F0020088611698007C012806
S315080054D007D1FFE716980168886920F040008861BF
S315080054E006E016980168886940F040008861FFE781
S315080054F01698407C012807D1FFE716980168886945
S3150800550040F48040886106E016980168886920F4AE
S3150800551080408861FFE71698807C012807D1FFE75D
S3150800552016980168886920F48050886106E0169804
S315080055300168886940F480508861FFE7169800681A
S31508005540806920F44070169A116892681043886141
S3150800555016980168886920F0A40088611698016881
S31508005560086920F0100008611698C068012807D15C
S31508005570FFE716980168886940F0040088612BE007
S315080055801698C06830B3FFE71698C068022819D085
S31508005590FFE716980168886940F0800088611698C8
S315080055A00168086940F0100008611698C068032869
S315080055B007D1FFE716980168886940F020008861DE
S315080055C0FFE706E016980168886940F020008861C0
S315080055D0FFE700E0FFE7FFE7169A1168536990694D
S315080055E0D2F81CE0A0F1010C6FF0FF0000EB0E20D2
S315080055F040EA4C60126A013A10430022CFF6FF7265
S3150800560002EB03421043C86116988068B0F5407FE4
S315080056101CD1FFE7169A1168536A906AD2F82CE0F3
S3150800562001386FF0FF0C0CEB0E2C40EA0C00D2F898
S3150800563030C06FF00F0202EB0C1210430022CFF6B7
S31508005640FF7202EB03421043C860FFE71698006E2C
S3150800565048B1FFE716980168426ED1F8C0001043BA
S31508005660C1F8C000FFE71699C86D096E084480B1F5
S31508005670FFE716980068D0F8C80020F00700169AC9
S315080056801168936E01AA52F823201043C1F8C80086
S31508005690FFE71698006C80B1FFE716980068D0F807
S315080056A0BC0020F00700169A1168536C01AA52F83C
S315080056B023201043C1F8BC00FFE71698806C88B118
S315080056C0FFE716980068D0F8BC0020F07000169A1C
S315080056D01168D36C01AA52F8232040EA0210C1F8D7
S315080056E0BC00FFE71698006D88B1FFE716980068BA
S315080056F0D0F8BC0020F4E060169A1168536D01AA30
S3150800570052F8232040EA0220C1F8BC00FFE71698A9
S3150800571000684AF20001C4F20001884207D1FFE797
S3150800572016984168886820F003008860FFE7169994
S315080057300020C1F894001699C1F89C00169901201A
S3150800574081F898001698FBF707FD8DF853009DF829
S3150800575053008DF85F00FFE79DF85F0018B080BD25
S3150800576080B5C0B03F9000203E903D903C903B9065
S315080057703A900CA8B821FAF7C5FE3F9800684AF295
S315080057800001C4F20001884255D1FFE700200D90C0
S315080057904FF400400C904FF0805027900CA801F071
S315080057A04FF918B1FFE7FBF7B7FCFFE740F2102007
S315080057B0C2F200400168013101600068012810D179
S315080057C0FFE7FFE744F2EC40C5F60200016841F442
S315080057D080710160006800F480700B900B98FFE7F9
S315080057E0FFE7FFE744F2E040C5F60200016841F032
S315080057F008010160006800F008000A900A98FFE7AF
S3150800580003203A9002203B90002004903C903D9063
S3150800581009203E9040F60040C5F602003AA900F07D
S3150800582017FB049A13200590114600F0D1FD059840
S3150800583000F0C2FDBEE03F9800684AF20041C4F29B
S315080058400001884255D1FFE700200D904FF4004033
S315080058500C904FF0805027900CA801F0F1F818B181
S31508005860FFE7FBF759FCFFE740F21020C2F20040C1
S315080058700168013101600068012810D1FFE7FFE7E0
S3150800588044F2EC40C5F60200016841F480710160FB
S31508005890006800F4807009900998FFE7FFE7FFE7C2
S315080058A044F2E040C5F60200016841F002010160D9
S315080058B0006800F0020008900898FFE760203A9018
S315080058C002203B90002002903C903D9009203E909B
S315080058D040F20040C5F602003AA900F0B9FA029A69
S315080058E014200390114600F073FD039800F064FD40
S315080058F05FE03F9800684DF20041C4F2000188421B
S3150800590056D1FFE700200D904FF400400C904FF061
S31508005910805027900CA801F093F818B1FFE7FBF721
S31508005920FBFBFFE740F21020C2F20040016801319C
S3150800593001600068012810D1FFE7FFE744F2EC4058
S31508005940C5F60200016841F480710160006800F440
S31508005950807007900798FFE7FFE7FFE744F2E0400B
S31508005960C5F60200016841F008010160006800F010
S31508005970080006900698FFE74FF440503A90022038
S315080059803B90002000903C903D9005203E9040F6CC
S315080059900040C5F602003AA900F05AFA009A9F207C
S315080059A00190114600F014FD019800F005FDFFE78F
S315080059B0FFE7FFE740B080BD81B0009001B07047B7
S315080059C080B586B005900491059800684AF20001F2
S315080059D0C4F20001884219D1FFE7059840F2980100
S315080059E0C2F2004103910A1D01F12C034021FFF781
S315080059F053F80398406B40B1FFE740F29800C2F2B3
S31508005A000040416B04308847FFE745E00598006889
S31508005A104AF20041C4F20001884219D1FFE705980D
S31508005A2040F2F801C2F2004102910A1D01F12C036D
S31508005A304021FFF731F80298406B40B1FFE740F28A
S31508005A40F800C2F20040416B04308847FFE722E0C5
S31508005A50059800684DF20041C4F20001884219D148
S31508005A60FFE7059840F25811C2F2004101910A1D5C
S31508005A7001F12C034021FFF70FF80198406B40B164
S31508005A80FFE740F25810C2F20040416B04308847E5
S31508005A90FFE7FFE7FFE7FFE706B080BD000000006D
S31508005AA080B586B005900491059800684AF2000111
S31508005AB0C4F20001884219D1FFE7059840F298011F
S31508005AC0C2F2004103910A1D01F12C034121FEF7A0
S31508005AD0E3FF0398406B40B1FFE740F29800C2F23B
S31508005AE00040416B04308847FFE745E005980068A9
S31508005AF04AF20041C4F20001884219D1FFE705982D
S31508005B0040F2F801C2F2004102910A1D01F12C038C
S31508005B104121FEF7C1FF0298406B40B1FFE740F212
S31508005B20F800C2F20040416B04308847FFE722E0E4
S31508005B30059800684DF20041C4F20001884219D167
S31508005B40FFE7059840F25811C2F2004101910A1D7B
S31508005B5001F12C034121FEF79FFF0198406B40B1EC
S31508005B60FFE740F25810C2F20040416B0430884704
S31508005B70FFE7FFE7FFE7FFE706B080BD000000008C
S31508005B8082B00090009890F89800012811D1FFE79C
S31508005B900099022081F8980000980168886920F029
S31508005BA00100886100990020C1F89C008DF8070063
S31508005BB00AE00099D1F89C0040F00400C1F89C0066
S31508005BC001208DF80700FFE79DF8070002B070472F
S31508005BD082B00190009102B07047000000000000FA
S31508005BE082B00190009102B07047000000000000EA
S31508005BF083B002900191009203B070470000000044
S31508005C0082B00190009102B07047000000000000C9
S31508005C1081B0009001B0704781B0009001B0704724
S31508005C2082B00190009102B07047000000000000A9
S31508005C3082B00190009102B0704700000000000099
S31508005C4082B00190009102B0704700000000000089
S31508005C5081B0009001B0704780B582B0ADF80600FB
S31508005C60BDF80600012807D1FFE740F29010C2F2FE
S31508005C70004040688047CAE0BDF80600022807D100
S31508005C80FFE740F2C810C2F2004040688047BDE016
S31508005C90BDF80600042807D1FFE740F2D010C2F28B
S31508005CA0004040688047B0E0BDF80600082807D1E4
S31508005CB0FFE740F2D810C2F2004040688047A3E0F0
S31508005CC0BDF80600102807D1FFE740F2E010C2F23F
S31508005CD000404068804796E0BDF80600202807D1B6
S31508005CE0FFE740F2E810C2F200404068804789E0CA
S31508005CF0BDF80600402807D1FFE740F2F010C2F2CF
S31508005D000040406880477CE0BDF80600802807D13F
S31508005D10FFE740F2F810C2F20040406880476FE0A3
S31508005D20BDF80600B0F5807F07D1FFE740F20020F6
S31508005D30C2F200404068804761E0BDF80600B0F551
S31508005D40007F07D1FFE740F20820C2F20040406812
S31508005D50804753E0BDF80600B0F5806F07D1FFE72E
S31508005D6040F29810C2F200404068804745E0BDF80E
S31508005D700600B0F5006F07D1FFE740F2A010C2F2A7
S31508005D8000404068804737E0BDF80600B0F5805F00
S31508005D9007D1FFE740F2A810C2F2004040688047EA
S31508005DA029E0BDF80600B0F5005F07D1FFE740F22D
S31508005DB0B010C2F20040406880471BE0BDF80600FC
S31508005DC0B0F5804F07D1FFE740F2B810C2F20040A5
S31508005DD0406880470DE0BDF80600B0F5004F07D1D2
S31508005DE0FFE740F2C010C2F2004040688047FFE774
S31508005DF0FFE7FFE7FFE7FFE7FFE7FFE7FFE7FFE765
S31508005E00FFE7FFE7FFE7FFE7FFE7FFE7FFE702B088
S31508005E1080BD00000000000080B582B0ADF8060025
S31508005E208820C5F600000068BDF8061008420BD0A9
S31508005E30FFE7BDF806008821C5F600010860BDF831
S31508005E400600FFF709FFFFE702B080BD000000006B
S31508005E508FB00E900D9100200C908020C5F60000A2
S31508005E600990FFE70D9800680C99C840002800F0D3
S31508005E70C181FFE70D9800680C9A012191400840FE
S31508005E800B900B98002800F0B181FFE70D98406849
S31508005E9000F00300012807D0FFE70D98406800F0DE
S31508005EA0030002282FD1FFE70E9880680A900C9805
S31508005EB04100032000FA01F10A9888430A900D98D8
S31508005EC0C0680C99490000FA01F10A9808430A903B
S31508005ED00A980E9988600E9840680A900C990120D5
S31508005EE000FA01F10A9888430A900D984068C0F3B1
S31508005EF000100C9900FA01F10A9808430A900A98CA
S31508005F000E994860FFE70D98406800F003000328E3
S31508005F1018D0FFE70E98C0680A900C984100032035
S31508005F2000FA01F10A9888430A900D9880680C993E
S31508005F30490000FA01F10A9808430A900A980E994E
S31508005F40C860FFE70D98406800F00300022826D1D4
S31508005F50FFE70E980C996FF0030202EA5101084414
S31508005F60006A0A900C9800F0070081000F2000FADA
S31508005F7001F10A9888430A900D9800690C9901F076
S31508005F800701890000FA01F10A9808430A900A985D
S31508005F900E990C9B02EA530211440862FFE70E9819
S31508005FA000680A900C984100032000FA01F10A984B
S31508005FB088430A900D98406800F003000C99490040
S31508005FC000FA01F10A9808430A900A980E9908609F
S31508005FD00D9880798007002800F00781FFE7FFE722
S31508005FE044F2F440C5F60200016841F0020101607E
S31508005FF0006800F0020008900898FFE70C9820F067
S31508006000030040F20841C5F6000140580A900C9872
S3150800601000F0030081000F2000FA01F10A98884376
S315080060200A900E980021C5F60201884203D1FFE7BF
S31508006030002007906CE00E9840F20041C5F6020178
S31508006040884203D1FFE7012006905EE00E9840F6ED
S315080060500001C5F60201884203D1FFE70220059038
S3150800606050E00E9840F60041C5F60201884203D179
S31508006070FFE70320049042E00E9841F20001C5F6BE
S315080060800201884203D1FFE70420039034E00E980A
S3150800609041F20041C5F60201884203D1FFE7052017
S315080060A0029026E00E9841F60001C5F602018842E4
S315080060B003D1FFE70620019018E00E9841F600414B
S315080060C0C5F60201884203D1FFE7072000900AE0DF
S315080060D00E9942F20042C5F602020A20914208BF12
S315080060E009200090FFE700980190FFE701980290C9
S315080060F0FFE702980390FFE703980490FFE70498E8
S315080061000590FFE705980690FFE706980790FFE7D2
S3150800611007980C9901F00301890000FA01F10A9821
S3150800612008430A900A980C9921F0030140F20842A4
S31508006130C5F6000288504FF0B04000680A900B99E7
S315080061400A9888430A900D988079C006002805D5D4
S31508006150FFE70B990A9808430A90FFE70A984FF059
S31508006160B04108600420C5F6000000680A900B9943
S315080061700A9888430A900D9880798006002805D5E4
S31508006180FFE70B990A9808430A90FFE70A98042143
S31508006190C5F600010860099840680A900B990A98A4
S315080061A088430A900D9880798007002805D5FFE76F
S315080061B00B990A9808430A90FFE70A9809994860D4
S315080061C0099800680A900B990A9888430A900D98CE
S315080061D08079C00728B1FFE70B990A9808430A9007
S315080061E0FFE70A9809990860FFE7FFE70C9801306E
S315080061F00C9037E60FB0704782B00190ADF80210E8
S3150800620001980069BDF80210084204D0FFE7012092
S315080062108DF8010003E000208DF80100FFE79DF8E6
S31508006220010002B07047000082B00190ADF802107C
S315080062308DF801209DF8010028B1FFE7BDF802009E
S315080062400199886105E0BDF802000004019988619A
S31508006250FFE702B07047000042F68050C2F20040E5
S31508006260006870470000000040F20800C2F20040D3
S31508006270027842F68051C2F200410868104408606C
S31508006280704700000000000080B582B0032000F0CF
S31508006290B7F801F06DFE44F21842C5F6020211681D
S315080062A0C1F3032342F6E811C0F60101CB5C03F003
S315080062B01F03D84000900098126802F00F02895C0C
S315080062C001F01F01C84040F20401C2F20041086013
S315080062D0009840F20001C2F2004108600F2000F069
S315080062E013F820B1FFE701208DF8070005E000F05C
S315080062F04FF800208DF80700FFE79DF8070002B069
S3150800630080BD00000000000080B582B0009040F219
S315080063100800C2F20040007820B9FFE701208DF896
S31508006320070030E040F20000C2F20040006840F288
S315080063300801C2F200410A784FF47A71B1FBF2F112
S31508006340B0FBF1F002F0ACFC20B1FFE701208DF8BC
S31508006350070018E000980F280DD8FFE700994FF0BE
S31508006360FF30002200F034F8009840F20C01C2F227
S315080063700041086003E001208DF8070003E00020D3
S315080063808DF80700FFE79DF8070002B080BD000002
S3150800639081B0FFE744F2F440C5F60200016841F017
S315080063A002010160006800F0020000900098FFE713
S315080063B001B070470000000080B582B0ADF8060055
S315080063C0BDF906000CF02CFA02B080BD00000000F2
S315080063D080B586B0ADF81600049103920CF038FA31
S315080063E00290BDF91600019002980499039A05F0E7
S315080063F073FA014601980CF033FA06B080BD000026
S3150800640080B582B0019001980CF04EFA02B080BDBA
S3150800641080B584B0029044F60C00C5F60200006808
S3150800642000F004010020B0EB910F13D1FFE744F60A
S315080064300C00C5F60200006800F0070002998842C1
S3150800644004D0FFE701208DF80F002EE000208DF81C
S315080064500F002AE044F60C01C5F60201086820F090
S315080064600700029A10430860FFF7F6FE0190FFE75F
S3150800647044F60400C5F60200006800F40051002046
S31508006480B0EB513F0DD1FFE7FFF7E6FE0199401A41
S31508006490B0F57A7F04D9FFE701208DF80F0004E0F4
S315080064A0E6E700208DF80F00FFE79DF80F0004B01F
S315080064B080BD00000000000080B501F005FD44F233
S315080064C02041C5F602010968C1F3021242F6E81135
S315080064D0C0F60101895C01F01F01C84080BD0000BB
S315080064E088B0079044F22840C5F60200016801F01A
S315080064F0030106910068C0F30530059044F22C406C
S31508006500C5F602000068C0F300100490049844F22F
S315080065103C41C5F60201096889B2C908484300EE3C
S31508006520100AB8EE400A8DED020A0598002800F018
S315080065301B81FFE70698009048B1FFE700980128FD
S3150800654069D0FFE70098022800F08980ABE044F2A2
S315080065500040C5F60200006800F020010020B0EBFC
S31508006560511F33D0FFE744F20040C5F60200006829
S31508006570C0F3C10149F20000C0F2D030C840039010
S315080065809DED030AB8EE400A9DED051AB8EE411ACC
S3150800659080EE010A44F23840C5F6020000686FF33F
S315080065A05F2001EE100AB8EE411A9DED022A9FED12
S315080065B0743A82EE032A31EE021AB7EE002A31EE59
S315080065C0021A20EE010A8DED010A23E09DED050A67
S315080065D0B8EE401A9FED6C0A80EE010A44F2384084
S315080065E0C5F6020000686FF35F2001EE100AB8EEE8
S315080065F0411A9DED022A9FED623A82EE032A31EE98
S31508006600021AB7EE002A31EE021A20EE010A8DEDC3
S31508006610010AFFE76BE09DED050AB8EE401A9FED0B
S31508006620590A80EE010A44F23840C5F602000068AD
S315080066306FF35F2001EE100AB8EE411A9DED022AAB
S315080066409FED4F3A82EE032A31EE021AB7EE002A80
S3150800665031EE021A20EE010A8DED010A47E09DEDA2
S31508006660050AB8EE401A9FED450A80EE010A44F283
S315080066703840C5F6020000686FF35F2001EE100A85
S31508006680B8EE411A9DED022A9FED3D3A82EE032AA5
S3150800669031EE021AB7EE002A31EE021A20EE010A8E
S315080066A08DED010A23E09DED050AB8EE401A9FED2F
S315080066B0350A80EE010A44F23840C5F60200006841
S315080066C06FF35F2001EE100AB8EE411A9DED022A1B
S315080066D09FED2B3A82EE032A31EE021AB7EE002A14
S315080066E031EE021A20EE010A8DED010AFFE79DED53
S315080066F0010A44F23840C5F60200016889B2490A1F
S3150800670001EE101AB8EE411AB7EE002A31EE021A57
S3150800671080EE010A0799BCEEC00A81ED000A9DEDDC
S31508006720010A0168C1F3064101EE101AB8EE411AD2
S3150800673031EE021A80EE010A0799BCEEC00A81ED15
S31508006740010A9DED010A0068C0F3066001EE100A11
S31508006750B8EE411A31EE021A80EE010A0798BCEE2D
S31508006760C00A80ED020A07E0079900200860079929
S31508006770486007998860FFE708B07047001BB74B69
S31508006780000000460024744A0024744C00000000EF
S3150800679088B0079044F22840C5F60200016801F067
S315080067A0030106910068C0F30550059044F22C4099
S315080067B0C5F602000068C0F300200490049844F26D
S315080067C04441C5F60201096889B2C908484300EE82
S315080067D0100AB8EE400A8DED020A0598002800F066
S315080067E01B81FFE70698009048B1FFE7009801284B
S315080067F069D0FFE70098022800F08980ABE044F2F0
S315080068000040C5F60200006800F020010020B0EB49
S31508006810511F33D0FFE744F20040C5F60200006876
S31508006820C0F3C10149F20000C0F2D030C84003905D
S315080068309DED030AB8EE400A9DED051AB8EE411A19
S3150800684080EE010A44F24040C5F6020000686FF384
S315080068505F2001EE100AB8EE411A9DED022A9FED5F
S31508006860743A82EE032A31EE021AB7EE002A31EEA6
S31508006870021A20EE010A8DED010A23E09DED050AB4
S31508006880B8EE401A9FED6C0A80EE010A44F24040C9
S31508006890C5F6020000686FF35F2001EE100AB8EE35
S315080068A0411A9DED022A9FED623A82EE032A31EEE5
S315080068B0021AB7EE002A31EE021A20EE010A8DED11
S315080068C0010AFFE76BE09DED050AB8EE401A9FED59
S315080068D0590A80EE010A44F24040C5F602000068F3
S315080068E06FF35F2001EE100AB8EE411A9DED022AF9
S315080068F09FED4F3A82EE032A31EE021AB7EE002ACE
S3150800690031EE021A20EE010A8DED010A47E09DEDEF
S31508006910050AB8EE401A9FED450A80EE010A44F2D0
S315080069204040C5F6020000686FF35F2001EE100ACA
S31508006930B8EE411A9DED022A9FED3D3A82EE032AF2
S3150800694031EE021AB7EE002A31EE021A20EE010ADB
S315080069508DED010A23E09DED050AB8EE401A9FED7C
S31508006960350A80EE010A44F24040C5F60200006886
S315080069706FF35F2001EE100AB8EE411A9DED022A68
S315080069809FED2B3A82EE032A31EE021AB7EE002A61
S3150800699031EE021A20EE010A8DED010AFFE79DEDA0
S315080069A0010A44F24040C5F60200016889B2490A64
S315080069B001EE101AB8EE411AB7EE002A31EE021AA5
S315080069C080EE010A0799BCEEC00A81ED000A9DED2A
S315080069D0010A0168C1F3064101EE101AB8EE411A20
S315080069E031EE021A80EE010A0799BCEEC00A81ED63
S315080069F0010A9DED010A0068C0F3066001EE100A5F
S31508006A00B8EE411A31EE021A80EE010A0798BCEE7A
S31508006A10C00A80ED020A07E0079900200860079976
S31508006A20486007998860FFE708B07047001BB74BB6
S31508006A30000000460024744A0024744C000000003C
S31508006A4080B59AB0189000208DF857008DF856003A
S31508006A501898C0780007002848D5FFE71898406EB0
S31508006A60149078B1FFE71498B0F5801F13D0FFE7AC
S31508006A701498B0F5001F16D0FFE71498B0F5401F1C
S31508006A8019D019E044F22C41C5F60201086840F411
S31508006A900030086014E018980830022104F058FF06
S31508006AA08DF857000CE018982830022105F038F8C0
S31508006AB08DF8570004E003E001208DF85700FFE742
S31508006AC09DF8570060B9FFE744F25041C5F6020148
S31508006AD0086820F44010189A526E1043086004E0C3
S31508006AE09DF857008DF85600FFE7FFE7189840789D
S31508006AF0C007002840D0FFE71898806D1390042837
S31508006B0020D81399DFE801F0030C141C1D0044F289
S31508006B102C41C5F60201086840F40030086015E00B
S31508006B2018980830002104F013FF8DF857000DE07F
S31508006B3018982830002104F0F3FF8DF8570005E077
S31508006B4004E003E001208DF85700FFE79DF85700A1
S31508006B5060B9FFE744F25041C5F60201086820F023
S31508006B600700189A926D1043086004E09DF85700D4
S31508006B708DF85600FFE7FFE7189840784007002889
S31508006B8056D5FFE71898D0F8A4001290C8B1FFE7C9
S31508006B901298B0F5001F1DD0FFE71298B0F5800FC8
S31508006BA020D0FFE71298B0F5C00F23D0FFE7129860
S31508006BB0B0F5000F1FD0FFE71298B0F5200F1BD0D5
S31508006BC01BE044F22C41C5F60201086840F4003087
S31508006BD0086016E018980830002104F0B9FE8DF810
S31508006BE057000EE018982830002104F099FF8DF818
S31508006BF0570006E005E004E003E001208DF85700A1
S31508006C00FFE79DF8570068B9FFE744F25841C5F613
S31508006C100201086820F46000189AD2F8A4201043EC
S31508006C20086004E09DF857008DF85600FFE7FFE777
S31508006C30189840780007002856D5FFE71898D0F826
S31508006C40A8001190C8B1FFE71198B0F1807F1DD058
S31508006C50FFE71198B0F1007F20D0FFE71198B0F157
S31508006C60407F23D0FFE71198B0F1806F1FD0FFE770
S31508006C701198B0F1A06F1BD01BE044F22C41C5F669
S31508006C800201086840F40030086016E018980830D9
S31508006C90002104F05DFE8DF857000EE018982830A4
S31508006CA0002104F03DFF8DF8570006E005E004E0FA
S31508006CB003E001208DF85700FFE79DF8570068B9F3
S31508006CC0FFE744F25841C5F60201086820F0E06083
S31508006CD0189AD2F8A8201043086004E09DF85700D7
S31508006CE08DF85600FFE7FFE71898C0788007002858
S31508006CF03ED5FFE71898C06C1090F0B1FFE71098E2
S31508006D00102808D0FFE7109820280DD0FFE7109824
S31508006D10302811D012E044F22C41C5F60201086869
S31508006D2040F4003008600DE018980830022104F09D
S31508006D300FFE8DF8570005E004E003E001208DF80A
S31508006D405700FFE79DF8570060B9FFE744F24C414A
S31508006D50C5F60201086820F03000189AD26C104374
S31508006D60086004E09DF857008DF85600FFE7FFE736
S31508006D7018984078C00600284ED5FFE71898C06DC9
S31508006D800F90A0B1FFE70F98B0F5805F18D0FFE726
S31508006D900F98B0F5005F1BD0FFE70F98B0F5405F7E
S31508006DA01ED0FFE70F98B0F5804F1AD01AE044F2CC
S31508006DB02C41C5F60201086840F40030086015E069
S31508006DC018980830002104F0C3FD8DF857000DE02F
S31508006DD018982830002104F0A3FE8DF8570005E026
S31508006DE004E003E001208DF85700FFE79DF85700FF
S31508006DF060B9FFE744F25041C5F60201086820F47D
S31508006E00E040189AD26D1043086004E09DF85700D8
S31508006E108DF85600FFE7FFE71898407880060028A7
S31508006E204CD5FFE71898006E0E90C8B1FFE70E988C
S31508006E30B0F5803F15D0FFE70E98B0F5003F18D0A3
S31508006E40FFE70E98B0F5403F1BD0FFE70E98B0F568
S31508006E50802F17D0FFE70E98B0F5A02F13D013E0B8
S31508006E6016E018980830012104F072FD8DF85700D5
S31508006E700EE018982830012104F052FE8DF85700CC
S31508006E8006E005E004E003E001208DF85700FFE77F
S31508006E909DF8570060B9FFE744F25041C5F6020174
S31508006EA0086820F4E020189A126E1043086004E07F
S31508006EB09DF857008DF85600FFE7FFE718984078C9
S31508006EC0400600284ED5FFE71898D0F8AC000D907C
S31508006ED0C8B1FFE70D98B0F1805F15D0FFE70D98B0
S31508006EE0B0F1005F18D0FFE70D98B0F1405F1BD0F6
S31508006EF0FFE70D98B0F1804F17D0FFE70D98B0F176
S31508006F00A04F13D013E016E018980830012104F0BA
S31508006F101FFD8DF857000EE018982830012104F05F
S31508006F20FFFD8DF8570006E005E004E003E00120C8
S31508006F308DF85700FFE79DF8570068B9FFE744F258
S31508006F405841C5F60201086820F0E040189AD2F8C0
S31508006F50AC201043086004E09DF857008DF85600F1
S31508006F60FFE7FFE718984078000600283BD5FFE7BB
S31508006F701898C06E0C90D8B1FFE70C98B0F1805FF6
S31508006F8005D0FFE70C98B0F1005F09D011E044F294
S31508006F902C41C5F60201086840F4003008600CE090
S31508006FA018980830012104F0D3FC8DF8570004E046
S31508006FB003E001208DF85700FFE79DF8570060B9F8
S31508006FC0FFE744F25041C5F60201086820F0405038
S31508006FD0189AD26E1043086004E09DF857008DF8A1
S31508006FE05600FFE7FFE71898C078C007002837D093
S31508006FF0FFE71898806C0B90032817D80B99DFE8E1
S3150800700001F014020B1344F22C41C5F6020108687C
S3150800701040F4003008600DE018980830022104F0AA
S3150800702097FC8DF8570005E004E003E001208DF891
S315080070305700FFE79DF8570060B9FFE744F24C4157
S31508007040C5F60201086820F00300189A926C1043EE
S31508007050086004E09DF857008DF85600FFE7FFE743
S31508007060189880784006002840F1B480FFE744F677
S315080070700001C5F60201086840F480700860FFF751
S31508007080EBF81690FFE744F60000C5F60200006824
S31508007090C00500280CD4FFE7FFF7DEF81699401A5A
S315080070A0652804D3FFE703208DF8570000E0EAE7D8
S315080070B09DF85700002840F08780FFE744F27040AB
S315080070C0C5F60200006800F440701899D1F8B010AF
S315080070D001F44071884213D0FFE744F27041C5F6C7
S315080070E00201086820F440701790086840F4803060
S315080070F00860086820F48030086017980860FFE781
S315080071001898D0F8B000B0F5807F1FD1FFE7FFF7D9
S31508007110A3F81690FFE744F27040C5F6020000682F
S3150800712000F002010020B0EB510F0ED1FFE7FFF788
S3150800713093F81699401A41F28931884204D3FFE739
S3150800714003208DF8570000E0E5E7FFE79DF85700B4
S31508007150A0BBFFE7FFE71898D0F8B00000F440702E
S31508007160B0F5407F13D1FFE744F21041C5F602019E
S31508007170086820F47C50189AD2F8B0204FF6F043ED
S31508007180C0F6FF731A4040EA1210086008E044F29D
S315080071901041C5F60201086820F47C500860FFE734
S315080071A01898D0F8B0206FF31F3244F27041C5F634
S315080071B00201086810430860FFE704E09DF85700DD
S315080071C08DF85600FFE704E09DF857008DF8560045
S315080071D0FFE7FFE718980068C007002800F04C8012
S315080071E0FFE71898806F0A9028282BD80A99DFE8B5
S315080071F001F0152929292929292916292929292979
S3150800720029291E29292929292929262929292929EE
S3150800721029292729292929292929280016E01898FA
S315080072200830012104F094FB8DF857000EE01898F9
S315080072302830012104F074FC8DF8570006E005E0BB
S3150800724004E003E001208DF85700FFE79DF857009A
S3150800725060B9FFE744F25441C5F60201086820F018
S315080072603800189A926F1043086004E09DF857009A
S315080072708DF85600FFE7FFE7189800788007002882
S3150800728039D5FFE71898406F0990052819D8099944
S31508007290DFE801F003040C14151616E018980830F8
S315080072A0012104F055FB8DF857000EE01898283098
S315080072B0012104F035FC8DF8570006E005E004E0EE
S315080072C003E001208DF85700FFE79DF8570060B9E5
S315080072D0FFE744F25441C5F60201086820F00700AA
S315080072E0189A526F1043086004E09DF857008DF80D
S315080072F05600FFE7FFE718980078400700283BD5B7
S31508007300FFE71898D0F890000890052819D808992A
S31508007310DFE801F003040C14151616E01898083077
S31508007320012104F015FB8DF857000EE01898283057
S31508007330012104F0F5FB8DF8570006E005E004E0AE
S3150800734003E001208DF85700FFE79DF8570068B95C
S31508007350FFE744F25841C5F60201086820F0070025
S31508007360189AD2F890201043086004E09DF8570058
S315080073708DF85600FFE7FFE7189800788006002882
S315080073804ED5FFE71898D0F88C000790C8B1FFE7EC
S315080073900798B0F1805F15D0FFE70798B0F1005F56
S315080073A018D0FFE70798B0F1405F1BD0FFE70798B2
S315080073B0B0F1804F17D0FFE70798B0F1A04F13D070
S315080073C013E016E018980830002104F0C1FA8DF889
S315080073D057000EE018982830022104F0A1FB8DF81A
S315080073E0570006E005E004E003E001208DF85700A9
S315080073F0FFE79DF8570068B9FFE744F25441C5F620
S315080074000201086820F0E040189AD2F88C20104350
S31508007410086004E09DF857008DF85600FFE7FFE77F
S3150800742018980078400600284ED5FFE71898D0F837
S3150800743098000690C8B1FFE70698B0F5806F15D09A
S31508007440FFE70698B0F5006F18D0FFE70698B0F585
S31508007450406F1BD0FFE70698B0F5805F17D0FFE7AF
S315080074600698B0F5A05F13D013E016E01898083018
S31508007470002104F06DFA8DF857000EE018982830B0
S31508007480022104F04DFB8DF8570006E005E004E004
S3150800749003E001208DF85700FFE79DF8570068B90B
S315080074A0FFE744F25841C5F60201086820F4E050A7
S315080074B0189AD2F898201043086004E09DF85700FF
S315080074C08DF85600FFE7FFE71898007800060028B1
S315080074D04ED5FFE71898D0F89C000590C8B1FFE78D
S315080074E00598B0F5005F15D0FFE70598B0F5804F11
S315080074F018D0FFE70598B0F5C04F1BD0FFE70598F1
S31508007500B0F5004F17D0FFE70598B0F5204F13D018
S3150800751013E016E018980830002104F019FA8DF8DF
S3150800752057000EE018982830022104F0F9FA8DF871
S31508007530570006E005E004E003E001208DF8570057
S31508007540FFE79DF8570068B9FFE744F25841C5F6CA
S315080075500201086820F46040189AD2F89C2010436B
S31508007560086004E09DF857008DF85600FFE7FFE72E
S31508007570189800780007002820D5FFE71898D0F853
S315080075808000B0F5805F0CD1FFE7189828300221FB
S3150800759004F0C6FA20B1FFE701208DF85600FFE790
S315080075A0FFE744F25441C5F60201086820F440504A
S315080075B0189AD2F8802010430860FFE718980078D8
S315080075C0C006002820D5FFE71898D0F89400B0F533
S315080075D0807F0CD1FFE718982830022104F0A0FA22
S315080075E020B1FFE701208DF85600FFE7FFE744F2D8
S315080075F05841C5F60201086820F44070189AD2F876
S31508007600942010430860FFE7189880780007002840
S315080076103CD5FFE71898D0F8A000049050B1FFE7D2
S315080076200498B0F5803F0DD0FFE70498B0F5003F09
S3150800763010D010E018980830002104F089F98DF868
S3150800764057000CE018982830022104F069FA8DF8E2
S31508007650570004E003E001208DF85700FFE79DF886
S31508007660570068B9FFE744F25841C5F602010868B1
S3150800767020F44030189AD2F8A0201043086004E09D
S315080076809DF857008DF85600FFE7FFE718988078B1
S31508007690400700283FD5FFE71898D0F884000390E4
S315080076A0B0F5801F0AD0FFE70398B0F5001F0ED08B
S315080076B0FFE70398B0F5401F11D011E044F22C41C2
S315080076C0C5F60201086840F4003008600CE0189816
S315080076D02830012104F024FA8DF8570004E003E06D
S315080076E001208DF85700FFE79DF8570068B9FFE7B6
S315080076F044F25441C5F60201086820F44010189A6D
S31508007700D2F884201043086004E09DF857008DF8ED
S315080077105600FFE7FFE718988078C007A8B3FFE789
S315080077201898006D029028B1FFE70298B0F5803FDF
S3150800773009D010E044F22C41C5F60201086840F46D
S31508007740003008600BE018980830022104F000F9B0
S315080077508DF8570003E001208DF85700FFE79DF8E4
S31508007760570060B9FFE744F24C41C5F602010868C4
S3150800777020F48030189A126D1043086004E09DF8D2
S3150800778057008DF85600FFE7FFE71898C07880067F
S3150800779000280CD5FFE718982830022104F0C0F914
S315080077A020B1FFE701208DF85600FFE7FFE718989C
S315080077B08078800700283AD5FFE71898C06F0190AF
S315080077C0D0B1FFE70198B0F5807F0AD0FFE70198AE
S315080077D0B0F5007F0ED0FFE70198B0F5407F0AD0DC
S315080077E00BE044F22C41C5F60201086840F400306B
S315080077F0086006E005E004E003E001208DF8570084
S31508007800FFE79DF8570060B9FFE744F25441C5F613
S315080078100201086820F44070189AD26F1043086075
S3150800782004E09DF857008DF85600FFE7FFE7189823
S315080078308078C00600280CD5FFE744F25041C5F60B
S315080078400201086820F00040189A126F1043086079
S31508007850FFE718988078800600280CD5FFE744F2E1
S315080078605041C5F60201086820F08070189A926E99
S3150800787010430860FFE71898C0784006002811D51D
S31508007880FFE7FFE744F21041C5F60201086820F455
S31508007890004008601898D0F8B420086810430860BB
S315080078A0FFE7FFE71898C078000600280CD5FFE721
S315080078B044F24C41C5F60201086820F04050189A77
S315080078C0526D10430860FFE7189880780006002874
S315080078D00DD5FFE744F25441C5F60201086820F4C5
S315080078E04000189AD2F8882010430860FFE71898D5
S315080078F00079C00790B1FFE718980830002104F016
S3150800790027F88DF857009DF8570008B9FFE704E0F7
S315080079109DF857008DF85600FFE7FFE7189800799D
S315080079208007002812D5FFE718980830012104F0CF
S315080079300FF88DF857009DF8570008B9FFE704E0DF
S315080079409DF857008DF85600FFE7FFE7189800796D
S315080079504007002812D5FFE718980830022103F0DF
S31508007960F7FF8DF857009DF8570008B9FFE704E0C0
S315080079709DF857008DF85600FFE7FFE7189800793D
S315080079800007002812D5FFE718982830002104F0D0
S31508007990C7F88DF857009DF8570008B9FFE704E0C7
S315080079A09DF857008DF85600FFE7FFE7189800790D
S315080079B0C006002812D5FFE718982830012104F0E0
S315080079C0AFF88DF857009DF8570008B9FFE704E0AF
S315080079D09DF857008DF85600FFE7FFE718980079DD
S315080079E08006002812D5FFE718982830022104F0EF
S315080079F097F88DF857009DF8570008B9FFE704E097
S31508007A009DF857008DF85600FFE7FFE79DF85600EA
S31508007A1020B9FFE700208DF8670003E001208DF804
S31508007A206700FFE79DF867001AB080BD00000000F8
S31508007A3080B586B004900391049820B9FFE7012029
S31508007A408DF817003CE2039842F20001C5F20021C6
S31508007A50096801F00F01884216D9FFE742F20000D3
S31508007A60C5F20020016821F00F01039A1143016055
S31508007A70006800F00F000399884204D0FFE7012050
S31508007A808DF817001CE2FFE70498007840070028E5
S31508007A9019D5FFE70498006944F21841C5F60201B2
S31508007AA0096801F0700188420CD9FFE744F21841D1
S31508007AB0C5F60201086820F07000049A126910439E
S31508007AC00860FFE7FFE7049800780007002819D543
S31508007AD0FFE70498406944F21C41C5F602010968AB
S31508007AE001F0700188420CD9FFE744F21C41C5F643
S31508007AF00201086820F07000049A52691043086071
S31508007B00FFE7FFE704980078C006002819D5FFE7C5
S31508007B100498806944F21C41C5F60201096801F41B
S31508007B20E06188420CD9FFE744F21C41C5F6020120
S31508007B30086820F4E060049A926910430860FFE739
S31508007B40FFE7049800788006002819D5FFE704980F
S31508007B50C06944F22041C5F60201096801F07001C6
S31508007B6088420CD9FFE744F22041C5F602010868AD
S31508007B7020F07000049AD26910430860FFE7FFE717
S31508007B80049800788007002819D5FFE70498C0688C
S31508007B9044F21841C5F60201096801F00F0188424E
S31508007BA00CD9FFE744F21841C5F60201086820F02F
S31508007BB00F00049AD26810430860FFE7FFE70498AD
S31508007BC00078C007002800F08C80FFE744F21841CF
S31508007BD0C5F60201086820F47060049A926810439A
S31508007BE0086004984068022811D1FFE744F2004073
S31508007BF0C5F60200006800F400310020B0EB514FD2
S31508007C0004D1FFE701208DF8170059E13EE00498FA
S31508007C104068032811D1FFE744F20040C5F6020088
S31508007C20006800F000710020B0EB516F04D1FFE747
S31508007C3001208DF8170043E127E0049840680128E1
S31508007C4011D1FFE744F20040C5F60200006800F4CF
S31508007C5080710020B0EB112F04D1FFE701208DF8C9
S31508007C6017002DE110E044F20040C5F60200006856
S31508007C7000F004010020B0EB910F04D1FFE70120CA
S31508007C808DF817001CE1FFE7FFE7FFE744F2104114
S31508007C90C5F60201086820F00700049A52681043E6
S31508007CA00860FEF7D9FA0190FFE744F21040C5F6DE
S31508007CB00200006800F0380004994968B0EBC10F6B
S31508007CC00ED0FFE7FEF7C8FA0199401A41F289314A
S31508007CD0884204D3FFE703208DF81700F0E0E4E7B5
S31508007CE0FFE7049800788007002819D5FFE704986D
S31508007CF0C06844F21841C5F60201096801F00F018F
S31508007D0088420CD2FFE744F21841C5F6020108681A
S31508007D1020F00F00049AD26810430860FFE7FFE7D7
S31508007D20039842F20001C5F20021096801F00F012B
S31508007D30884216D2FFE742F20000C5F20020016829
S31508007D4021F00F01039A11430160006800F00F004B
S31508007D500399884204D0FFE701208DF81700AFE0A9
S31508007D60FFE7049800784007002819D5FFE704982C
S31508007D70006944F21841C5F60201096801F070016C
S31508007D8088420CD2FFE744F21841C5F6020108689A
S31508007D9020F07000049A126910430860FFE7FFE7B5
S31508007DA0049800780007002819D5FFE70498406969
S31508007DB044F21C41C5F60201096801F070018842C7
S31508007DC00CD2FFE744F21C41C5F60201086820F010
S31508007DD07000049A526910430860FFE7FFE70498A9
S31508007DE00078C006002819D5FFE70498806944F290
S31508007DF01C41C5F60201096801F4E06188420CD20B
S31508007E00FFE744F21C41C5F60201086820F4E06069
S31508007E10049A926910430860FFE7FFE70498007820
S31508007E208006002819D5FFE70498C06944F2204166
S31508007E30C5F60201096801F0700188420CD2FFE715
S31508007E4044F22041C5F60201086820F07000049A41
S31508007E50D26910430860FFE7FFE700F089F844F2AB
S31508007E601842C5F602021168C1F3032342F6E81167
S31508007E70C0F60101CB5C03F01F03D84000900098C0
S31508007E80126802F00F02895C01F01F01C84040F237
S31508007E900401C2F200410860009840F20001C2F2F3
S31508007EA00041086040F20C00C2F200400068FEF78C
S31508007EB02BFA8DF80B009DF80B008DF81700FFE7DD
S31508007EC09DF8170006B080BD80B582B000F050F866
S31508007ED044F21842C5F602021168C1F3032342F6BA
S31508007EE0E811C0F60101CB5C03F01F03D8400190EE
S31508007EF00198126802F00F02895C01F01F0120FA4E
S31508007F0001F140F20400C2F200400160019940F21A
S31508007F100002C2F200421160006802B080BD000093
S31508007F2080B5FFF7D1FF44F21C41C5F60201096886
S31508007F30C1F3021242F6E811C0F60101895C01F0AC
S31508007F401F01C84080BD000080B5FFF7BDFF44F2A1
S31508007F501C41C5F602010968C1F3022242F6E8117E
S31508007F60C0F60101895C01F01F01C84080BD000010
S31508007F708AB044F21040C5F60200006800F03800E6
S31508007F8001460191182800F269810199DFE811F08C
S31508007F9019006601660166016601660166016601E9
S31508007FA03A006601660166016601660166016601B8
S31508007FB040006601660166016601660166016601A2
S31508007FC0460044F20040C5F60200006800F02001B1
S31508007FD00020B0EB511F0ED0FFE744F20040C5F673
S31508007FE002000068C0F3C10149F20000C0F2D030B7
S31508007FF0C840029005E049F20000C0F2D030029075
S31508008000FFE731E140F60010C0F23D0002902BE197
S3150800801043F20060C0F26E10029025E144F2284057
S31508008020C5F60200016801F0030108910068C0F373
S315080080300510079044F22C40C5F60200006800F0CF
S3150800804001000690069844F23441C5F60201096813
S3150800805089B2C908484300EE100AB8EE400A8DED09
S31508008060040A0798002800F0F580FFE708980090B2
S3150800807048B1FFE70098012869D0FFE70098022871
S3150800808000F08980ABE044F20040C5F602000068C3
S3150800809000F020010020B0EB511F33D0FFE744F277
S315080080A00040C5F602000068C0F3C10149F20000AD
S315080080B0C0F2D030C84005909DED050AB8EE400ADA
S315080080C09DED071AB8EE411A80EE010A44F23040D7
S315080080D0C5F6020000686FF35F2001EE100AB8EEDD
S315080080E0411A9DED042A9FED633A82EE032A31EE8A
S315080080F0021AB7EE002A31EE021A20EE010A8DEDB9
S31508008100030A23E09DED070AB8EE401A9FED5B0AC5
S3150800811080EE010A44F23040C5F6020000686FF3AB
S315080081205F2001EE100AB8EE411A9DED042A9FED74
S31508008130513A82EE032A31EE021AB7EE002A31EEE0
S31508008140021A20EE010A8DED030AFFE76BE09DEDAA
S31508008150070AB8EE401A9FED480A80EE010A44F273
S315080081603040C5F6020000686FF35F2001EE100A82
S31508008170B8EE411A9DED042A9FED3E3A82EE032A97
S3150800818031EE021AB7EE002A31EE021A20EE010A83
S315080081908DED030A47E09DED070AB8EE401A9FEDFC
S315080081A0340A80EE010A44F23040C5F6020000683F
S315080081B06FF35F2001EE100AB8EE411A9DED042A0E
S315080081C09FED2C3A82EE032A31EE021AB7EE002A08
S315080081D031EE021A20EE010A8DED030A23E09DED29
S315080081E0070AB8EE401A9FED240A80EE010A44F207
S315080081F03040C5F6020000686FF35F2001EE100AF2
S31508008200B8EE411A9DED042A9FED1A3A82EE032A2A
S3150800821031EE021AB7EE002A31EE021A20EE010AF2
S315080082208DED030AFFE744F23040C5F60200006808
S3150800823081B2012000EB512009909DED030A9DEDC6
S31508008240091AB8EE411A80EE010ABCEEC00A8DED95
S31508008250020A02E000200290FFE705E040F600105F
S31508008260C0F23D000290FFE702980AB0704700BFCF
S31508008270001BB74B000000460024744A0024744CC7
S3150800828080B58CB00A900A9828B9FFE701208DF8C6
S315080082902F0000F001BD0A980078C007002800F0FA
S315080082A0B980FFE744F21040C5F60200006800F006
S315080082B03800069044F22840C5F60200006805908A
S315080082C0069810280AD0FFE7069818281CD1FFE759
S315080082D0059800F00300022816D1FFE744F2004093
S315080082E0C5F60200006800F400310020B0EB514FDB
S315080082F009D0FFE70A98406828B9FFE701208DF8FA
S315080083002F0000F0C9BC84E0FFE70A984068B0F582
S31508008310803F09D1FFE744F20041C5F6020108682B
S3150800832040F48030086032E00A98406868B9FFE790
S3150800833044F20041C5F60201086820F4803008605E
S31508008340086820F48020086020E00A984068B0F5A4
S31508008350A02F0DD1FFE744F20041C5F602010868D7
S3150800836040F480200860086840F4803008600CE01B
S3150800837044F20041C5F60201086820F4803008601E
S31508008380086820F480200860FFE7FFE7FFE7FFE7BB
S315080083900A984068F0B1FFE7FDF75EFF0990FFE72E
S315080083A044F20040C5F60200006800F400310020DF
S315080083B0B0EB514F0DD1FFE7FDF74EFF0999401A73
S315080083C0652805D3FFE703208DF82F0000F064BC6D
S315080083D0E6E71DE0FDF740FF0990FFE744F200409D
S315080083E0C5F60200006800F400310020B0EB514FDA
S315080083F00DD0FFE7FDF730FF0999401A652805D328
S31508008400FFE703208DF82F0000F046BCE6E7FFE7FC
S31508008410FFE7FFE70A9800788007002840F1C58043
S31508008420FFE744F21040C5F60200006800F0380085
S31508008430049044F22840C5F60200006803900498A8
S3150800844050B1FFE70498182850D1FFE79DF80C00B3
S31508008450800700284AD1FFE744F20040C5F602002B
S31508008460006800F004010020B0EB910F09D0FFE787
S315080084700A98C06828B9FFE701208DF82F0000F098
S315080084800BBC44F20041C5F60201086820F0190049
S315080084900A9AD26810430860FDF7DEFE0990FFE7E6
S315080084A044F20040C5F60200006800F0040100200E
S315080084B0B0EB910F0CD1FFE7FDF7CEFE0999401AF4
S315080084C0032804D3FFE703208DF82F00E4E3E7E74A
S315080084D044F20441C5F60201086820F0FE400A9AF3
S315080084E0126940EA02600860FFE75DE00A98C06822
S315080084F0A0B3FFE744F20041C5F60201086820F080
S3150800850019000A9AD26810430860FDF7A5FE09907B
S31508008510FFE744F20040C5F60200006800F00401D7
S315080085200020B0EB910F0CD1FFE7FDF795FE0999F6
S31508008530401A032804D3FFE703208DF82F00ABE386
S31508008540E7E744F20441C5F60201086820F0FE4058
S315080085500A9A126940EA0260086024E044F200417F
S31508008560C5F60201086820F001000860FDF774FEF0
S315080085700990FFE744F20040C5F60200006800F0E3
S3150800858004010020B0EB910F0CD0FFE7FDF764FE65
S315080085900999401A032804D3FFE703208DF82F0012
S315080085A07AE3E7E7FFE7FFE7FFE70A980078C00600
S315080085B0002840F1A080FFE744F21040C5F602000B
S315080085C0006800F03800029044F22840C5F6020020
S315080085D000680190029808280AD0FFE70298182830
S315080085E02BD1FFE7019800F00300012825D1FFE70A
S315080085F044F20040C5F60200006800F480710020CD
S31508008600B0EB112F09D0FFE70A98C069802804D07B
S31508008610FFE701208DF82F003EE3FFE744F20C4107
S31508008620C5F60201086820F07C500A9A126A40EAE8
S3150800863002600860FFE7FFE75CE00A98C06998B344
S31508008640FFE744F20041C5F60201086840F08000E1
S315080086500860FDF701FE0990FFE744F20040C5F601
S315080086600200006800F480710020B0EB112F0CD1D5
S31508008670FFE7FDF7F1FD0999401A032804D3FFE740
S3150800868003208DF82F0007E3E7E7FFE744F20C41E4
S31508008690C5F60201086820F07C500A9A126A40EA78
S315080086A002600860FFE724E044F20041C5F60201D3
S315080086B0086820F080000860FDF7CEFD0990FFE706
S315080086C044F20040C5F60200006800F480710020FC
S315080086D0B0EB112F0CD0FFE7FDF7BEFD0999401A44
S315080086E0032804D3FFE703208DF82F00D4E2E7E739
S315080086F0FFE7FFE7FFE70A980078000700284FD54D
S31508008700FFE70A98406928B3FFE744F27441C5F6C3
S315080087100201086840F001000860FDF79DFD099018
S31508008720FFE744F27440C5F60200006800F0020153
S315080087300020B0EB510F0CD1FFE7FDF78DFD09992D
S31508008740401A032804D3FFE703208DF82F00A3E27D
S31508008750E7E724E044F27441C5F60201086820F010
S3150800876001000860FDF778FD0990FFE744F27440C0
S31508008770C5F60200006800F002010020B0EB510FB8
S315080087800CD0FFE7FDF768FD0999401A032804D3C2
S31508008790FFE703208DF82F007EE2E7E7FFE7FFE714
S315080087A00A980078800600284FD5FFE70A9880695E
S315080087B028B3FFE744F20041C5F60201086840F411
S315080087C080500860FDF748FD0990FFE744F2004035
S315080087D0C5F60200006800F400510020B0EB513FD6
S315080087E00CD1FFE7FDF738FD0999401A032804D391
S315080087F0FFE703208DF82F004EE2E7E724E044F276
S315080088000041C5F60201086820F480500860FDF7AB
S3150800881023FD0990FFE744F20040C5F60200006810
S3150800882000F400510020B0EB513F0CD0FFE7FDF7F4
S3150800883013FD0999401A032804D3FFE703208DF88E
S315080088402F0029E2E7E7FFE7FFE70A9800784007E5
S31508008850002840F1A780FFE744F60001C5F60201AB
S31508008860086840F480700860FDF7F6FC0990FFE799
S3150800887044F60000C5F602000068C00500280CD4BE
S31508008880FFE7FDF7E9FC0999401A652804D3FFE7D5
S3150800889003208DF82F00FFE1EAE7FFE70A988068D2
S315080088A0012809D1FFE744F27041C5F602010868BC
S315080088B040F00100086031E00A98806868B9FFE76F
S315080088C044F27041C5F60201086820F0010008600C
S315080088D0086820F0040008601FE00A9880680528E8
S315080088E00DD1FFE744F27041C5F60201086840F071
S315080088F004000860086840F0010008600CE044F2D3
S315080089007041C5F60201086820F001000860086891
S3150800891020F004000860FFE7FFE7FFE7FFE70A9893
S315080089208068F8B1FFE7FDF797FC0990FFE744F286
S315080089307040C5F60200006800F002010020B0EBA6
S31508008940510F0ED1FFE7FDF787FC0999401A41F24E
S315080089508931884204D3FFE703208DF82F009BE175
S31508008960E5E71EE0FDF778FC0990FFE744F2704062
S31508008970C5F60200006800F002010020B0EB510FB6
S315080089800ED0FFE7FDF768FC0999401A41F28931D4
S31508008990884204D3FFE703208DF82F007CE1E5E742
S315080089A0FFE7FFE70A98406A002800F07181FFE7B1
S315080089B044F21040C5F60200006800F03800182896
S315080089C000F0E080FFE70A98406A022840F0B48089
S315080089D0FFE744F20041C5F60201086820F08070FE
S315080089E00860FDF739FC0990FFE744F20040C5F638
S315080089F00200006800F000710020B0EB516F0CD047
S31508008A00FFE7FDF729FC0999401A032804D3FFE775
S31508008A1003208DF82F003FE1E7E7FFE744F22841FE
S31508008A20C5F60201086840F2F33290430A9B9A6A37
S31508008A30DB6A42EA0312104308600A99086BD1F808
S31508008A4034C08B6BCA6B01386FF35F204FF6006139
S31508008A50CFF6FF7101EB4C2189B208440021CFF60D
S31508008A60FF7101EB034101F4FE0108444FF07F4119
S31508008A7001EB026101F0FE41084444F23041C5F6BB
S31508008A8002010860FFE744F22C41C5F60201009195
S31508008A90086820F00100086044F23442C5F6020274
S31508008AA010684FF6F87398430A9B9B6C40EAC3001C
S31508008AB01060086820F00C000A9A126C10430860CF
S31508008AC0086820F002000A9A526C10430860086889
S31508008AD040F480300860086840F400300860086890
S31508008AE040F480200860086840F00100086044F2FD
S31508008AF00041C5F60201086840F080700860FDF77D
S31508008B00ABFB0990FFE744F20040C5F60200006897
S31508008B1000F000710020B0EB516F0CD1FFE7FDF7B4
S31508008B209BFB0999401A032804D3FFE703208DF815
S31508008B302F00B1E0E7E724E044F20041C5F6020160
S31508008B40086820F080700860FDF786FB0990FFE74B
S31508008B5044F20040C5F60200006800F000710020EB
S31508008B60B0EB516F0CD0FFE7FDF776FB0999401A79
S31508008B70032804D3FFE703208DF82F008CE0E7E7EE
S31508008B80FFE784E044F22840C5F602000068089032
S31508008B9044F23040C5F60200006807900A98406A19
S31508008BA0012837D0FFE7089800F003000A99896A78
S31508008BB088422FD1FFE7089800F47C710A98C06AAA
S31508008BC0B0EB111F26D1FFE707986FF35F200A99CC
S31508008BD0096B013988421DD1FFE7BDF81C100A98B8
S31508008BE0406B0138B0EB512F14D1FFE7079800F41A
S31508008BF0FE010A98806B0138B0EB114F0AD1FFE7E6
S31508008C00079800F0FE410A98C06B0138B0EB116F67
S31508008C1004D0FFE701208DF82F003DE044F23440F0
S31508008C20C5F60200006880B2C00808900A98806CF1
S31508008C300899884229D0FFE744F22C41C5F602017B
S31508008C40086820F001000860FDF706FB0990FFE7B9
S31508008C50FDF702FB0999401A08B9FFE7F8E744F25D
S31508008C603441C5F6020108684FF6F87290430A9A2D
S31508008C70926C40EAC200086044F22C41C5F6020133
S31508008C80086840F001000860FFE7FFE7FFE7FFE735
S31508008C9000208DF82F00FFE79DF82F000CB080BD4F
S31508008CA080B582B00190019803F026F802B080BD25
S31508008CB081B0009001B0704781B0009001B0704754
S31508008CC081B0009001B0704785B003900291FFE72C
S31508008CD0039890F83C00012804D1FFE702208DF89C
S31508008CE01300ABE00399012081F83C00FFE7FFE79A
S31508008CF00399022081F83D000398006840680190B6
S31508008D000398006880680090039800680021C4F200
S31508008D100101884209D0FFE70398006840F2004144
S31508008D20C4F2010188420AD1FFE7019820F47000D5
S31508008D30019002984168019808430190FFE701985D
S31508008D4020F070000190029801680198084301908C
S31508008D500198039909684860039800680021C4F2DD
S31508008D60010188424ED0FFE703980068B0F1804FB2
S31508008D7048D0FFE70398006840F20041C4F20001BA
S31508008D8088423FD0FFE70398006840F60001C4F226
S31508008D900001884236D0FFE70398006840F6004194
S31508008DA0C4F2000188422DD0FFE70398006840F21C
S31508008DB00041C4F20101884224D0FFE70398006805
S31508008DC041F60001C4F2000188421BD0FFE7039870
S31508008DD0006844F20001C4F20101884212D0FFE79C
S31508008DE0039800684EF20001C4F20001884209D0D7
S31508008DF0FFE7039800684EF20041C4F2000188427A
S31508008E000ED1FFE7009820F0800000900298816854
S31508008E100098084300900098039909688860FFE75E
S31508008E200399012081F83D00FFE70399002081F8A6
S31508008E303C00FFE700208DF81300FFE79DF81300BC
S31508008E4005B070470000000080B582B00090009819
S31508008E5020B9FFE701208DF8070045E0009890F853
S31508008E603D0040B9FFE70099002081F83C000098D2
S31508008E7000F03EF8FFE70099022081F83D000099CE
S31508008E8051F8040B03F080F80099012081F8480096
S31508008E90FFE70099012081F83E00009981F83F001C
S31508008EA0009981F84000009981F84100009981F8FD
S31508008EB04200009981F84300FFE7FFE70099012087
S31508008EC081F84400009981F84500009981F8460028
S31508008ED0009981F84700FFE70099012081F83D00D5
S31508008EE000208DF80700FFE79DF8070002B080BD57
S31508008EF080B586B005900598006840F60001C4F272
S31508008F000001884219D1FFE7FFE744F2E840C5F6B9
S31508008F100200016841F004010160006800F00400E5
S31508008F2004900498FFE71E20029000221146FDF7E0
S31508008F304FFA0298FDF740FA22E00598006840F6D5
S31508008F400041C4F20001884219D1FFE7FFE744F265
S31508008F50E840C5F60200016841F0080101600068B2
S31508008F6000F0080003900398FFE7322001900022E2
S31508008F701146FDF72DFA0198FDF71EFAFFE7FFE700
S31508008F8006B080BD0000000083B00190019890F8FB
S31508008F903D00012804D0FFE701208DF80B0083E08F
S31508008FA00199022081F83D0001980168C86840F0DF
S31508008FB00100C860019800680021C4F201018842D6
S31508008FC04ED0FFE701980068B0F1804F48D0FFE720
S31508008FD00198006840F20041C4F2000188423FD07F
S31508008FE0FFE70198006840F60001C4F200018842D4
S31508008FF036D0FFE70198006840F60041C4F2000148
S3150800900088422DD0FFE70198006840F20041C4F27B
S315080090100101884224D0FFE70198006841F6000163
S31508009020C4F2000188421BD0FFE70198006844F2A9
S315080090300001C4F20101884212D0FFE701980068D6
S315080090404EF20001C4F20001884209D0FFE70198F8
S3150800905000684EF20041C4F20001884219D1FFE7C8
S315080090600198006880680721C0F201010840009055
S31508009070009806280CD0FFE70098B0F5803F07D087
S31508009080FFE701980168086840F001000860FFE7FB
S3150800909006E001980168086840F001000860FFE7EB
S315080090A000208DF80B00FFE79DF80B0003B0704712
S315080090B080B586B00490039100208DF80B00FFE779
S315080090C0049890F83C00012804D1FFE702208DF8A7
S315080090D01700D1E00499012081F83C00FFE7FFE77B
S315080090E00499022081F83D00049800688068019080
S315080090F001984FF68871CFF6CE7108400190019815
S3150800910020F47F40019001980499096888600398C3
S3150800911000680090002800F09580FFE70098102866
S3150800912000F09080FFE70098202800F08B80FFE78A
S315080091300098302800F08680FFE70098402874D011
S31508009140FFE70098502856D0FFE7009860285FD0C0
S31508009150FFE7009870282AD0FFE70098B0F5805FEF
S3150800916024D0FFE70098B0F5005F35D0FFE70098F8
S31508009170B0F5801F66D0FFE70098B0F1101F61D0E8
S31508009180FFE700982021C0F2100188425AD0FFE775
S3150800919000983021C0F21001884253D0FFE70098AA
S315080091A04021C0F2100188424CD052E055E00498A4
S315080091B00068039B5A689968DB6802F0E9FF04981F
S315080091C0006880680190019840F077000190019846
S315080091D004990968886040E004980068039B5A6807
S315080091E09968DB6802F0D4FF04980168886840F43F
S315080091F08040886031E004980068039A5168D26814
S3150800920003F056FB04980068502102F0DDFF24E0C5
S3150800921004980068039A5168D26803F071FB0498B1
S315080092200068602102F0D0FF17E004980068039AEE
S315080092305168D26803F03CFB04980068402102F0AC
S31508009240C3FF0AE0049800680399096802F0BCFFA6
S3150800925003E001208DF80B00FFE70499012081F84F
S315080092603D00FFE70499002081F83C00FFE79DF8E0
S315080092700B008DF81700FFE79DF8170006B080BDB4
S3150800928081B0009001B0704780B584B00390039810
S315080092900068C068029003980068006901909DF80C
S315080092A004008007002824D5FFE79DF808008007FA
S315080092B000281DD5FFE7039801686FF002000861D2
S315080092C0039901200877039800688069800720B110
S315080092D0FFE70398FFF7D4FF06E0039800F058F974
S315080092E0039800F0BDFAFFE7039900200877FFE727
S315080092F0FFE79DF804004007002825D5FFE79DF8FD
S315080093000800400700281ED5FFE7039801686FF09C
S3150800931004000861039902200877039800688069A9
S3150800932010F4407F04D0FFE70398FFF7A9FF06E093
S31508009330039800F02DF9039800F092FAFFE70399D5
S3150800934000200877FFE7FFE79DF8040000070028DC
S3150800935024D5FFE79DF80800000700281DD5FFE77C
S31508009360039801686FF008000861039904200877DC
S3150800937003980068C069800720B1FFE70398FFF7E4
S315080093807FFF06E0039800F003F9039800F068FAF7
S31508009390FFE7039900200877FFE7FFE79DF8040039
S315080093A0C006002825D5FFE79DF80800C006002856
S315080093B01ED5FFE7039801686FF01000086103994E
S315080093C00820087703980068C06910F4407F04D025
S315080093D0FFE70398FFF754FF06E0039800F0D8F874
S315080093E0039800F03DFAFFE7039900200877FFE7A6
S315080093F0FFE79DF80400C00778B1FFE79DF808006D
S31508009400C00748B1FFE7039801686FF001000861DB
S31508009410039800F07DFBFFE7FFE7019800F0800066
S31508009420802806D0FFE79DF805008006002810D59D
S31508009430FFE79DF808000006002809D5FFE703980E
S3150800944001686FF4025008610398FFF735FCFFE7DF
S31508009450FFE79DF80500C00780B1FFE79DF8080003
S315080094600006002809D5FFE7039801686FF48070A5
S3150800947008610398FFF71CFCFFE7FFE79DF8040067
S315080094804006002810D5FFE79DF80800400600288A
S3150800949009D5FFE7039801686FF040000861039853
S315080094A000F0D2FCFFE7FFE79DF8040080060028DD
S315080094B010D5FFE79DF808008006002809D5FFE7C4
S315080094C0039801686FF0200008610398FFF7F8FB1E
S315080094D0FFE7FFE704B080BD80B588B0079000209D
S315080094E0069005900490039002900798006840F251
S315080094F00041C4F2000188421ED1FFE7FFE744F2AB
S31508009500E040C5F60200016841F00201016000680A
S3150800951000F0020001900198FFE7022002900390F4
S31508009520002104910591069040F20040C5F602001C
S3150800953002A9FCF78DFC29E00798006841F60001AE
S31508009540C4F20001884220D1FFE7FFE744F2E04079
S31508009550C5F60200016841F002010160006800F0EA
S31508009560020000900098FFE74FF4004002900220A6
S315080095700390002104910591069040F20040C5F63B
S31508009580020002A9FCF764FCFFE7FFE708B080BD0C
S3150800959081B0009001B0704780B586B00490039101
S315080095A0029200208DF80700FFE7049890F83C0027
S315080095B0012804D1FFE702208DF81700C0E00499BE
S315080095C0012081F83C00FFE7FFE702980090142885
S315080095D000F2A7800099DFE801F00BA4A4A424A454
S315080095E0A4A43EA4A4A457A4A4A471A4A4A48A00D1
S315080095F004980068039902F0FFFD049801688869D9
S3150800960040F00800886104980168886920F0040021
S31508009610886103980269049801688869104388611B
S3150800962083E004980068039902F08EFE04980168A6
S31508009630886940F40060886104980168886920F4A4
S31508009640806088610398026904980168886940EA1D
S315080096500220886169E004980068039902F02CFFEB
S3150800966004980168C86940F00800C8610498016850
S31508009670C86920F00400C861039802690498016863
S31508009680C8691043C86150E004980068039902F05D
S31508009690CBFF04980168C86940F40060C861049863
S315080096A00168C86920F48060C86103980269049853
S315080096B00168C86940EA0220C86136E00498006873
S315080096C0039903F021F804980168486D40F00800F2
S315080096D0486504980168486D20F0040048650398B9
S315080096E0026904980168486D104348651DE00498AE
S315080096F00068039903F070F804980168486D40F40F
S315080097000060486504980168486D20F480604865E3
S315080097100398026904980168486D40EA0220486582
S3150800972003E001208DF80700FFE7FFE70499002012
S3150800973081F83C00FFE79DF807008DF81700FFE762
S315080097409DF8170006B080BD80B582B000900098DD
S3150800975020B9FFE701208DF8070045E0009890F84A
S315080097603D0040B9FFE70099002081F83C000098C9
S3150800977000F03EF8FFE70099022081F83D000099C5
S3150800978051F8040B02F000FC0099012081F848000A
S31508009790FFE70099012081F83E00009981F83F0013
S315080097A0009981F84000009981F84100009981F8F4
S315080097B04200009981F84300FFE7FFE7009901207E
S315080097C081F84400009981F84500009981F846001F
S315080097D0009981F84700FFE70099012081F83D00CC
S315080097E000208DF80700FFE79DF8070002B080BD4E
S315080097F083B002900298006840F20041C4F200016A
S31508009800884210D1FFE7FFE744F2E840C5F60200B8
S31508009810016841F002010160006800F00200019051
S315080098200198FFE719E00298006841F60001C4F2C2
S315080098300001884210D1FFE7FFE744F2E840C5F689
S315080098400200016841F040010160006800F0400034
S3150800985000900098FFE7FFE7FFE703B070470000B6
S3150800986081B0009001B0704780B590B00E900D9110
S315080098700D9828B9FFE70E9890F83E000B9034E053
S315080098800D98042805D1FFE70E9890F83F000A9036
S3150800989028E00D98082805D1FFE70E9890F84000B3
S315080098A009901CE00D980C2805D1FFE70E9890F852
S315080098B04100089010E00D98102805D1FFE70E9892
S315080098C090F84200079004E00E9890F8430007903D
S315080098D0FFE707980890FFE708980990FFE70998B7
S315080098E00A90FFE70A980B90FFE70B98012804D027
S315080098F0FFE701208DF83F0003E10D9828B9FFE73F
S315080099000E99022081F83E0038E00D98042806D109
S31508009910FFE70E99022081F83F0006902CE00D988B
S31508009920082806D1FFE70E99022081F84000059025
S315080099301FE00D980C2806D1FFE70E99022081F842
S315080099404100049012E00D98102806D1FFE70E9901
S31508009950022081F84200039005E00E99022081F862
S3150800996043000390FFE703980490FFE704980590E7
S31508009970FFE705980690FFE70698FFE70E98006848
S315080099800D990122019202F0E7FB01980E990968E8
S315080099900022C4F20102914202902DD0FFE70E98F0
S315080099A00168012040F20042C4F20102914202908D
S315080099B022D0FFE70E980168012044F20002C4F2A3
S315080099C001029142029017D0FFE70E980168012024
S315080099D044F20042C4F20102914202900CD0FFE721
S315080099E00E9800684BF60001CBF6FE710844B0FAF3
S315080099F080F040090290FFE70298C00738B1FFE7F8
S31508009A000E980168486C40F400404864FFE70E98D9
S31508009A1000680021C4F2010188424ED0FFE70E9883
S31508009A200068B0F1804F48D0FFE70E98006840F212
S31508009A300041C4F2000188423FD0FFE70E98006853
S31508009A4040F60001C4F20001884236D0FFE70E98BE
S31508009A50006840F60041C4F2000188422DD0FFE7B5
S31508009A600E98006840F20041C4F20101884224D0F1
S31508009A70FFE70E98006841F60001C4F2000188422B
S31508009A801BD0FFE70E98006844F20001C4F20101FA
S31508009A90884212D0FFE70E9800684EF20001C4F221
S31508009AA00001884209D0FFE70E9800684EF200418F
S31508009AB0C4F20001884219D1FFE70E980068806851
S31508009AC00721C0F2010108400C900C9806280CD01A
S31508009AD0FFE70C98B0F5803F07D0FFE70E980168BE
S31508009AE0086840F001000860FFE706E00E98016884
S31508009AF0086840F001000860FFE700208DF83F0085
S31508009B00FFE79DF83F0010B080BD00000000000090
S31508009B1080B582B0019042F67850C2F200400078D3
S31508009B20C00708B9FFE78AE1019800680021C4F276
S31508009B30010188420FD1FFE740F25020C2F20040EF
S31508009B40406838B1FFE740F25020C2F20040406852
S31508009B508047FFE773E101980068B0F1804F0FD1A5
S31508009B60FFE740F26820C2F20040406838B1FFE7DC
S31508009B7040F26820C2F2004040688047FFE75DE196
S31508009B800198006840F20041C4F2000188420FD1F2
S31508009B90FFE740F27020C2F20040406838B1FFE7A4
S31508009BA040F27020C2F2004040688047FFE744E177
S31508009BB00198006840F60001C4F2000188420FD1FE
S31508009BC0FFE740F27820C2F20040406838B1FFE76C
S31508009BD040F27820C2F2004040688047FFE72BE158
S31508009BE00198006840F60041C4F2000188420FD18E
S31508009BF0FFE740F28020C2F20040406838B1FFE734
S31508009C0040F28020C2F2004040688047FFE712E138
S31508009C100198006841F20001C4F2000188420FD1A0
S31508009C20FFE740F28820C2F20040406838B1FFE7FB
S31508009C3040F28820C2F2004040688047FFE7F9E01A
S31508009C400198006841F20041C4F2000188420FD130
S31508009C50FFE740F29020C2F20040406838B1FFE7C3
S31508009C6040F29020C2F2004040688047FFE7E0E0FB
S31508009C700198006840F20041C4F2010188420FD100
S31508009C80FFE740F29820C2F20040406838B1FFE78B
S31508009C9040F29820C2F2004040688047FFE7C7E0DC
S31508009CA00198006841F60001C4F2000188420FD10C
S31508009CB0FFE740F22020C2F20040406838B1FFE7D3
S31508009CC040F22020C2F2004040688047FFE7AEE03D
S31508009CD00198006841F60041C4F2000188420FD19C
S31508009CE0FFE740F22820C2F20040406838B1FFE79B
S31508009CF040F22820C2F2004040688047FFE795E01E
S31508009D000198006842F20001C4F2000188420FD1AE
S31508009D10FFE740F23020C2F20040406838B1FFE762
S31508009D2040F23020C2F2004040688047FFE77CE0FE
S31508009D300198006844F20001C4F2010188420FD17B
S31508009D40FFE740F23820C2F20040406838B1FFE72A
S31508009D5040F23820C2F2004040688047FFE763E0DF
S31508009D600198006844F20041C4F2010188420FD10B
S31508009D70FFE740F24020C2F20040406838B1FFE7F2
S31508009D8040F24020C2F2004040688047FFE74AE0C0
S31508009D900198006844F60001C4F2010188420FD117
S31508009DA0FFE740F24820C2F20040406838B1FFE7BA
S31508009DB040F24820C2F2004040688047FFE731E0A1
S31508009DC0019800684EF20001C4F2000188420FD1E2
S31508009DD0FFE740F25820C2F20040406838B1FFE77A
S31508009DE040F25820C2F2004040688047FFE718E07A
S31508009DF0019800684EF20041C4F2000188420FD172
S31508009E00FFE740F26020C2F20040406838B1FFE741
S31508009E1040F26020C2F2004040688047FFE7FFE753
S31508009E20FFE7FFE7FFE7FFE7FFE7FFE7FFE7FFE7F4
S31508009E30FFE7FFE7FFE7FFE7FFE7FFE7FFE702B018
S31508009E4080BD00000000000081B0009001B070479E
S31508009E5083B00190FFE7019890F88400012804D1A7
S31508009E60FFE702208DF80B002CE00199012081F80C
S31508009E708400FFE7FFE701992420C1F888000198CC
S31508009E8000680068009001980168086820F00100E1
S31508009E900860009820F0005000900199002048665C
S31508009EA0009801990968086001992020C1F888007E
S31508009EB0FFE70199002081F88400FFE700208DF86C
S31508009EC00B00FFE79DF80B0003B070470000000089
S31508009ED080B586B004900391ADF80A200498D0F8AE
S31508009EE08C00202844D1FFE7039820B1FFE7BDF88E
S31508009EF00A0020B9FFE701208DF817003CE0049915
S31508009F000120C86604990020086704980399BDF8DB
S31508009F100A2003F0D5FD8DF809009DF8090010BB4D
S31508009F20FFE70498C06E012818D1FFE70498016876
S31508009F3010200862FFE7FFE70498006850E8000F62
S31508009F4040F010000190FFE701990498026842E882
S31508009F5000100028F0D1FFE7FFE703E001208DF8A5
S31508009F600900FFE7FFE79DF809008DF8170003E0F1
S31508009F7002208DF81700FFE79DF8170006B080BD90
S31508009F8080B582B00190ADF802100198006841F2E0
S31508009F900001C4F20101884220D1FFE740F2AC403B
S31508009FA0C2F20040D0F8080260B1FFE740F2AC40C8
S31508009FB0C2F20040D0F80822BDF8021000F58270FF
S31508009FC09047FFE7019840F2AC41C2F20041B1F870
S31508009FD0042201F58271FFF77BFF79E10198006899
S31508009FE044F20041C4F20001884220D1FFE740F262
S31508009FF0B860C2F20040D0F8080260B1FFE740F24C
S3150800A000B860C2F20040D0F80822BDF8021000F588
S3150800A01082709047FFE7019840F2B861C2F20041AA
S3150800A020B1F8042201F58271FFF752FF4FE101985A
S3150800A030006844F60001C4F20001884220D1FFE717
S3150800A04040F6C400C2F20040D0F8080260B1FFE74B
S3150800A05040F6C400C2F20040D0F80822BDF802104B
S3150800A06000F582709047FFE7019840F6C401C2F2F6
S3150800A0700041B1F8042201F58271FFF729FF25E1B5
S3150800A0800198006844F60041C4F20001884220D1D4
S3150800A090FFE740F6D020C2F20040D0F8080260B1CF
S3150800A0A0FFE740F6D020C2F20040D0F80822BDF8FB
S3150800A0B0021000F582709047FFE7019840F6D0211C
S3150800A0C0C2F20041B1F8042201F58271FFF700FFE0
S3150800A0D0FBE00198006845F20001C4F200018842DD
S3150800A0E020D1FFE740F6DC40C2F20040D0F8080273
S3150800A0F060B1FFE740F6DC40C2F20040D0F8082223
S3150800A100BDF8021000F582709047FFE7019840F607
S3150800A110DC41C2F20041B1F8042201F58271FFF771
S3150800A120D7FED1E00198006841F20041C4F201016E
S3150800A130884220D1FFE740F6E860C2F20040D0F836
S3150800A140080260B1FFE740F6E860C2F20040D0F8C6
S3150800A1500822BDF8021000F582709047FFE70198C3
S3150800A16040F6E861C2F20041B1F8042201F58271B5
S3150800A170FFF7AEFEA7E00198006847F60001C4F2B3
S3150800A1800001884220D1FFE741F2F400C2F2004004
S3150800A190D0F8080260B1FFE741F2F400C2F20040CD
S3150800A1A0D0F80822BDF8021000F582709047FFE744
S3150800A1B0019841F2F401C2F20041B1F8042201F516
S3150800A1C08271FFF785FE7DE00198006847F6004139
S3150800A1D0C4F20001884220D1FFE741F20030C2F202
S3150800A1E00040D0F8080260B1FFE741F20030C2F241
S3150800A1F00040D0F80822BDF8021000F5827090479A
S3150800A200FFE7019841F20031C2F20041B1F8042299
S3150800A21001F58271FFF75CFE53E00198006841F68C
S3150800A2200001C4F20101884220D1FFE741F20C5037
S3150800A230C2F20040D0F8080260B1FFE741F20C50C4
S3150800A240C2F20040D0F80822BDF8021000F582706C
S3150800A2509047FFE7019841F20C51C2F20041B1F86C
S3150800A260042201F58271FFF733FE29E001980068A0
S3150800A27041F60041C4F20101884220D1FFE740F2CD
S3150800A280A020C2F20040D0F8080260B1FFE740F211
S3150800A290A020C2F20040D0F80822BDF8021000F54E
S3150800A2A082709047FFE7019840F2A021C2F2004170
S3150800A2B0B1F8042201F58271FFF70AFEFFE7FFE70E
S3150800A2C0FFE7FFE7FFE7FFE7FFE7FFE7FFE7FFE750
S3150800A2D002B080BD0000000081B0009001B0704758
S3150800A2E080B584B002900191FFE7029890F8840047
S3150800A2F0012804D1FFE702208DF80F0032E0029909
S3150800A300012081F88400FFE7FFE702992420C1F8BD
S3150800A310880002980068006800900298016808683A
S3150800A32020F00100086002980068806820F06060EC
S3150800A33001990843029909688860029802F07CFB33
S3150800A340009802990968086002992020C1F88800D7
S3150800A350FFE70299002081F88400FFE700208DF8C6
S3150800A3600F00FFE79DF80F0004B080BD0000000055
S3150800A37080B584B002900191FFE7029890F88400B6
S3150800A380012804D1FFE702208DF80F0032E0029978
S3150800A390012081F88400FFE7FFE702992420C1F82D
S3150800A3A088000298006800680090029801680868AA
S3150800A3B020F00100086002980068806820F060407C
S3150800A3C001990843029909688860029802F034FBEB
S3150800A3D0009802990968086002992020C1F8880047
S3150800A3E0FFE70299002081F88400FFE700208DF836
S3150800A3F00F00FFE79DF80F0004B080BD00000000C5
S3150800A40081B0009001B0704781B0009001B07047EC
S3150800A41081B0009001B0704780B592B01190119844
S3150800A4200068C06910901198006800680F9011982C
S3150800A430006880680E90109840F60F0108400D904D
S3150800A4400D98E0B9FFE79DF840008006002815D56D
S3150800A450FFE79DF83C008006002806D4FFE79DF834
S3150800A4603B00C006002809D5FFE71198406F20B1C8
S3150800A470FFE71198416F8847FFE72FE3FFE70D983D
S3150800A480002800F00C81FFE70E980121C1F20001B7
S3150800A490084209D1FFE70F9840F22011C0F20041A7
S3150800A4A0084200F0FC80FFE79DF84000C00788B12D
S3150800A4B0FFE79DF83D00C00760B1FFE71198016806
S3150800A4C0012008621199D1F8900040F00100C1F806
S3150800A4D09000FFE79DF840008007002811D5FFE7A8
S3150800A4E09DF83800C00760B1FFE71198016802209F
S3150800A4F008621199D1F8900040F00400C1F8900064
S3150800A500FFE79DF840004007002811D5FFE79DF8B2
S3150800A5103800C00760B1FFE7119801680420086297
S3150800A5201199D1F8900040F00200C1F89000FFE7B9
S3150800A5309DF840000007002819D5FFE79DF83C0064
S3150800A5408006002807D4FFE70E980121C1F2000112
S3150800A55008420CD0FFE71198016808200862119993
S3150800A560D1F8900040F00800C1F89000FFE79DF888
S3150800A57041000007002813D5FFE79DF83F00400774
S3150800A58000280DD5FFE7119801684FF400600862AE
S3150800A5901199D1F8900040F02000C1F89000FFE72B
S3150800A5A01198D0F89000002878D0FFE79DF8400071
S3150800A5B08006002815D5FFE79DF83C008006002890
S3150800A5C006D4FFE79DF83B00C006002809D5FFE73B
S3150800A5D01198406F20B1FFE71198416F8847FFE750
S3150800A5E0FFE71198D0F890000C90119800688068E1
S3150800A5F000F04000402806D0FFE79DF8300010F034
S3150800A600280F42D0FFE7119802F08EFC11980068D7
S3150800A61080684006002833D5FFE7FFE7FFE7119873
S3150800A620006850E8020F20F040000B90FFE70B99F6
S3150800A6301198026842E802100028F0D1FFE7FFE708
S3150800A6401198D0F88000B0B1FFE71198D0F88010C3
S3150800A6504CF65150C0F6000008651198D0F88000F5
S3150800A660F7F7F6FB30B1FFE71198D0F88000016DD7
S3150800A6708847FFE703E01198FFF7CAFEFFE703E004
S3150800A6801198FFF7C5FEFFE707E01198FFF7C0FE30
S3150800A69011990020C1F89000FFE7FFE71EE2119824
S3150800A6A0C06E012840F0BB81FFE79DF84000C00658
S3150800A6B0002840F1B481FFE79DF83C00C006002859
S3150800A6C040F1AD81FFE711980168102008621198E2
S3150800A6D0006880684006002840F13F81FFE711982E
S3150800A6E0D0F8800000681021C4F20201884200F008
S3150800A6F0A280FFE71198D0F8800000682821C4F2EC
S3150800A7000201884200F09780FFE71198D0F8800090
S3150800A71000684021C4F20201884200F08C80FFE7FD
S3150800A7201198D0F8800000685821C4F202018842C6
S3150800A73000F08180FFE71198D0F88000006870214A
S3150800A740C4F20201884276D0FFE71198D0F880005B
S3150800A75000688821C4F2020188426CD0FFE711988C
S3150800A760D0F880000068A021C4F20201884262D0B5
S3150800A770FFE71198D0F880000068B821C4F20201FA
S3150800A780884258D0FFE71198D0F88000006840F258
S3150800A7901041C4F2020188424DD0FFE71198D0F863
S3150800A7A08000006840F22841C4F20201884242D083
S3150800A7B0FFE71198D0F88000006840F24041C4F2E3
S3150800A7C00201884237D0FFE71198D0F88000006868
S3150800A7D040F25841C4F2020188422CD0FFE7119892
S3150800A7E0D0F88000006840F27041C4F20201884245
S3150800A7F021D0FFE71198D0F88000006840F2884120
S3150800A800C4F20201884216D0FFE71198D0F88000FA
S3150800A810006840F2A041C4F2020188420BD0FFE76B
S3150800A8201198D0F88000006840F2B841C4F20201DD
S3150800A830884207D1FFE71198D0F880000068406881
S3150800A840019006E01198D0F88000006840680190F1
S3150800A850FFE70198ADF82A00BDF82A0000287BD04A
S3150800A860FFE7BDF82A001199B1F85C10884273DA3F
S3150800A870FFE7BDF82A001199A1F85E001198D0F8F3
S3150800A8808000C069B0F5807F59D0FFE7FFE7FFE792
S3150800A8901198006850E8000F20F480700990FFE7CF
S3150800A8A009991198026842E800100028F0D1FFE7DC
S3150800A8B0FFE7FFE7FFE71198006850E8020F20F06E
S3150800A8C001000890FFE708991198026842E802100B
S3150800A8D00028F0D1FFE7FFE7FFE7FFE711980068D8
S3150800A8E050E8020F20F040000790FFE707991198FB
S3150800A8F0026842E802100028F0D1FFE7FFE7119945
S3150800A9002020C1F88C0011990020C866FFE7FFE7F0
S3150800A9101198006850E8000F20F010000690FFE735
S3150800A92006991198026842E800100028F0D1FFE75E
S3150800A930FFE71198D0F88000F6F7CEFDFFE71199EA
S3150800A940022008671198B0F85C10B0F85E20891AE2
S3150800A95089B2FFF715FBFFE7C0E01199B1F85C0073
S3150800A960B1F85E10401AADF816001198B0F85E00FE
S3150800A970002853D0FFE7BDF8160000284ED0FFE7A1
S3150800A980FFE7FFE71198006850E8000F20F4907081
S3150800A9900490FFE704991198026842E8001000281D
S3150800A9A0F0D1FFE7FFE7FFE7FFE71198006850E8F7
S3150800A9B0020F4FF6FE71CEF6FF7108400390FFE7CF
S3150800A9C003991198026842E802100028EDD1FFE7C2
S3150800A9D0FFE711992020C1F88C0011990020C8665C
S3150800A9E011994867FFE7FFE71198006850E8000FDC
S3150800A9F020F010000290FFE702991198026842E8D9
S3150800AA0000100028F0D1FFE7FFE711990220086738
S3150800AA101198BDF81610FFF7B3FAFFE75EE09DF848
S3150800AA204200C00600280FD5FFE79DF83A00400609
S3150800AA30002809D5FFE7119801684FF480100862CD
S3150800AA401198FFF7E1FC49E09DF840000006002850
S3150800AA5015D5FFE79DF83C000006002806D4FFE759
S3150800AA609DF83A000006002809D5FFE71198806F7F
S3150800AA7020B1FFE71198816F8847FFE72EE09DF820
S3150800AA804000400600280AD5FFE79DF83C0040062E
S3150800AA90002804D5FFE7119802F096FA1EE09DF803
S3150800AAA04200000600280AD5FFE79DF83F00400649
S3150800AAB0002804D5FFE71198FFF7A2FC0EE09DF8E1
S3150800AAC04300C00750B1FFE79DF83F000006002885
S3150800AAD004D5FFE71198FFF7FFFBFFE712B080BD2B
S3150800AAE080B582B00090009820B9FFE701208DF864
S3150800AAF0070046E00098806908B1FFE700E0FFE735
S3150800AB000098D0F8880040B9FFE70099002081F83E
S3150800AB108400009800F03CF8FFE700992420C1F86B
S3150800AB20880000980168086820F00100086000980D
S3150800AB30806A20B1FFE7009801F0C2FFFFE700989E
S3150800AB4002F096FA012804D1FFE701208DF80700E4
S3150800AB5017E000980168486820F49040486000981B
S3150800AB600168886820F02A008860009801680868EB
S3150800AB7040F001000860009802F046F88DF80700DA
S3150800AB80FFE79DF8070002B080BD00000000000046
S3150800AB9080B5D2B05190002050904F904E904D9075
S3150800ABA04C901EA8B821F5F7ADFC5198006844F6FC
S3150800ABB00041C4F2000188427ED1FFE700201F90C1
S3150800ABC002211E913B901EA8FBF73AFF18B1FFE73A
S3150800ABD0F6F7A2FAFFE7FFE744F2E840C5F60200F7
S3150800ABE0016841F400210160006800F400201D900E
S3150800ABF01D98FFE7FFE744F2E040C5F6020001684A
S3150800AC0041F001010160006800F001001C901C98E9
S3150800AC10FFE7022010904C904D90002013904E9024
S3150800AC204F90082050900020C5F6020011904CA9BC
S3150800AC301291FBF70DF9109B11981299139A4FF47C
S3150800AC40805CCDF830C14D934E924F9206225092B9
S3150800AC50FBF7FEF8139942F2C050C2F20040149076
S3150800AC601022C4F2020202603F2242608160C16083
S3150800AC704FF48062026141618161C1610162416292
S3150800AC80F8F71EFD18B1FFE7F6F746FAFFE7FFE704
S3150800AC90519842F2C051C2F20041C0F88010519852
S3150800ACA08863FFE734200F9000221146FBF790FBDC
S3150800ACB00F98FBF781FBC9E15198006845F200013E
S3150800ACC0C4F20001884240F09680FFE700201F90FA
S3150800ACD002211E913B901EA8FBF7B2FE18B1FFE7B2
S3150800ACE0F6F71AFAFFE7FFE744F2E840C5F602006E
S3150800ACF0016841F480110160006800F480101B901F
S3150800AD001B98FFE7FFE744F2E040C5F6020001683A
S3150800AD1041F002010160006800F002001A901A98DA
S3150800AD20FFE7FFE744F2E040C5F60200016841F09C
S3150800AD3008010160006800F0080019901998FFE7FB
S3150800AD404FF400504C9002200B904D9000200D902F
S3150800AD504E904F900E20509040F20040C5F60200EB
S3150800AD604CA90C91FBF774F80B9A0C990D980423CF
S3150800AD704C934D924E904F900820509040F60040CC
S3150800AD80C5F60200FBF764F80D9942F23860C2F284
S3150800AD9000400E9040F21042C4F2020202604122C4
S3150800ADA042608160C1604FF48062026141618161E5
S3150800ADB04FF48072C2614FF4403202624162F8F782
S3150800ADC07FFC18B1FFE7F6F7A7F9FFE7FFE7519809
S3150800ADD042F23861C2F20041C0F880105198886387
S3150800ADE0FFE735200A9000221146FBF7F1FA0A9888
S3150800ADF0FBF7E2FA29E15198006841F20001C4F232
S3150800AE00010188426ED1FFE700201F9001211E91A3
S3150800AE103C901EA8FBF714FE18B1FFE7F6F77CF97D
S3150800AE20FFE7FFE744F2F040C5F60200016841F08B
S3150800AE3010010160006800F0100018901898FFE7EC
S3150800AE40FFE744F2E040C5F60200016841F001015F
S3150800AE500160006800F0010017901798FFE74FF4AB
S3150800AE60C0604C9002204D90002008904E904F9064
S3150800AE70072050900020C5F602004CA9FAF7E8FF13
S3150800AE80089942F2A070C2F2004009902822C4F242
S3150800AE9002020260292242608160C1604FF480622A
S3150800AEA0026141618161C16101624162F8F708FC92
S3150800AEB018B1FFE7F6F730F9FFE7FFE7519842F2D6
S3150800AEC0A071C2F20041C0F8801051988863FFE76C
S3150800AED02520079000221146FBF77AFA0798FBF718
S3150800AEE06BFAB1E05198006841F60041C4F20101DD
S3150800AEF0884240F0A880FFE700201F9001211E919C
S3150800AF003C901EA8FBF79CFD18B1FFE7F6F704F97D
S3150800AF10FFE7FFE744F2F040C5F60200016841F09A
S3150800AF2080010160006800F0800016901698FFE71F
S3150800AF30FFE744F2E040C5F60200016841F010015F
S3150800AF400160006800F0100015901598FFE70420CE
S3150800AF504C90022102914D91002105914E914F91FD
S3150800AF60509041F20000C5F6020003904CA90491E6
S3150800AF70FAF76EFF029B03980499059A4FF0080C9E
S3150800AF80CDF830C14D934E924F920B225092FAF75C
S3150800AF905FFF059942F2B060C2F20040069058225F
S3150800AFA0C4F202020260762242608160C1604FF4F8
S3150800AFB08062026141618161C16101624162F8F7A3
S3150800AFC07FFB18B1FFE7F6F7A7F8FFE7FFE7519809
S3150800AFD042F2B061C2F20041C0F88010519888630D
S3150800AFE0FFE742F22870C2F2004001907021C4F2D5
S3150800AFF00201016077214160402181600021C16022
S3150800B0004FF48062026141618161C16101624162FE
S3150800B010F8F756FB18B1FFE7F6F77EF8FFE7FFE704
S3150800B020519842F22871C2F20041C167519888636B
S3150800B030FFE79C20009000221146FBF7C9F900980B
S3150800B040FBF7BAF9FFE7FFE7FFE7FFE752B080BD76
S3150800B05081B0009001B0704781B0009001B0704790
S3150800B06081B0009001B07047FFE7FEE700000000DE
S3150800B07080B588B0FFE744F2D840C5F602000168FB
S3150800B08041F001010160006800F00100079007988F
S3150800B090FFE7FFE744F2D840C5F60200016841F031
S3150800B0A002010160006800F0020006900698FFE7BA
S3150800B0B00B200090002204921146FBF789F90098AC
S3150800B0C0FBF77AF9049A0C2001901146FBF780F9F0
S3150800B0D00198FBF771F9049A0E2002901146FBF7C6
S3150800B0E077F90298FBF768F9049A0F20039011463E
S3150800B0F0FBF76EF90398FBF75FF9049A3820059079
S3150800B1001146FBF765F90598FBF756F908B080BDB7
S3150800B11080B582B042F61800C2F2004001904AF2A9
S3150800B1200001C4F20001016000228260C2600121B0
S3150800B130017442748174032141610A2383614FF0CB
S3150800B1401D0CC0F81CC0036241628362C0F82CC0A3
S3150800B150036340F2A463436381630421C163082344
S3150800B160036441648364C164026541658265C2659E
S3150800B1702023036642668166FAF702F918B1FFE7EB
S3150800B180F5F7CAFFFFE702B080BD00000000000027
S3150800B19080B582B042F6B800C2F2004001904AF289
S3150800B1A00041C4F20001016000228260C2600121F0
S3150800B1B0017442748174032141610A2383614FF04B
S3150800B1C01D0CC0F81CC0036241628362C0F82CC023
S3150800B1D0036340F2A463436381630421C1630823C4
S3150800B1E0036441648364C164026541658265C2651E
S3150800B1F02023036642668166FAF7C2F818B1FFE7AC
S3150800B200F5F78AFFFFE702B080BD000000000000E6
S3150800B21080B582B042F65810C2F2004001904DF255
S3150800B2200041C4F20001016000228260C26001216F
S3150800B230017442748174032141610A2383614FF0CA
S3150800B2401D0CC0F81CC0036241628362C0F82CC0A2
S3150800B250036340F2A463436381630421C163082343
S3150800B260036441648364C164026541658265C2659D
S3150800B2702023036642668166FAF782F818B1FFE76B
S3150800B280F5F74AFFFFE702B080BD000000000000A6
S3150800B29080B592B00020119010900F900E900D90EE
S3150800B2A0FFE744F2E040C5F60200016841F01001EC
S3150800B2B00160006800F010000C900C98FFE7FFE7AB
S3150800B2C044F2E040C5F60200016841F0040101605D
S3150800B2D0006800F004000B900B98FFE7FFE744F2C4
S3150800B2E0E040C5F60200016841F08001016000688F
S3150800B2F000F080000A900A98FFE7FFE744F2E04072
S3150800B300C5F60200016841F001010160006800F01D
S3150800B310010009900998FFE7FFE744F2E040C5F607
S3150800B3200200016841F002010160006800F00200B5
S3150800B33008900898FFE7FFE744F2E040C5F60200E8
S3150800B340016841F008010160006800F008000790F4
S3150800B3500798FFE740F60000C5F6020003904FF491
S3150800B360204100220592FAF75FFF03984FF48041C7
S3150800B370009101220292FAF757FF029A039805995B
S3150800B3804FF4C0430D930E9202220F9210910DA90D
S3150800B3900491FAF75DFD029B03980499059A4FF408
S3150800B3A0004CCDF834C00E930F931092FAF750FD67
S3150800B3B002980499059A05230D930E920F90002082
S3150800B3C0C5F60200FAF744FD009A029804990D9210
S3150800B3D04FF4041201920E920F9041F20000C5F646
S3150800B3E00200FAF735FD019B029A039804994FF477
S3150800B3F0E05CCDF834C00E930F92FAF729FD059A52
S3150800B400282006901146FAF7E3FF0698FAF7D4FFC4
S3150800B41012B080BD0000000080B58CB000210191FB
S3150800B4200B910A910991089107910691059104914A
S3150800B4300391029142F6F810C2F2004041F600026A
S3150800B440C4F200020260EF224260816040F2E732F5
S3150800B450C260016180218161FEF776F918B1FFE7C4
S3150800B460F5F75AFEFFE7002009900B9042F6F81010
S3150800B470C2F2004009A9FDF727FC18B1FFE7F5F766
S3150800B4804BFEFFE760200290002003900490069090
S3150800B49042F6F810C2F2004002A90422FEF77CF830
S3150800B4A018B1FFE7F5F738FEFFE742F6F810C2F2E3
S3150800B4B00040FEF711F80CB080BD00000000000047
S3150800B4C080B58CB0002101910B910A9109910891E0
S3150800B4D007910691059104910391029142F6442041
S3150800B4E0C2F2004040F20042C4F20002026041602B
S3150800B4F08160FF22C26001618161FEF725F918B1FA
S3150800B500FFE7F5F709FEFFE7002009900B9042F6E2
S3150800B5104420C2F2004009A9FDF7D6FB18B1FFE79F
S3150800B520F5F7FAFDFFE760200290002003900490EB
S3150800B5300420069042F64420C2F2004002A90C22DA
S3150800B540FEF72AF818B1FFE7F5F7E6FDFFE742F63A
S3150800B5504420C2F20040FDF7BFFF0CB080BD0000DA
S3150800B56080B588B000210091079106910591049154
S3150800B57003910291019142F69020C2F2004040F6F2
S3150800B5800002C4F200020260EF2242608160632278
S3150800B590C26001618161FDF757FC18B1FFE7F5F755
S3150800B5A0BBFDFFE74FF48050049042F69020C2F2AC
S3150800B5B0004004A9FDF77CFD18B1FFE7F5F7ACFDDF
S3150800B5C0FFE700200190039042F69020C2F2004067
S3150800B5D001A9FDF779FB18B1FFE7F5F79DFDFFE730
S3150800B5E008B080BD0000000080B588B00021009139
S3150800B5F0079106910591049103910291019142F6F2
S3150800B600DC20C2F2004040F60042C4F200020260AA
S3150800B610EF224260816040F2E732C26001618161D7
S3150800B620FDF712FC18B1FFE7F5F776FDFFE74FF4D3
S3150800B6308050049042F6DC20C2F2004004A9FDF7CF
S3150800B64037FD18B1FFE7F5F767FDFFE70020019022
S3150800B650039042F6DC20C2F2004001A9FDF734FB54
S3150800B66018B1FFE7F5F758FDFFE708B080BD000001
S3150800B67080B582B042F65040C2F20040019044F6CE
S3150800B6800041C4F2000101604FF4E13141604FF41A
S3150800B690805181604FF40051C1604FF480610161AF
S3150800B6A00421416100218161C161016241628162B7
S3150800B6B0FFF716FA18B1FFE7F5F72EFDFFE742F692
S3150800B6C05040C2F200400021FEF752FE18B1FFE7D3
S3150800B6D0F5F722FDFFE742F65040C2F2004000218E
S3150800B6E0FEF7FEFD18B1FFE7F5F716FDFFE742F690
S3150800B6F05040C2F20040FEF7ABFB18B1FFE7F5F782
S3150800B7000BFDFFE702B080BD80B582B042F6E4408B
S3150800B710C2F20040009045F20001C4F20001016047
S3150800B7204FF4E1314160002101918160C1600161FE
S3150800B730042242618161C161016241628162FFF74F
S3150800B740CFF918B1FFE7F5F7E7FCFFE742F6E44063
S3150800B750C2F200400021FEF70BFE18B1FFE7F5F72D
S3150800B760DBFCFFE742F6E440C2F200400021FEF7A8
S3150800B770B7FD18B1FFE7F5F7CFFCFFE742F6E4405F
S3150800B780C2F20040FEF764FB18B1FFE7F5F7C4FC08
S3150800B790FFE702B080BD000080B582B042F6BC303B
S3150800B7A0C2F20040009041F60041C4F20101016076
S3150800B7B04FF416514160002101918160C160016119
S3150800B7C00C2242618161C161016241628162FFF7B7
S3150800B7D087F918B1FFE7F5F79FFCFFE742F6BC309B
S3150800B7E0C2F200400021FEF7C3FD18B1FFE7F5F7E6
S3150800B7F093FCFFE742F6BC30C2F200400021FEF798
S3150800B8006FFD18B1FFE7F5F787FCFFE742F6BC3096
S3150800B810C2F20040FEF71CFB18B1FFE7F5F77CFC07
S3150800B820FFE702B080BD000080B582B042F628303E
S3150800B830C2F20040019041F20001C4F20101016028
S3150800B84048F2A061C0F201014160002181604FF415
S3150800B8500052C2604FF4806202610C22426181612B
S3150800B860C16101624162022181624FF48031016344
S3150800B870FFF736F918B1FFE7F5F74EFCFFE742F692
S3150800B8802830C2F200400021FEF772FD18B1FFE72A
S3150800B890F5F742FCFFE742F62830C2F200400021E5
S3150800B8A0FEF71EFD18B1FFE7F5F736FCFFE742F68F
S3150800B8B02830C2F20040FEF7CBFA18B1FFE7F5F7D9
S3150800B8C02BFCFFE702B080BDFFE7FEE700000000A3
S3150800B8D0FFE7FEE70000000088B007900691059292
S3150800B8E0079800F0070004900498C0F1070005289F
S3150800B8F003D3FFE70420019004E00498C0F1070091
S3150800B9000190FFE70198039004980430062803D8AD
S3150800B910FFE70020009003E0049803380090FFE753
S3150800B9200098029006980399012202FA01F101395A
S3150800B9300840029B984005999A40013A11400843ED
S3150800B94008B07047000000007047000000000000C3
S3150800B95080B586B00490039100208DF8070044F264
S3150800B9602840C5F60200006800F00300032804D149
S3150800B970FFE701208DF81700CBE044F20041C5F639
S3150800B9800201086820F080600860FAF765FC0290FA
S3150800B990FFE744F20040C5F60200006800F00061C7
S3150800B9A00020B0EBD16F0CD0FFE7FAF755FC0299EF
S3150800B9B0401A032804D3FFE703208DF81700A8E0F0
S3150800B9C0E7E7FFE744F22841C5F60201086820F4D4
S3150800B9D07C30049A126840EA023008600499486884
S3150800B9E0D1F808C0CB680A6901386FF35F204FF6B3
S3150800B9F00061CFF6FF7101EB4C2189B208440021A2
S3150800BA00CFF6FF7101EB034101F4FE0108444FF044
S3150800BA107F4101EB026101F0FE41084444F23841DE
S3150800BA20C5F602010860FFE744F22C41C5F602019B
S3150800BA300091086820F0C000049A52691043086013
S3150800BA40086820F02000049A926910430860086884
S3150800BA5020F01000086044F23C42C5F60202106865
S3150800BA604FF6F8739843049BDB6940EAC3001060FD
S3150800BA70086840F010000860039848B9FFE744F2E8
S3150800BA802C41C5F60201086840F40020086016E05B
S3150800BA900398012809D1FFE744F22C41C5F60201B3
S3150800BAA0086840F48010086008E044F22C41C5F6A6
S3150800BAB00201086840F400100860FFE7FFE744F257
S3150800BAC00041C5F60201086840F080600860FAF790
S3150800BAD0C3FB0290FFE744F20040C5F60200006887
S3150800BAE000F000610020B0EBD16F0CD1FFE7FAF748
S3150800BAF0B3FB0299401A032804D3FFE703208DF805
S3150800BB00170006E0E7E7FFE79DF807008DF817003E
S3150800BB10FFE79DF8170006B080BD00000000000092
S3150800BB2080B586B00490039100208DF8070044F292
S3150800BB302840C5F60200006800F00300032804D177
S3150800BB40FFE701208DF81700CBE044F20041C5F667
S3150800BB500201086820F080500860FAF77DFB029021
S3150800BB60FFE744F20040C5F60200006800F0005105
S3150800BB700020B0EB517F0CD0FFE7FAF76DFB029976
S3150800BB80401A032804D3FFE703208DF81700A8E01E
S3150800BB90E7E7FFE744F22841C5F60201086820F006
S3150800BBA07C70049A126840EA025008600499486852
S3150800BBB0D1F808C0CB680A6901386FF35F204FF6E1
S3150800BBC00061CFF6FF7101EB4C2189B208440021D0
S3150800BBD0CFF6FF7101EB034101F4FE0108444FF073
S3150800BBE07F4101EB026101F0FE41084444F2404105
S3150800BBF0C5F602010860FFE744F22C41C5F60201CA
S3150800BC000091086820F44060049A5269104308605D
S3150800BC10086820F40070049A92691043086008685E
S3150800BC2020F48070086044F24442C5F602021068A7
S3150800BC304FF6F8739843049BDB6940EAC30010602B
S3150800BC40086840F480700860039848B9FFE744F232
S3150800BC502C41C5F60201086840F48000086016E029
S3150800BC600398012809D1FFE744F22C41C5F60201E1
S3150800BC70086840F40000086008E044F22C41C5F664
S3150800BC800201086840F080700860FFE7FFE744F2A9
S3150800BC900041C5F60201086840F080500860FAF7CE
S3150800BCA0DBFA0290FFE744F20040C5F6020000689E
S3150800BCB000F000510020B0EB517F0CD1FFE7FAF7F6
S3150800BCC0CBFA0299401A032804D3FFE703208DF81C
S3150800BCD0170006E0E7E7FFE79DF807008DF817006D
S3150800BCE0FFE79DF8170006B080BD000000000000C1
S3150800BCF0704700000000000080B582B000900098F0
S3150800BD000138B0F1807F03D3FFE70120019019E0E5
S3150800BD10009801384EF21401CEF2000108604FF087
S3150800BD20FF300F2106F09CFD4EF21801CEF20001FD
S3150800BD30002008604EF21002CEF2000207211160C0
S3150800BD400190FFE7019802B080BD000000000000E6
S3150800BD5080B5FAF789FA80BD80B59EB00BA84C214C
S3150800BD60F4F7D0FB002001900A90099008900790FC
S3150800BD7006900590049003900220FAF749FBFFE726
S3150800BD800020029044F61800C5F60200016821F466
S3150800BD9040410160006800F4404002900298FFE7C5
S3150800BDA0FFE744F61800C5F60200006800F40050E4
S3150800BDB0B0F5005F01D0FFE7F3E701210B914FF4DF
S3150800BDC080300C9002201490159016902822179215
S3150800BDD01891042119911A900C201B9000201C9090
S3150800BDE01D900BA8FCF74CFA18B1FFE7F5F794F984
S3150800BDF0FFE73F20039003210491002005900820C7
S3150800BE0006904020079008904FF4806209920A90A5
S3150800BE1003A8FBF70DFE18B1FFE7F5F77DF9FFE775
S3150800BE201EB080BD000000004EF68851CEF200011B
S3150800BE30086840F47000086042F20000C5F200206D
S3150800BE40006800F00F0006280AD8FFE742F2000152
S3150800BE50C5F200210868072262F303000860FFE7BD
S3150800BE6044F20041C5F60201086840F00100086086
S3150800BE7044F21042C5F602020020106008684EF629
S3150800BE807F52CEF6F6221040086042F20000C5F254
S3150800BE900020006800F00F0008280AD3FFE742F2E6
S3150800BEA00001C5F200210868072262F30300086052
S3150800BEB0FFE744F21841C5F602010020086044F283
S3150800BEC01C41C5F60201086044F22041C5F602018C
S3150800BED0086044F22842C5F6020240F20021C0F288
S3150800BEE00221116044F22C42C5F602020021C0F27A
S3150800BEF0FF11116044F23042C5F6020240F2802179
S3150800BF00C0F20111116044F23442C5F60202106013
S3150800BF1044F23842C5F60202116044F23C42C5F6C4
S3150800BF200202106044F24042C5F60202116044F271
S3150800BF304441C5F60201086044F20042C5F6020211
S3150800BF40116821F48021116044F26041C5F60201AE
S3150800BF50086044F20001C5F2002143F2D2000860ED
S3150800BF60704700000000000080B542F69020C2F23B
S3150800BF700040FDF789F980BD80B542F6DC20C2F2A3
S3150800BF800040FDF781F980BD83B0029001910298C7
S3150800BF900068009002980021C4F20101884225D069
S3150800BFA0FFE70298B0F1804F20D0FFE7029840F2F1
S3150800BFB00041C4F20001884218D0FFE7029840F613
S3150800BFC00001C4F20001884210D0FFE7029840F64B
S3150800BFD00041C4F20001884208D0FFE7029840F207
S3150800BFE00041C4F2010188420AD1FFE7009820F017
S3150800BFF07000009001984168009808430090FFE798
S3150800C00002980021C4F2010188424DD0FFE7029848
S3150800C010B0F1804F48D0FFE7029840F20041C4F2E1
S3150800C0200001884240D0FFE7029840F60001C4F2BA
S3150800C0300001884238D0FFE7029840F60041C4F272
S3150800C0400001884230D0FFE7029840F20041C4F26E
S3150800C0500101884228D0FFE7029844F20001C4F2A1
S3150800C0600101884220D0FFE7029844F20041C4F259
S3150800C0700101884218D0FFE7029844F60001C4F28D
S3150800C0800101884210D0FFE702984EF20001C4F27F
S3150800C0900001884208D0FFE702984EF20041C4F238
S3150800C0A0000188420AD1FFE7009820F4407000900A
S3150800C0B00198C168009808430090FFE7009820F0AF
S3150800C0C08000019949690843009000980299086020
S3150800C0D0019880680299C862019800680299886286
S3150800C0E002980021C4F20101884220D0FFE7029895
S3150800C0F040F20041C4F20101884218D0FFE70298D5
S3150800C10044F20001C4F20101884210D0FFE7029808
S3150800C11044F20041C4F20101884208D0FFE70298C0
S3150800C12044F60001C4F20101884205D1FFE70198EF
S3150800C130006902990863FFE702990120486102989D
S3150800C1400069C00730B1FFE70299086920F00100CD
S3150800C1500861FFE703B0704784B00390029101922B
S3150800C160029800F01F01012088400090009A039968
S3150800C170086A904308620198029901F01F0100FAC3
S3150800C18001F20399086A1043086204B07047000078
S3150800C19085B00490039102920193049880680090F8
S3150800C1A0009820F47F40009003980299019A41EA8A
S3150800C1B0022101430098084300900098049988607A
S3150800C1C005B070470000000083B002900191029804
S3150800C1D08068009000984FF68F71CFF6CF710840AF
S3150800C1E0009001980099084340F0070000900098D5
S3150800C1F00299886003B0704785B00490039104984B
S3150800C200006A01900499086A20F0010008620498FF
S3150800C2104068009004988069029002984FF68F71E2
S3150800C220CFF6FE7108400290029820F003000290B3
S3150800C23003980168029808430290019820F00200CA
S3150800C2400190039881680198084301900498002199
S3150800C250C4F20101884220D0FFE7049840F2004169
S3150800C260C4F20101884218D0FFE7049844F200019D
S3150800C270C4F20101884210D0FFE7049844F2004155
S3150800C280C4F20101884208D0FFE7049844F6000189
S3150800C290C4F2010188420ED1FFE7019820F0080098
S3150800C2A001900398C168019808430190019820F00D
S3150800C2B004000190FFE704980021C4F201018842B6
S3150800C2C020D0FFE7049840F20041C4F201018842F9
S3150800C2D018D0FFE7049844F20001C4F2010188422D
S3150800C2E010D0FFE7049844F20041C4F201018842E5
S3150800C2F008D0FFE7049844F60001C4F20101884219
S3150800C30013D1FFE7009820F480700090009820F47D
S3150800C31000700090039841690098084300900398BC
S3150800C3208169009808430090FFE7009804994860DF
S3150800C33002980499886103984068049948630198AB
S3150800C3400499086205B0704785B004900391049873
S3150800C350006A01900499086A20F01000086204989F
S3150800C36040680090049880690290029848F6FF7128
S3150800C370CFF6FF6108400290029820F440700290C0
S3150800C38003980168029840EA01200290019820F07B
S3150800C3902000019003988168019840EA01100190F5
S3150800C3A004980021C4F20101884229D0FFE70498C5
S3150800C3B040F20041C4F20101884221D0FFE7049807
S3150800C3C044F20001C4F20101884203D1FFE70020CC
S3150800C3D0B0B9FFE7049844F20041C4F2010188426B
S3150800C3E003D1FFE7002058B9FFE7049844F6000197
S3150800C3F0C4F20101884212D1FFE7012078B9FFE7AC
S3150800C400019820F0800001900398C168019840EADD
S3150800C41001100190019820F040000190FFE7049870
S3150800C4200021C4F20101884220D0FFE7049840F2B7
S3150800C4300041C4F20101884218D0FFE7049844F28B
S3150800C4400001C4F20101884210D0FFE7049844F2C3
S3150800C4500041C4F20101884208D0FFE7049844F677
S3150800C4600001C4F20101884215D1FFE7009820F4C3
S3150800C47080600090009820F400600090039841695D
S3150800C480009840EA8100009003988169009840EA84
S3150800C49081000090FFE70098049948600298049983
S3150800C4A0886103984068049988630198049908622A
S3150800C4B005B070470000000085B004900391049809
S3150800C4C0006A01900499086A20F48070086204984A
S3150800C4D0406800900498C069029002984FF68F71E0
S3150800C4E0CFF6FE7108400290029820F003000290F1
S3150800C4F003980168029808430290019820F4007096
S3150800C500019003988168019840EA012001900498F7
S3150800C5100021C4F20101884229D0FFE7049840F2BD
S3150800C5200041C4F20101884221D0FFE7049844F291
S3150800C5300001C4F20101884203D1FFE70020B0B927
S3150800C540FFE7049844F20041C4F20101884203D18E
S3150800C550FFE7002058B9FFE7049844F60001C4F243
S3150800C5600101884212D1FFE7012078B9FFE7019857
S3150800C57020F4006001900398C168019840EA012000
S3150800C5800190019820F480600190FFE7049800214B
S3150800C590C4F20101884220D0FFE7049840F2004126
S3150800C5A0C4F20101884218D0FFE7049844F200015A
S3150800C5B0C4F20101884210D0FFE7049844F2004112
S3150800C5C0C4F20101884208D0FFE7049844F6000146
S3150800C5D0C4F20101884215D1FFE7009820F4805083
S3150800C5E00090009820F40050009003984169009844
S3150800C5F040EA0110009003988169009840EA01100A
S3150800C6000090FFE700980499486002980499C86169
S3150800C610039840680499C86301980499086205B0AC
S3150800C620704700000000000085B00490039104984C
S3150800C630006A01900499086A20F4805008620498F8
S3150800C640406800900498C0690290029848F6FF7105
S3150800C650CFF6FF6108400290029820F440700290DD
S3150800C66003980168029840EA01200290019820F494
S3150800C6700050019003988168019840EA01300190C2
S3150800C68004980021C4F20101884220D0FFE70498EB
S3150800C69040F20041C4F20101884218D0FFE704982D
S3150800C6A044F20001C4F20101884210D0FFE7049861
S3150800C6B044F20041C4F20101884208D0FFE7049819
S3150800C6C044F60001C4F2010188420BD1FFE7009845
S3150800C6D020F48040009003984169009840EA811050
S3150800C6E00090FFE700980499486002980499C86189
S3150800C6F0039840680499086401980499086205B08B
S3150800C700704700000000000085B00490039104986B
S3150800C710006A01900499086A20F480300862049837
S3150800C720406800900498406D029002984FF68F7109
S3150800C730CFF6FE71084002900398016802980843F4
S3150800C7400290019820F400300190039881680198BE
S3150800C75040EA0140019004980021C4F20101884290
S3150800C76020D0FFE7049840F20041C4F20101884254
S3150800C77018D0FFE7049844F20001C4F20101884288
S3150800C78010D0FFE7049844F20041C4F20101884240
S3150800C79008D0FFE7049844F60001C4F20101884274
S3150800C7A00BD1FFE7009820F4803000900398416988
S3150800C7B0009840EA01200090FFE700980499486035
S3150800C7C00298049948650398406804998865019811
S3150800C7D00499086205B0704785B0049003910498DF
S3150800C7E0006A01900499086A20F480100862049887
S3150800C7F0406800900498406D0290029848F6FF71D0
S3150800C800CFF6FF610840029003980168029840EA53
S3150800C81001200290019820F4001001900398816885
S3150800C820019840EA0150019004980021C4F20101E0
S3150800C830884220D0FFE7049840F20041C4F2010183
S3150800C840884218D0FFE7049844F20001C4F20101B7
S3150800C850884210D0FFE7049844F20041C4F201016F
S3150800C860884208D0FFE7049844F60001C4F20101A3
S3150800C87088420BD1FFE7009820F4802000900398A7
S3150800C8804169009840EA81200090FFE700980499E2
S3150800C8904860029804994865039840680499C865F1
S3150800C8A001980499086205B070470000000000006E
S3150800C8B085B00490039102920498006A0090049946
S3150800C8C0086A20F0010008620498806901900198BE
S3150800C8D020F0F00001900299019840EA01100190B9
S3150800C8E0009820F00A0000900399009808430090E9
S3150800C8F001980499886100980499086205B0704700
S3150800C90085B00490039102920498006A00900499F5
S3150800C910086A20F01000086204988069019001985E
S3150800C92020F4704001900299019840EA0130019084
S3150800C930009820F0A00000900399009840EA0110A2
S3150800C940009001980499886100980499086205B0D6
S3150800C950704700000000000080B582B002F058F869
S3150800C9600420DFED280AB0EE600A02F021F842F64C
S3150800C9701800C2F200404EF2A961C0F6000101F0AB
S3150800C9802FFA42F6B800C2F200404EF24971C0F6DC
S3150800C990000101F025FA42F6E440C2F200404EF2E8
S3150800C9A0F951C0F60001202202F0A2F942F69020C1
S3150800C9B0C2F2004000904EF61101C0F6000102F0E6
S3150800C9C067F842F6DC20C2F2004001904EF221617F
S3150800C9D0C0F6000102F05CF841F22C70C2F2004089
S3150800C9E09FED090A04F094F80098FCF7CDFA01982F
S3150800C9F0FCF7CAFA42F67851C2F2004101200870E3
S3150800CA0002B080BD000000008FC2F53C00000000A7
S3150800CA10704700000000000080B542F65040C2F2A0
S3150800CA200040FDF7F9FC80BD80B542F6E440C2F24D
S3150800CA300040FDF7F1FC80BD82B001900198406E80
S3150800CA4040B9FFE701990120A1F86A000199A1F808
S3150800CA50680032E010208DF803008DF80200019876
S3150800CA6000688068C0F342608DF80100019800688C
S3150800CA708068400F8DF800009DF802009DF80020A0
S3150800CA8042F61823C0F60103995C484342F6102182
S3150800CA90C0F601018A5CB0FBF2F0019AA2F86A00BE
S3150800CAA09DF803009DF801209B5C5843895CB0FB08
S3150800CAB0F1F00199A1F86800FFE702B0704700009D
S3150800CAC081B00090009890F82800000700280BD540
S3150800CAD0FFE700980068406820F40040009A116853
S3150800CAE0926B10434860FFE7009890F82800C0074B
S3150800CAF058B1FFE700980068406820F40030009AB3
S3150800CB001168D26A10434860FFE7009890F8280039
S3150800CB10800700280BD5FFE700980068406820F4D6
S3150800CB208030009A1168126B10434860FFE700983E
S3150800CB3090F82800400700280BD5FFE70098006802
S3150800CB40406820F48020009A1168526B10434860B0
S3150800CB50FFE7009890F82800C00600280BD5FFE7E5
S3150800CB6000980068806820F48050009A1168D26B9B
S3150800CB7010438860FFE7009890F828008006002890
S3150800CB800BD5FFE700980068806820F40050009AEB
S3150800CB901168126C10438860FFE7009890F8280027
S3150800CBA0400600281CD5FFE700980068406820F476
S3150800CBB08010009A1168526C104348600098406CC7
S3150800CBC0B0F5801F0BD1FFE700980068406820F495
S3150800CBD0C000009A1168926C10434860FFE7FFE7AF
S3150800CBE0009890F82800000600280BD5FFE7009863
S3150800CBF00068406820F40020009A1168D26C10433F
S3150800CC004860FFE701B0704780B588B0069006997E
S3150800CC100020C1F89000F9F71FFB059006980068F8
S3150800CC200068000700282FD5FFE70698059B6A4687
S3150800CC306FF07E4111604FF40011002200F0D8FF1A
S3150800CC4008B3FFE7FFE7FFE70698006850E8000F1C
S3150800CC5020F080000490FFE704990698026842E8ED
S3150800CC6000100028F0D1FFE7FFE706992020C1F859
S3150800CC708800FFE70699002081F88400FFE7032073
S3150800CC808DF81F005FE0FFE7069800680068400718
S3150800CC90002842D5FFE70698059B6A466FF07E4155
S3150800CCA011604FF48001002200F0A2FFA0B3FFE755
S3150800CCB0FFE7FFE70698006850E8000F20F4907039
S3150800CCC00390FFE703990698026842E800100028D7
S3150800CCD0F0D1FFE7FFE7FFE7FFE70698006850E8AF
S3150800CCE0020F20F001000290FFE7029906980268F9
S3150800CCF042E802100028F0D1FFE7FFE70699202056
S3150800CD00C1F88C00FFE70699002081F88400FFE748
S3150800CD1003208DF81F0016E0FFE706992020C1F8CA
S3150800CD2088000699C1F88C0006990020C8660699FD
S3150800CD300867FFE70699002081F88400FFE70020CE
S3150800CD408DF81F00FFE79DF81F0008B080BD0000A2
S3150800CD5080B582B001900198806B00900099002000
S3150800CD60A1F85E000099A1F856000098FDF750FB5F
S3150800CD7002B080BD0000000080B584B0039003981F
S3150800CD80806B02900298D0F8880001900298D0F83B
S3150800CD908C000090029800688068000600280CD570
S3150800CDA0FFE70198212808D1FFE702990020A1F89A
S3150800CDB05600029800F02CF9FFE702980068806890
S3150800CDC0400600280CD5FFE70098222808D1FFE77F
S3150800CDD002990020A1F85E00029800F0A5F8FFE786
S3150800CDE00299D1F8900040F01000C1F8900002981E
S3150800CDF0FDF70EFB04B080BD80B586B0059005989A
S3150800CE00806B04900598C069B0F5807F5BD0FFE71A
S3150800CE1004990020A1F85E00FFE7FFE70498006880
S3150800CE2050E8000F20F480700390FFE703990498F8
S3150800CE30026842E800100028F0D1FFE7FFE7FFE7A5
S3150800CE40FFE70498006850E8020F20F001000290FE
S3150800CE50FFE702990498026842E802100028F0D118
S3150800CE60FFE7FFE7FFE7FFE70498006850E8020FCF
S3150800CE7020F040000190FFE701990498026842E813
S3150800CE8002100028F0D1FFE7FFE704992020C1F837
S3150800CE908C000498C06E012814D1FFE7FFE7FFE76E
S3150800CEA00498006850E8000F20F010000090FFE793
S3150800CEB000990498026842E800100028F0D1FFE7BC
S3150800CEC0FFE7FFE7FFE70499002008670498C06EAC
S3150800CED0012806D1FFE70498B0F85C10FDF750F872
S3150800CEE003E00498FEF7B4F8FFE706B080BD00003B
S3150800CEF080B582B001900198806B0090009901205E
S3150800CF0008670098C06E012807D1FFE70098B0F8B7
S3150800CF105C104908FDF734F803E00098FEF79CF822
S3150800CF20FFE702B080BD000084B00390FFE7FFE78B
S3150800CF300398006850E8000F20F490700290FFE70D
S3150800CF4002990398026842E800100028F0D1FFE72A
S3150800CF50FFE7FFE7FFE70398006850E8020F4FF680
S3150800CF60FE71CEF6FF7108400190FFE7019903981C
S3150800CF70026842E802100028EDD1FFE7FFE70398B0
S3150800CF80C06E012814D1FFE7FFE7FFE703980068A2
S3150800CF9050E8000F20F010000090FFE70099039872
S3150800CFA0026842E800100028F0D1FFE7FFE7FFE734
S3150800CFB003992020C1F88C0003990020C8660399BC
S3150800CFC0486704B07047000080B582B00190FFE75B
S3150800CFD0FFE70198006850E8000F20F04000009035
S3150800CFE0FFE700990198026842E800100028F0D18E
S3150800CFF0FFE7FFE701992020C1F888000199002082
S3150800D00088670198FEF72CF802B080BD0000000082
S3150800D01083B00290FFE7FFE70298006850E8000F28
S3150800D02020F0C0000190FFE701990298026842E8E3
S3150800D03000100028F0D1FFE7FFE7FFE7FFE70298B7
S3150800D040006850E8020F20F400000090FFE70099FE
S3150800D0500298026842E802100028F0D1FFE7FFE7CD
S3150800D06002992020C1F8880003B07047000000002C
S3150800D07080B59EB01D9000208DF867001D98006849
S3150800D08040F60041C5F60001884201D1FFE700E0FD
S3150800D090FFE71D9988680B694A69C96918431043EF
S3150800D0A008431C901D980068006846F6F311CCF6F4
S3150800D0B0FF7108401C9908431D99096808601D9866
S3150800D0C00068406820F440501D9A1168D2681043E1
S3150800D0D048601D9880691C901D98006840F60041BC
S3150800D0E0C5F60001884206D0FFE71D98016A1C981C
S3150800D0F008431C90FFE71D98006880684FF2FF41BF
S3150800D100C1F2FF1108401C9908431D9909688860F7
S3150800D1101D980068C06A20F00F001D9A1168526AAF
S3150800D1201043C862FFE71D98006841F20001C4F287
S3150800D1300101884240F04180FFE744F25440C5F6B9
S3150800D1400200006800F038000146109128282FD800
S3150800D1501099DFE801F0152D2D2D2D2D2D2D192DCA
S3150800D1602D2D2D2D2D2D1D2D2D2D2D2D2D2D212DFD
S3150800D1702D2D2D2D2D2D252D2D2D2D2D2D2D29000A
S3150800D18001208DF86D0017E004208DF86D0013E07E
S3150800D19008208DF86D000FE010208DF86D000BE06B
S3150800D1A020208DF86D0007E040208DF86D0003E023
S3150800D1B080208DF86D00FFE76CE21D98006844F248
S3150800D1C00041C4F2000188422ED1FFE744F25440E0
S3150800D1D0C5F60200006800F0070001460F91052811
S3150800D1E01DD80F99DFE801F003070B0F131700206E
S3150800D1F08DF86D0017E004208DF86D0013E0082007
S3150800D2008DF86D000FE010208DF86D000BE02020E2
S3150800D2108DF86D0007E040208DF86D0003E0802052
S3150800D2208DF86D00FFE734E21D98006844F60001AA
S3150800D230C4F2000188422ED1FFE744F25440C5F6F5
S3150800D2400200006800F0070001460E9105281DD867
S3150800D2500E99DFE801F003070B0F131700208DF86E
S3150800D2606D0017E004208DF86D0013E008208DF896
S3150800D2706D000FE010208DF86D000BE020208DF872
S3150800D2806D0007E040208DF86D0003E080208DF8E2
S3150800D2906D00FFE7FCE11D98006844F60041C4F202
S3150800D2A0000188422ED1FFE744F25440C5F6020039
S3150800D2B0006800F0070001460D9105281DD80D9954
S3150800D2C0DFE801F003070B0F131700208DF86D0038
S3150800D2D017E004208DF86D0013E008208DF86D0026
S3150800D2E00FE010208DF86D000BE020208DF86D0002
S3150800D2F007E040208DF86D0003E080208DF86D0072
S3150800D300FFE7C4E11D98006845F20001C4F2000178
S3150800D31088422ED1FFE744F25440C5F60200006861
S3150800D32000F0070001460C9105281DD80C99DFE886
S3150800D33001F003070B0F131700208DF86D0017E097
S3150800D34004208DF86D0013E008208DF86D000FE0BD
S3150800D35010208DF86D000BE020208DF86D0007E099
S3150800D36040208DF86D0003E080208DF86D00FFE702
S3150800D3708CE11D98006841F20041C4F2010188421F
S3150800D38040F04180FFE744F25440C5F602000068C9
S3150800D39000F0380001460B9128282FD80B99DFE8B2
S3150800D3A001F0152D2D2D2D2D2D2D192D2D2D2D2D34
S3150800D3B02D2D1D2D2D2D2D2D2D2D212D2D2D2D2DAB
S3150800D3C02D2D252D2D2D2D2D2D2D290001208DF8C6
S3150800D3D06D0017E004208DF86D0013E008208DF825
S3150800D3E06D000FE010208DF86D000BE020208DF801
S3150800D3F06D0007E040208DF86D0003E080208DF871
S3150800D4006D00FFE741E11D98006847F60001C4F288
S3150800D410000188422ED1FFE744F25440C5F60200C7
S3150800D420006800F0070001460A9105281DD80A99E8
S3150800D430DFE801F003070B0F131700208DF86D00C6
S3150800D44017E004208DF86D0013E008208DF86D00B4
S3150800D4500FE010208DF86D000BE020208DF86D0090
S3150800D46007E040208DF86D0003E080208DF86D0000
S3150800D470FFE709E11D98006847F60041C4F200017C
S3150800D48088422ED1FFE744F25440C5F602000068F0
S3150800D49000F007000146099105281DD80999DFE81B
S3150800D4A001F003070B0F131700208DF86D0017E026
S3150800D4B004208DF86D0013E008208DF86D000FE04C
S3150800D4C010208DF86D000BE020208DF86D0007E028
S3150800D4D040208DF86D0003E080208DF86D00FFE791
S3150800D4E0D1E01D98006841F60001C4F201018842A6
S3150800D4F040F04180FFE744F25440C5F60200006858
S3150800D50000F038000146089128282FD80899DFE846
S3150800D51001F0152D2D2D2D2D2D2D192D2D2D2D2DC2
S3150800D5202D2D1D2D2D2D2D2D2D2D212D2D2D2D2D39
S3150800D5302D2D252D2D2D2D2D2D2D290001208DF854
S3150800D5406D0017E004208DF86D0013E008208DF8B3
S3150800D5506D000FE010208DF86D000BE020208DF88F
S3150800D5606D0007E040208DF86D0003E080208DF8FF
S3150800D5706D00FFE786E01D98006841F60041C4F299
S3150800D5800101884240F04180FFE744F25440C5F665
S3150800D5900200006800F038000146079128282FD8B5
S3150800D5A00799DFE801F0152D2D2D2D2D2D2D192D7F
S3150800D5B02D2D2D2D2D2D1D2D2D2D2D2D2D2D212DA9
S3150800D5C02D2D2D2D2D2D252D2D2D2D2D2D2D2900B6
S3150800D5D001208DF86D0017E004208DF86D0013E02A
S3150800D5E008208DF86D000FE010208DF86D000BE017
S3150800D5F020208DF86D0007E040208DF86D0003E0CF
S3150800D60080208DF86D00FFE73BE01D98006840F626
S3150800D6100041C5F6000188422ED1FFE744F2584082
S3150800D620C5F60200006800F00700014606910528C5
S3150800D6301DD80699DFE801F003070B0F1317022020
S3150800D6408DF86D0017E004208DF86D0013E00820B2
S3150800D6508DF86D000FE010208DF86D000BE020208E
S3150800D6608DF86D0007E040208DF86D0003E08020FE
S3150800D6708DF86D00FFE703E080208DF86D00FFE769
S3150800D680FFE7FFE7FFE7FFE7FFE7FFE7FFE7FFE75C
S3150800D690FFE7FFE7FFE71D98006840F60041C5F67B
S3150800D6A00001884240F0B480FFE79DF86D0001460E
S3150800D6B00591022814D0FFE70598042814D0FFE73F
S3150800D6C00598082816D0FFE70598102818D0FFE710
S3150800D6D00598202835D0FFE70598402837D03AE046
S3150800D6E0F8F7EAFE11903CE015A8F8F7F9FE169847
S3150800D6F0119036E012A8F9F74BF81398119030E01C
S3150800D70044F20040C5F60200006800F0200100203F
S3150800D710B0EB511F0ED0FFE744F20040C5F60200F9
S3150800D7200068C0F3C10149F20000C0F2D030C84019
S3150800D730119005E049F20000C0F2D0301190FFE7E1
S3150800D7400FE040F60010C0F23D00119009E04FF4DA
S3150800D7500040119005E00020119001208DF8670027
S3150800D760FFE71198002852D0FFE711981D994A6AD9
S3150800D77042F62021C0F6010131F81210B0FBF1F093
S3150800D780189018981D99496801EB4101884207D3FA
S3150800D790FFE718981D994968B0EB013F04D9FFE7E0
S3150800D7A001208DF8670031E011981D994A680392A7
S3150800D7B04A6A42F62021C0F6010131F812200023F8
S3150800D7C004931946F2F7F4FD039A049B090241EA09
S3150800D7D01061000210EB520041F10001F2F7E8FD7A
S3150800D7E01A901A98B0F5407F0BD3FFE71A990020D4
S3150800D7F0B0EB115F05D1FFE71A981D990968C86053
S3150800D80003E001208DF86700FFE7FFE7FFE746E141
S3150800D8101D98C069B0F5004F40F0A880FFE79DF855
S3150800D8206D0001460291402800F263800299DFE804
S3150800D83001F021256060296060602F60606060608B
S3150800D84060603560606060606060606060606060F5
S3150800D85060605660606060606060606060606060C4
S3150800D86060606060606060606060606060606060AA
S3150800D87060605C00FAF754FB119040E0FAF764FB2D
S3150800D88011903CE015A8F8F72BFE1698119036E093
S3150800D89012A8F8F77DFF1398119030E044F2004083
S3150800D8A0C5F60200006800F020010020B0EB511F09
S3150800D8B00ED0FFE744F20040C5F602000068C0F348
S3150800D8C0C10149F20000C0F2D030C840119005E00D
S3150800D8D049F20000C0F2D0301190FFE70FE040F6A1
S3150800D8E00010C0F23D00119009E04FF4004011907D
S3150800D8F005E00020119001208DF86700FFE71198D8
S3150800D90098B3FFE711981D9A5168536A42F6202288
S3150800D910C0F6010232F81320B0FBF2F0400000EB2B
S3150800D9205100B0FBF1F01A901A98102818D3FFE7A7
S3150800D930BDF86A00A0B9FFE71A9820F00F00ADF805
S3150800D9406E001A9800F00E01BDF86E0040EA51000C
S3150800D950ADF86E00BDF86E001D990968C86003E051
S3150800D96001208DF86700FFE7FFE797E09DF86D0057
S3150800D97001460191402800F263800199DFE801F031
S3150800D98021256060296060602F606060606060606B
S3150800D99035606060606060606060606060606060A4
S3150800D9A05660606060606060606060606060606073
S3150800D9B06060606060606060606060606060606059
S3150800D9C05C00FAF7ADFA119040E0FAF7BDFA11904B
S3150800D9D03CE015A8F8F784FD1698119036E012A8D1
S3150800D9E0F8F7D6FE1398119030E044F20040C5F6D9
S3150800D9F00200006800F020010020B0EB511F0ED095
S3150800DA00FFE744F20040C5F602000068C0F3C10112
S3150800DA1049F20000C0F2D030C840119005E049F242
S3150800DA200000C0F2D0301190FFE70FE040F600107A
S3150800DA30C0F23D00119009E04FF40040119005E056
S3150800DA400020119001208DF86700FFE7119820B398
S3150800DA50FFE711981D9A5168536A42F62022C0F6CC
S3150800DA60010232F81320B0FBF2F000EB5100B0FBD4
S3150800DA70F1F01A901A9810280AD3FFE7BDF86A0041
S3150800DA8030B9FFE7BDF868001D990968C86003E06A
S3150800DA9001208DF86700FFE7FFE7FFE7FFE71D991D
S3150800DAA00120A1F86A001D99A1F868001D990020B7
S3150800DAB048671D9988679DF867001EB080BD0000FD
S3150800DAC080B588B006900591ADF81220059806999C
S3150800DAD08865BDF812000699A1F85C000699002031
S3150800DAE0C1F8900006992220C1F88C000698D0F853
S3150800DAF08000B0B3FFE70698D0F880104CF6F950CE
S3150800DB00C0F60000C8630698D0F880104CF6F1609D
S3150800DB10C0F6000008640698D0F880104CF67950D4
S3150800DB20C0F60000C8640698D0F880100020086582
S3150800DB3006980168826DD0F880002431BDF812304D
S3150800DB40F6F76EFA60B1FFE706991020C1F8900063
S3150800DB5006992020C1F88C0001208DF81F0042E0AC
S3150800DB60FFE706980069A0B1FFE7FFE7FFE7069819
S3150800DB70006850E8000F40F480700390FFE70399AF
S3150800DB800698026842E800100028F0D1FFE7FFE790
S3150800DB90FFE7FFE7FFE70698006850E8020F40F046
S3150800DBA001000290FFE702990698026842E802100F
S3150800DBB00028F0D1FFE7FFE7FFE7FFE706980068D0
S3150800DBC050E8020F40F040000190FFE701990698DF
S3150800DBD0026842E802100028F0D1FFE7FFE70020BC
S3150800DBE08DF81F00FFE79DF81F0008B080BD0000F4
S3150800DBF080B586B0DDF820C0049003918DF80B201F
S3150800DC000193FFE704980068C06903990840401A21
S3150800DC10B0FA80F040099DF80B10884266D1FFE7FC
S3150800DC2008980130002860D0FFE7F8F715FB01993E
S3150800DC30401A0899884203D8FFE7089820B9FFE7F1
S3150800DC4003208DF8170055E004980068006840071F
S3150800DC50002849D5FFE70398802845D0FFE70398B1
S3150800DC60402841D0FFE704980068C06900F0080121
S3150800DC700120B0EBD10F16D1FFE704980168082000
S3150800DC80009008620498FFF74FF900980499C1F8C4
S3150800DC909000FFE70499002081F88400FFE701203F
S3150800DCA08DF8170026E004980068C06900F4006142
S3150800DCB00120B0EBD12F16D1FFE7049801684FF485
S3150800DCC0006008620498FFF72FF904992020C1F82C
S3150800DCD09000FFE70499002081F88400FFE70320FD
S3150800DCE08DF8170006E0FFE7FFE78BE700208DF8C1
S3150800DCF01700FFE79DF8170006B080BD000000007A
S3150800DD0080B542F6BC30C2F20040FCF785FB80BD08
S3150800DD1080B542F62830C2F20040FCF77DFB80BD94
S3150800DD20FFE7FEE70000000080B504F0DDFD80BDDA
S3150800DD3080B586B0FAF71CF90590059808B9FFE78B
S3150800DD404CE041F20400CEF200000068049004980A
S3150800DD5041F21872C2F200421168401A0390DDF8C7
S3150800DD600CC041F22071C2F2004100910B6848686C
S3150800DD7013EB0C0340F100000B6048600498106038
S3150800DD8008684968059A00230193F2F711FB009980
S3150800DD90019B40F21422C2F2004202921060086807
S3150800DDA04968059A44F6D35CC1F2620CA2FB0CC220
S3150800DDB09209F2F7FDFA0099019B029A50600868E9
S3150800DDC04968059A4DF6836CC4F21B3CA2FB0CC24B
S3150800DDD0920CF2F7EDFA02998860FFE706B080BD6B
S3150800DDE080B586B005900491059800684AF200014E
S3150800DDF0C4F20001884216D1FFE7059840F298015F
S3150800DE00C2F200410860049848630598002303930A
S3150800DE1019461A4600F018FD039B05980E211A4666
S3150800DE2000F012FD3FE0059800684AF20041C4F28E
S3150800DE300001884216D1FFE7059840F2F801C2F2C0
S3150800DE40004108600498486305982021002302933E
S3150800DE501A4600F0F9FC029B05982E211A4600F096
S3150800DE60F3FC1FE0059800684DF20041C4F200017A
S3150800DE70884216D1FFE7059840F25811C2F20041D0
S3150800DE8008600498486305981021002301931A46F0
S3150800DE9000F0DAFC019B05981A211A4600F0D4FC1A
S3150800DEA0FFE7FFE7FFE70598F7F76AFE06B080BDCC
S3150800DEB080B582B08DF807009DF8072040F600006F
S3150800DEC0C5F602004FF40041F8F7AEF902B080BD7E
S3150800DED080B582B08DF807009DF8072040F600004F
S3150800DEE0C5F602004FF40051F8F79EF902B080BD5E
S3150800DEF080B582B08DF807009DF8072040F600002F
S3150800DF00C5F602004FF48041F8F78EF902B080BDDD
S3150800DF1083B002908DED010ACDED000A029890EDCE
S3150800DF20000A9DED011AB4EE410AF1EE10FA04DA80
S3150800DF30FFE70198029908600FE0029890ED000A41
S3150800DF409DED001AB4EE410AF1EE10FA04DDFFE782
S3150800DF50009802990860FFE7FFE7029890ED000A2B
S3150800DF6003B070470000000080B58EB08446109854
S3150800DF70CDF834C00C910B928DF82B308DF82A0011
S3150800DF800C9801909DF82B0018B9FFE70020029025
S3150800DF9009E09DF82B00012804D1FFE74FF08040E7
S3150800DFA00290FFE7FFE7002003909DF82A0001385A
S3150800DFB00146009107281ED80099DFE801F00407FA
S3150800DFC00A0D101316190120049014E0022004907B
S3150800DFD011E0032004900EE0042004900BE00520D5
S3150800DFE0049008E00620049005E00720049002E06B
S3150800DFF008200490FFE700200590069007900890F7
S3150800E00009900D980B9A01A9F6F70EFC0EB080BD83
S3150800E01086B08DED050ACDED040A8DED031ACDED1A
S3150800E020021A8DED012ACDED002A9DED050A9DED1A
S3150800E030012A20EE021A9DED003A9DED040A20EE13
S3150800E040030A20EE030AA1EE030A9DED031A21EE48
S3150800E050021AA1EE020A9DED021A30EE010A06B076
S3150800E060704700000000000086B005908DF8131078
S3150800E0708DF81220059842F61801C2F2004188422E
S3150800E08040F0D980FFE79DF8130001380146029158
S3150800E0900A2800F2CF800299DFE801F0060C131A6D
S3150800E0A02138516A839AB30040F28000C2F20040D8
S3150800E0B00390BFE040F28000C2F2004002300390B5
S3150800E0C0B8E040F28000C2F2004004300390B1E0AC
S3150800E0D040F28000C2F2004006300390AAE09DF8A4
S3150800E0E0120030B9FFE740F27800C2F20040039010
S3150800E0F00BE09DF81200012806D1FFE740F27000F8
S3150800E100C2F200400390FFE7FFE793E09DF8120094
S3150800E11038B9FFE740F27800C2F2004002300390B7
S3150800E1200CE09DF81200012807D1FFE740F27000C5
S3150800E130C2F2004002300390FFE7FFE77AE09DF85D
S3150800E140120038B9FFE740F27800C2F20040043006
S3150800E15003900CE09DF81200012807D1FFE740F272
S3150800E1607000C2F2004004300390FFE7FFE761E069
S3150800E1709DF8120038B9FFE740F27800C2F2004075
S3150800E180063003900CE09DF81200012807D1FFE73E
S3150800E19040F27000C2F2004006300390FFE7FFE746
S3150800E1A048E09DF8120030B9FFE740F29000C2F24D
S3150800E1B0004003900BE09DF81200012806D1FFE706
S3150800E1C040F28800C2F200400390FFE7FFE731E023
S3150800E1D09DF8120038B9FFE740F29000C2F20040FD
S3150800E1E0023003900CE09DF81200012807D1FFE7E2
S3150800E1F040F28800C2F2004002300390FFE7FFE7D2
S3150800E20018E09DF8120038B9FFE740F29000C2F214
S3150800E2100040043003900CE09DF81200012807D155
S3150800E220FFE740F28800C2F2004004300390FFE79F
S3150800E230FFE7FFE7C3E1059842F6B801C2F20041DD
S3150800E240884240F0D980FFE79DF81300013801465F
S3150800E25001910A2800F2CF800199DFE801F0060C47
S3150800E260131A2138516A839AB30040F2E000C2F2C9
S3150800E27000400390BFE040F2E000C2F200400230E6
S3150800E2800390B8E040F2E000C2F200400430039088
S3150800E290B1E040F2E000C2F2004006300390AAE086
S3150800E2A09DF8120030B9FFE740F2D800C2F20040EC
S3150800E2B003900BE09DF81200012806D1FFE740F213
S3150800E2C0D000C2F200400390FFE7FFE793E09DF815
S3150800E2D0120038B9FFE740F2D800C2F20040023017
S3150800E2E003900CE09DF81200012807D1FFE740F2E1
S3150800E2F0D000C2F2004002300390FFE7FFE77AE061
S3150800E3009DF8120038B9FFE740F2D800C2F2004083
S3150800E310043003900CE09DF81200012807D1FFE7AE
S3150800E32040F2D000C2F2004004300390FFE7FFE756
S3150800E33061E09DF8120038B9FFE740F2D800C2F252
S3150800E3400040063003900CE09DF81200012807D122
S3150800E350FFE740F2D000C2F2004006300390FFE724
S3150800E360FFE748E09DF8120030B9FFE740F2F000F9
S3150800E370C2F2004003900BE09DF81200012806D176
S3150800E380FFE740F2E800C2F200400390FFE7FFE72C
S3150800E39031E09DF8120038B9FFE740F2F000C2F20A
S3150800E3A00040023003900CE09DF81200012807D1C6
S3150800E3B0FFE740F2E800C2F2004002300390FFE7B0
S3150800E3C0FFE718E09DF8120038B9FFE740F2F000C1
S3150800E3D0C2F20040043003900CE09DF812000128B8
S3150800E3E007D1FFE740F2E800C2F20040043003908C
S3150800E3F0FFE7FFE7FFE7E1E0059842F65811C2F2AA
S3150800E4000041884240F0D980FFE79DF813000138A3
S3150800E410014600910A2800F2CF800099DFE801F052
S3150800E420060C131A2138516A839AB30040F2401039
S3150800E430C2F200400390BFE040F24010C2F2004032
S3150800E44002300390B8E040F24010C2F200400430B7
S3150800E4500390B1E040F24010C2F20040063003904B
S3150800E460AAE09DF8120030B9FFE740F23810C2F270
S3150800E470004003900BE09DF81200012806D1FFE743
S3150800E48040F23010C2F200400390FFE7FFE793E046
S3150800E4909DF8120038B9FFE740F23810C2F2004082
S3150800E4A0023003900CE09DF81200012807D1FFE71F
S3150800E4B040F23010C2F2004002300390FFE7FFE757
S3150800E4C07AE09DF8120038B9FFE740F23810C2F238
S3150800E4D00040043003900CE09DF81200012807D193
S3150800E4E0FFE740F23010C2F2004004300390FFE725
S3150800E4F0FFE761E09DF8120038B9FFE740F23810EF
S3150800E500C2F20040063003900CE09DF81200012884
S3150800E51007D1FFE740F23010C2F200400630039000
S3150800E520FFE7FFE748E09DF8120030B9FFE740F241
S3150800E5305010C2F2004003900BE09DF8120001282B
S3150800E54006D1FFE740F24810C2F200400390FFE709
S3150800E550FFE731E09DF8120038B9FFE740F25010A6
S3150800E560C2F20040023003900CE09DF81200012828
S3150800E57007D1FFE740F24810C2F20040023003908C
S3150800E580FFE7FFE718E09DF8120038B9FFE740F209
S3150800E5905010C2F20040043003900CE09DF81200BF
S3150800E5A0012807D1FFE740F24810C2F200400430C4
S3150800E5B00390FFE7FFE7FFE7FFE7FFE7FFE70398BB
S3150800E5C006B070470000000081B08DED000A9DED91
S3150800E5D0000A9FED071A20EE010A42F6F810C2F269
S3150800E5E000400068BCEEC00A80ED0E0A01B0704714
S3150800E5F000007A440000000080B584B00390ADF8AE
S3150800E6000A10039941F22C70C2F200400190B03012
S3150800E61001F0BEFE019802F08BF904B080BD00003F
S3150800E62080B5FFF785FB42F2BC51C2F2004108688B
S3150800E6300130086042F67A50C2F200400178013192
S3150800E6400170007864280DDBFFE741F22C70C2F2F6
S3150800E650004002F055FA42F67A51C2F20041002013
S3150800E6600870FFE741F22C70C2F2004002F060F930
S3150800E67080BD00000000000081B08DED000A9DED10
S3150800E680000A9FED071A20EE010A42F64420C2F25C
S3150800E69000400068BCEEC00A80ED100A01B0704761
S3150800E6A000FF7F470000000080B582B00190019806
S3150800E6B00068A0F2012001460091042841D800997B
S3150800E6C0DFE801F0030F1B273300019800F128014A
S3150800E6D041F22C70C2F2004000F5F27003F088FC9B
S3150800E6E030E0019800F1280141F22C70C2F2004096
S3150800E6F000F5427003F07CFC24E0019800F1280143
S3150800E70041F22C70C2F2004000F22C4003F070FC7B
S3150800E71018E0019800F1280141F22C70C2F200407D
S3150800E72000F5AA6003F064FC0CE0019800F12801EA
S3150800E73041F22C70C2F2004000F54E6003F02CFA4C
S3150800E74000E0FFE702B080BD80B582B00190019875
S3150800E7500068A0F2012001460091032834D80099E8
S3150800E760DFE801F0020E1A26019800F1280141F2AD
S3150800E7702C70C2F2004000F5FA6003F039FC23E081
S3150800E780019800F1280141F22C70C2F2004000F60F
S3150800E790F40003F02DFC17E0019800F1280141F27E
S3150800E7A02C70C2F2004000F6182003F0F5F90BE0D1
S3150800E7B0019800F1280141F22C70C2F2004000F5E0
S3150800E7C0326003F0E9F9FFE702B080BD00000000FF
S3150800E7D086B00590049105980390039801784078CF
S3150800E7E040EA0120ADF80A00049868B1FFE70598E9
S3150800E7F00190049800900198407800990870019853
S3150800E800007800994870FFE7BDF80A0006B070471F
S3150800E81080B542F67950C2F20040017801310170A4
S3150800E82000780A2809DBFFE742F67951C2F200416F
S3150800E8300020087000F07CF8FFE741F22C70C2F265
S3150800E840004002F045F980BD80B58EB00D908DF878
S3150800E85033100B920A939DF833008007002803D4DF
S3150800E860FFE7002002900AE09DF8330080070028A1
S3150800E87004D5FFE74FF080400290FFE7FFE79DF8D9
S3150800E8803300C0080390022004909DF83300400727
S3150800E890002803D4FFE70120059009E09DF833001E
S3150800E8A04007002803D5FFE702200590FFE7FFE7AA
S3150800E8B00B9806900A9807900D9802A9F6F724F87F
S3150800E8C09DF83300C00748B9FFE70D98694600234D
S3150800E8D00B6002221146F6F7A3F80EE09DF8330006
S3150800E8E0C00748B1FFE70D98694601230B6002226D
S3150800E8F01146F6F795F8FFE7FFE79DF8330040075E
S3150800E900002806D4FFE70D9801210022F5F70CFF31
S3150800E9100CE09DF833004007002806D5FFE70D9860
S3150800E92010210022F5F700FFFFE7FFE70EB080BDD4
S3150800E93080B586B0694608200590086042F618003A
S3150800E940C2F20040029040F28002C2F200424FF446
S3150800E9500071039100230493FFF706FB0599049BB6
S3150800E96002986A46116040F27802C2F2004240F20A
S3150800E970FF11FFF7F9FA0399049B05986A46106098
S3150800E98042F6B800C2F2004040F2E002C2F200428B
S3150800E990FFF7EAFA06B080BD80B582B08DED010AB0
S3150800E9A09DED010A03F0D0FF02B080BD0000000013
S3150800E9B080B584B003908DED020ACDED010A039867
S3150800E9C000F00100FFF784FA0398C0F34000FFF750
S3150800E9D08FFA0398C0F38000FFF76AFA42F64420DC
S3150800E9E0C2F200400C21FAF73FFF42F6F810C2F2D5
S3150800E9F000400421FAF738FF9DED020AFFF73CFEB6
S3150800EA009DED010AFFF7E0FD04B080BD000000009F
S3150800EA104EF6FC51CEF20001086840F0807008609E
S3150800EA2041F20401CEF200010020086041F2000321
S3150800EA30CEF200031A6842F001021A60096841F230
S3150800EA401872C2F20042116041F22071C2F200410E
S3150800EA50486008607047000082B08DED010A9DEDA0
S3150800EA60010AB5EE400AF1EE10FA05DDFFE79DED65
S3150800EA70010A8DED000A06E09DED010AB1EE400A95
S3150800EA808DED000AFFE79DED000A02B07047000011
S3150800EA9082B001900091019800680021C4F201013A
S3150800EAA0884209D1FFE7019840F25021C2F200419D
S3150800EAB008600098486019E101980068B0F1804F35
S3150800EAC009D1FFE7019840F26821C2F200410860C7
S3150800EAD00098486009E10198006840F20041C4F2D4
S3150800EAE00001884209D1FFE7019840F27021C2F27D
S3150800EAF00041086000984860F6E00198006840F612
S3150800EB000001C4F20001884209D1FFE7019840F2EA
S3150800EB107821C2F20041086000984860E3E0019855
S3150800EB20006840F60041C4F20001884209D1FFE7B7
S3150800EB30019840F28021C2F20041086000984860BE
S3150800EB40D0E00198006841F20001C4F20001884251
S3150800EB5009D1FFE7019840F28821C2F20041086016
S3150800EB6000984860BDE00198006841F20041C4F28F
S3150800EB700001884209D1FFE7019840F29021C2F2CC
S3150800EB800041086000984860AAE00198006840F2D1
S3150800EB900041C4F20101884209D1FFE7019840F219
S3150800EBA09821C2F2004108600098486097E00198F1
S3150800EBB0006841F60001C4F20001884209D1FFE766
S3150800EBC0019840F22021C2F200410860009848608E
S3150800EBD084E00198006841F60041C4F200018842C9
S3150800EBE009D1FFE7019840F22821C2F200410860E6
S3150800EBF00098486071E00198006842F20001C4F28A
S3150800EC000001884209D1FFE7019840F23021C2F29B
S3150800EC1000410860009848605EE00198006844F288
S3150800EC200001C4F20101884209D1FFE7019840F2C8
S3150800EC303821C2F200410860009848604BE001980C
S3150800EC40006844F20041C4F20101884209D1FFE795
S3150800EC50019840F24021C2F20041086000984860DD
S3150800EC6038E00198006844F60001C4F201018842C0
S3150800EC7009D1FFE7019840F24821C2F20041086035
S3150800EC800098486025E0019800684EF20001C4F239
S3150800EC900001884209D1FFE7019840F25821C2F2E3
S3150800ECA0004108600098486012E0019800684EF23A
S3150800ECB00041C4F20001884209D1FFE7019840F2F9
S3150800ECC06021C2F20041086000984860FFE7FFE74C
S3150800ECD0FFE7FFE7FFE7FFE7FFE7FFE7FFE7FFE7F6
S3150800ECE0FFE7FFE7FFE7FFE7FFE7FFE702B0704749
S3150800ECF080B584B003900291ADF8062003980068A9
S3150800ED0041F20001C4F20101884215D1FFE70398D8
S3150800ED1040F2AC41C2F2004108600298C1F808020C
S3150800ED20BDF80600A1F804020398B1F8042201F51B
S3150800ED308271FBF7CDF816E10398006844F20041AA
S3150800ED40C4F20001884215D1FFE7039840F2B86182
S3150800ED50C2F2004108600298C1F80802BDF8060030
S3150800ED60A1F804020398B1F8042201F58271FBF7B1
S3150800ED70AFF8F7E00398006844F60001C4F2000112
S3150800ED80884215D1FFE7039840F6C401C2F2004154
S3150800ED9008600298C1F80802BDF80600A1F8040246
S3150800EDA00398B1F8042201F58271FBF791F8D8E0CF
S3150800EDB00398006844F60041C4F20001884215D160
S3150800EDC0FFE7039840F6D021C2F200410860029896
S3150800EDD0C1F80802BDF80600A1F804020398B1F8C4
S3150800EDE0042201F58271FBF773F8B9E0039800680D
S3150800EDF045F20001C4F20001884215D1FFE70398E5
S3150800EE0040F6DC41C2F2004108600298C1F80802E7
S3150800EE10BDF80600A1F804020398B1F8042201F52A
S3150800EE208271FBF755F89AE00398006841F20041B1
S3150800EE30C4F20101884215D1FFE7039840F6E8615C
S3150800EE40C2F2004108600298C1F80802BDF806003F
S3150800EE50A1F804020398B1F8042201F58271FBF7C0
S3150800EE6037F87BE00398006847F60001C4F2000112
S3150800EE70884215D1FFE7039841F2F401C2F2004136
S3150800EE8008600298C1F80802BDF80600A1F8040255
S3150800EE900398B1F8042201F58271FBF719F85CE0D2
S3150800EEA00398006847F60041C4F20001884215D16C
S3150800EEB0FFE7039841F20031C2F200410860029868
S3150800EEC0C1F80802BDF80600A1F804020398B1F8D3
S3150800EED0042201F58271FAF7FBFF3DE0039800680A
S3150800EEE041F60001C4F20101884215D1FFE70398F3
S3150800EEF041F20C51C2F2004108600298C1F80802BA
S3150800EF00BDF80600A1F804020398B1F8042201F539
S3150800EF108271FAF7DDFF1EE00398006841F60041AA
S3150800EF20C4F20101884215D1FFE7039840F2A021F7
S3150800EF30C2F2004108600298C1F80802BDF806004E
S3150800EF40A1F804020398B1F8042201F58271FAF7D0
S3150800EF50BFFFFFE7FFE7FFE7FFE7FFE7FFE7FFE79B
S3150800EF60FFE7FFE7FFE704B080BD000000000000F0
S3150800EF7081B00090009890ED200A01B0704700001B
S3150800EF8081B00090009890ED210A01B0704700000A
S3150800EF9081B00090009890ED230A01B070470000F8
S3150800EFA081B00090009890ED240A01B070470000E7
S3150800EFB081B00090009890ED250A01B070470000D6
S3150800EFC081B00090009890ED1E0A01B070470000CD
S3150800EFD081B00090009890ED1F0A01B070470000BC
S3150800EFE081B00090009890F8740001B07047000056
S3150800EFF081B00090009890F8880001B07047000032
S3150800F00081B00090009890F8890001B07047000020
S3150800F01081B00090009890F89C0001B070470000FD
S3150800F02081B00090009890F89D0001B070470000EC
S3150800F03081B00090009890F89B0001B070470000DE
S3150800F04081B00090009890F89A0001B070470000CF
S3150800F05082B0019001990091086E496E884210D1DC
S3150800F060FFE70099886EC96E88420AD1FFE70099C2
S3150800F070002081F87400B1F870000130A1F8700022
S3150800F08004E00099012081F87400FFE70099886E72
S3150800F090C96E884205D1FFE70099002081F87600FD
S3150800F0A004E00099012081F87600FFE70099086ED0
S3150800F0B0496E884205D1FFE70099002081F877005C
S3150800F0C004E00099012081F87700FFE70099086EAF
S3150800F0D04866886EC86602B07047000000000000E7
S3150800F0E081B00090009890ED2B0A01B0704700009F
S3150800F0F081B0009000984FF0894181600021C4F2E8
S3150800F1002541C1600021016641668166C166A0F895
S3150800F1107010A0F8721080F8741080F8751080F8D6
S3150800F120761080F8771001B07047000000000000E4
S3150800F13084B002908DF80710029800909DF8070099
S3150800F1400D2809DCFFE700989DF8071000EB410041
S3150800F150C08CADF80E0003E00020ADF80E00FFE706
S3150800F160BDF80E0004B0704782B001900091019975
S3150800F170009A9078D27802F00F0240EA0220C884FA
S3150800F180009A1079527902F00F0240EA02200885A7
S3150800F190009A9079D27902F00F0240EA0220488557
S3150800F1A0009A107A527A02F00F0240EA0220888505
S3150800F1B0009A907AD27A02F00F0240EA0220C885B5
S3150800F1C0009A107B527B02F00F0240EA0220088662
S3150800F1D0009A907BD27B02F00F0240EA0220488612
S3150800F1E0009A107C527C02F00F0240EA02208886C0
S3150800F1F0009A907CD27C02F00F0240EA0220C88670
S3150800F200009A107D527D02F00F0240EA022008871C
S3150800F210009A907DD27D02F00F0240EA02204887CC
S3150800F220009A107E527E02F00F0240EA022088877A
S3150800F230009A907ED27E02F00F0240EA0220C8872A
S3150800F240009A107F527F02F00F0240EA0220A1F8CE
S3150800F2504000488F0022B0F5F76FA8BF012291F849
S3150800F260420000F0FE00104481F8420002B07047E8
S3150800F27080B588B007900691ADF8162007980290D9
S3150800F2800020ADF81400FFE7BDF81400BDF816100D
S3150800F290884280F29480FFE702980699BDF8142008
S3150800F2A0895C8DF81310007901460191032800F254
S3150800F2B079800199DFE801F0021121359DF81300E4
S3150800F2C0202809D1FFE702999DF81300487101200B
S3150800F2D081F825000871FFE76AE09DF813004028C9
S3150800F2E009D1FFE702999DF813008871022081F879
S3150800F2F02500087100E0FFE75AE002989DF8131010
S3150800F30090F82530C218013380F82530517190F8ED
S3150800F31025001E2804DBFFE7029903200871FFE792
S3150800F32046E002989DF8131090F82530C21801336C
S3150800F33080F82530517190F8250020282CDBFFE74E
S3150800F3400298411D1E2200F03FF80299ADF8100000
S3150800F35091F8230091F8241040EA0120ADF80E0038
S3150800F360BDF81000BDF80E1088420CD1FFE70298D0
S3150800F370411DFFF7F9FE029991F8420040F002009C
S3150800F38081F8420007E0029991F8420000F0FD007A
S3150800F39081F84200FFE7FFE702990020087181F82B
S3150800F3A0250005E002990020087181F82500FFE78D
S3150800F3B0FFE7BDF814000130ADF8140064E708B0A3
S3150800F3C080BD00000000000084B0039002918DF813
S3150800F3D0072040F6FF70ADF8040000208DF8030002
S3150800F3E0FFE79DF803009DF80710884210DAFFE74B
S3150800F3F002989DF80310415CBDF80400401AADF868
S3150800F4000400FFE79DF8030001308DF80300E8E7E4
S3150800F410BDF8040004B0704781B00090009890F8D9
S3150800F420420000F0010001B0704700000000000033
S3150800F43082B0019000910199009808600020087137
S3150800F44081F8250091F8422002F0FE0281F8422058
S3150800F45091F8422002F0FD0281F84220C1F821000D
S3150800F460C1F81D00C1F81900C1F81500C1F811004E
S3150800F470C1F80D00C1F80900C1F80500C1F83E0041
S3150800F480C1F83A00C1F83600C1F83200C1F82E00BA
S3150800F490C1F82A00C1F8260002B070470000000033
S3150800F4A081B0009000990020087181F8250091F834
S3150800F4B0422002F0FE0281F8422091F8422002F032
S3150800F4C0FD0281F84220C1F82100C1F81D00C1F8EB
S3150800F4D01900C1F81500C1F81100C1F80D00C1F8EE
S3150800F4E00900C1F80500C1F83E00C1F83A00C1F8A4
S3150800F4F03600C1F83200C1F82E00C1F82A00C1F85A
S3150800F500260001B07047000080B582B001900198CE
S3150800F5100090FFF7C5FF009802B080BD000000000C
S3150800F52083B002908DED010ACDED000A029901988B
S3150800F530C1F8B8050098C1F8BC0503B070470000CB
S3150800F54080B584B003900398019000F55A709FED3A
S3150800F550070A8DED020A02F013FB01989DED020AD7
S3150800F56000F58E6002F00CFB04B080BD00000000C0
S3150800F57081B000900099012081F8780501B07047A4
S3150800F58082B001908DED000A019A009902F5B860E3
S3150800F590C2F8C0159DED000AB1EE400A80ED010AD9
S3150800F5A002B070470000000080B584B0039003984D
S3150800F5B0019000F590709FED070A8DED020A02F0A2
S3150800F5C0FFFC01989DED020A00F5117002F0F8FCA7
S3150800F5D004B080BD0000000081B00090009800F2E1
S3150800F5E07C5090ED000A01B0704700000000000052
S3150800F5F080B584B003900398019000218DF80B1014
S3150800F60000F5B06090ED000AFFF726FA019800F2BF
S3150800F6109C5090ED001AB4EE410AF1EE10FA16DC91
S3150800F620FFE7019800F2845090ED000AFFF714FAFC
S3150800F630019800F29C5090ED001AB4EE410AF1EEE2
S3150800F64010FA04DCFFE701208DF80B00FFE79DF8B0
S3150800F6500B0000F0010004B080BD000000000000AF
S3150800F66080B586B005900598039000F5907002F075
S3150800F67027FC0398B0EE401A00F2DC51019191ED97
S3150800F680002A00F5B761029191ED000A91EE020A8F
S3150800F69000F5B061049181ED000A00F5117002F0E1
S3150800F6A00FFC019B029A03980499B0EE401A93ED59
S3150800F6B0002A92ED010A91EE020A81ED010A8030D4
S3150800F6C091ED000A03F088F803980499D03091ED7B
S3150800F6D0010A03F081F806B080BD000000000000B2
S3150800F6E081B00090009800F5B06090ED000A01B076
S3150800F6F0704700000000000081B00090009800F2FA
S3150800F700845090ED000A01B0704700000000000028
S3150800F71081B000900099012081F8790501B0704701
S3150800F72080B584B003900398019000218DF80B10E2
S3150800F73000F5B06191ED000A00F5B16090ED001A90
S3150800F74030EE410AFFF788F9019800F29C5090EDD7
S3150800F750001AB4EE410AF1EE10FA3BDCFFE7019815
S3150800F76000F2845191ED000A00F28C5090ED001AD7
S3150800F77030EE410AFFF770F9019800F29C5090EDBF
S3150800F780001AB4EE410AF1EE10FA23DCFFE70198FD
S3150800F79000F5907002F09CFBB7EEC00A9FED101BB7
S3150800F7A0B4EE410BF1EE10FA13DCFFE7019800F511
S3150800F7B0117002F08DFBB7EEC00A9FED091BB4EE7F
S3150800F7C0410BF1EE10FA04DCFFE701208DF80B007F
S3150800F7D0FFE7FFE79DF80B0000F0010004B080BDCD
S3150800F7E09A9999999999A93F81B000900099002012
S3150800F7F081F8790501B0704780B584B00390039805
S3150800F800029000F5B06090ED000AFFF725F902981E
S3150800F81000F5B46090ED001AB4EE410AF1EE10FA64
S3150800F82017DBFFE7029800F5907002F0C1FBFFF7BF
S3150800F83013F9029800F5B66090ED001AB4EE410A85
S3150800F840F1EE10FA05DBFFE70299012081F8A4051D
S3150800F850FFE7029800F2845090ED000AFFF7FCF8E3
S3150800F860029800F5B46090ED001AB4EE410AF1EE84
S3150800F87010FA17DBFFE7029800F5117002F098FB03
S3150800F880FFF7EAF8029800F2B45090ED001AB4EEC9
S3150800F890410AF1EE10FA05DBFFE70299012081F82B
S3150800F8A0A505FFE7029890F8A4150020C90701905E
S3150800F8B029B1FFE7029890F8A5050190FFE701989E
S3150800F8C000F0010004B080BD80B584B003900398B1
S3150800F8D0019000218DF80B1000F5B06191ED000A3A
S3150800F8E000F5B26090ED001A30EE410AFFF7B4F861
S3150800F8F0019800F29C5090ED001AB4EE410AF1EE20
S3150800F90010FA3BDCFFE7019800F2845191ED000AFA
S3150800F91000F2945090ED001A30EE410AFFF79CF879
S3150800F920019800F29C5090ED001AB4EE410AF1EEEF
S3150800F93010FA23DCFFE7019800F5907002F0C8FA88
S3150800F940B7EEC00A9FED101BB4EE410BF1EE10FAAC
S3150800F95013DCFFE7019800F5117002F0B9FAB7EE6B
S3150800F960C00A9FED091BB4EE410BF1EE10FA04DC58
S3150800F970FFE701208DF80B00FFE7FFE79DF80B0076
S3150800F98000F0010004B080BD9A9999999999A93F08
S3150800F99080B58CB00B908DED0A0ACDED090A0B984F
S3150800F9A006909DED0A0A00F5B06090ED001A30EE5B
S3150800F9B0410AFFF751F8069800F5B36090ED001A72
S3150800F9C0B4EE410AF1EE10FA05DAFFE79DED0A0AF0
S3150800F9D08DED050A07E0069800F5B36090ED000A7C
S3150800F9E08DED050AFFE706989DED050A8DED080AD7
S3150800F9F09DED090A00F2845090ED001A30EE410A96
S3150800FA00FFF72AF8069800F5B36090ED001AB4EEF1
S3150800FA10410AF1EE10FA05DAFFE79DED090A8DEDC8
S3150800FA20040A07E0069800F5B36090ED000A8DED2C
S3150800FA30040AFFE706989DED040A8DED070A803053
S3150800FA4000909DED080A02F013FD0698D03002904A
S3150800FA509DED070A02F00CFD009802F021FD0298C0
S3150800FA6002F01EFD0098069901F59071019102F0C9
S3150800FA70ABFE019802F0A4FA0699029801F51171F5
S3150800FA80039102F0A1FE039802F09AFA0CB080BD29
S3150800FA9080B582B0019001980090FFF7E1FD0098CB
S3150800FAA0043001F0B1F8009800F5907002F0B0FA51
S3150800FAB0009800F5117002F0ABFA009800F55A703C
S3150800FAC002F07AF8009800F58E6002F075F802B038
S3150800FAD080BD00000000000080B588B00790079838
S3150800FAE00490803002909FED140A8DED010A02F011
S3150800FAF0BFFC9DED010A0498D030059002F0B8FCD1
S3150800FB00029802F0CDFC059802F0CAFC0298049906
S3150800FB1001F59071039102F057FE039802F050FA2E
S3150800FB200499059801F51171069102F04DFE0698A3
S3150800FB3002F046FA08B080BD000000000000000090
S3150800FB4080B596B015901598129000F590706A4693
S3150800FB5000211491116042F6B801C2F200410491E5
S3150800FB600122032305939FED7D0A8DED020AF3EE2C
S3150800FB70040ACDED030A02F07BFA9DED020ADDEDDB
S3150800FB80030A0499059B1298149A00F51170EC461D
S3150800FB90CCF80020022202F06BFA0499059B129811
S3150800FBA000F55A709FED6E0A8DED060AF2EE040A0C
S3150800FBB0CDED070A1A4602F02BF80499059B9DED30
S3150800FBC0060ADDED070A129800F58E6004221392E4
S3150800FBD002F01EF81298149900F5B870B1EE080AEA
S3150800FBE08DED080ADFED5F0ACDED090ADFED5E1A35
S3150800FBF0CDED0A1A9FED5D3A8DED103A9FED5C5AF0
S3150800FC008DED115AB0EE451AB0EE452AF0EE452AAA
S3150800FC10F0EE453AB0EE454AF0EE454A02F098FD58
S3150800FC209DED080ADDED090ADDED0A1A9DED103A8B
S3150800FC309DED115A1298149900F52570B0EE451AE3
S3150800FC40B0EE452AF0EE452AF0EE453AB0EE454AC2
S3150800FC50F0EE454A02F07CFD9DED103A9DED115AF5
S3150800FC601298149980309FED430A8DED0B0ADFED4B
S3150800FC70420ACDED0C0A9FED411A8DED0D1AF0EEF4
S3150800FC80082ACDED0E2AF0EE451AB0EE452AF0EE1A
S3150800FC90453AB0EE454AF0EE454A02F059FD9DED6B
S3150800FCA00B0ADDED0C0A9DED0D1ADDED0E2A9DED14
S3150800FCB0103A9DED115A12981499D030F0EE451A63
S3150800FCC0B0EE452AF0EE453AB0EE454AF0EE454A22
S3150800FCD002F03EFD9DED103A9DED115A12981499C9
S3150800FCE000F56E70B0EE000A8DED0F0AF0EE450ACB
S3150800FCF0B0EE451AF0EE451AB0EE452AF0EE452A62
S3150800FD00F0EE453AB0EE454AF0EE454A02F020FDDF
S3150800FD109DED0F0A9DED103A9DED115A1298149912
S3150800FD2000F59860F0EE450AB0EE451AF0EE451A71
S3150800FD30B0EE452AF0EE452AF0EE453AB0EE454AD1
S3150800FD40F0EE454A02F004FD129B1399149A181D09
S3150800FD509B6702F055FB16B080BD00BF2CA09941E9
S3150800FD6000001042CDCCCC3D000048436F12833AC8
S3150800FD7000000000000070C2295C8F3D0AD7A33C32
S3150800FD8080B584B003900399019101F55A7001F585
S3150800FD90B861029191ED000A01F0F2FE019802990C
S3150800FDA000F58E6091ED010A01F0EAFE04B080BD0F
S3150800FDB080B584B003900399019101F5907001F51F
S3150800FDC0B561029191ED000A02F0FAF801980299DC
S3150800FDD000F5117091ED010A02F0F2F804B080BD49
S3150800FDE080B584B003900398019000F590709FED5C
S3150800FDF0070A8DED020A02F0E3F801989DED020A62
S3150800FE0000F5117002F0DCF804B080BD00000000B7
S3150800FE1080B584B003900398019000210291017087
S3150800FE20043001F001F80198803002F0E1FC0198F5
S3150800FE30D03002F0DDFC019800F5907002F098F9D8
S3150800FE40019800F5117002F093F9019800F55A70BF
S3150800FE5001F056FF019800F58E6001F051FF0198F8
S3150800FE60029980F8781580F879150022C4F248328C
S3150800FE70C0F87C25C0F88015C0F8841545F62942D7
S3150800FE80CBF68F62C0F88825C0F88C2544F2AE728E
S3150800FE90CBF6E162C0F89025C0F894254CF6CD4221
S3150800FEA0C3F6CC62C0F898254CF28F22C3F6F54209
S3150800FEB0C0F89C25C0F8A02580F8A41580F8A515DB
S3150800FEC00022CCF2A002C0F8A825C0F8AC25002272
S3150800FED0C4F2A002C0F8B025C0F8B425C0F8B81519
S3150800FEE0C0F8BC15C0F8C015C0F8C41500F5B9624D
S3150800FEF04FF07F51C0F8C8154CF6CD41C3F64C51AA
S3150800FF00C0F8CC1500F5BA6C4FF08441C0F8D0158E
S3150800FF10FF2180F8D41500F5BB634DF20A71C3F6CC
S3150800FF20A331C0F8D81500F2DC5190F9D4E500EEFB
S3150800FF3010EAB8EEC00A9CED001A20EE010A93ED0D
S3150800FF40001A20EE010A92ED001A9FED052A21EE0D
S3150800FF50021A80EE010A81ED000A04B080BD00BFD6
S3150800FF60DB0FC9400000000087B0069005918DF8A8
S3150800FF7013208DF812309DF81200014603910128CE
S3150800FF8008D0FFE70398022820D0FFE70398032844
S3150800FF9038D053E09DF8130001460291012808D095
S3150800FFA0FFE70298022808D0FFE70298032808D03E
S3150800FFB00BE005990020087007E0059904200870F1
S3150800FFC003E0059901200870FFE737E09DF8130064
S3150800FFD001460191012808D0FFE70198022808D0B8
S3150800FFE0FFE70198032808D00BE00599022008705E
S3150800FFF007E005990620087003E0059905200870B2
S31508010000FFE71BE09DF8130001460091012808D07F
S31508010010FFE70098022808D0FFE70098032808D0D0
S315080100200BE005990220087007E00599042008707D
S3150801003003E0059903200870FFE7FFE707B070475B
S31508010040B0B58EB01C4696468C46149B139A1299E7
S315080100500A94CDF824E0CDF820C09DF828C08DF883
S3150801006034C0DDF820C0DDF824E0CDF830E0CDF865
S315080100702CC00493039202919DF810108DF81C1060
S315080100800299039A06920591019001980090BDF88C
S315080100902C00BDF8141088421AD1FFE7BDF82E00CE
S315080100A0BDF81610884213D1FFE7BDF83000BDF838
S315080100B0181088420CD1FFE7BDF83200BDF81A10B6
S315080100C0884205D1FFE70099002081F8750004E010
S315080100D00099012081F87500FFE70EB0B0BD000058
S315080100E081B00090009890F8740001B07047000044
S315080100F0B0B598B017901691ADF856201798089094
S31508010100083009901699BDF85620FFF7B1F80998F5
S31508010110FFF782F9002840F0FC80FFE708980830CD
S3150801012007900021FFF704F8089A01460798A2F8F4
S3150801013054100121FEF7FCFF089A01460798A2F818
S31508010140561002210691FEF7F3FF089A0146079811
S31508010150A2F858100321FEF7EBFF089A0146079803
S31508010160A2F85A100421FEF7E3FF069B089A0146F6
S31508010170079840F2DC5CCDF814C06145C8BF01237D
S3150801018092F85C1001F0FC01194482F85C10052113
S31508010190FEF7CEFFDDF814C0069B089A01460798BC
S315080101A06145C8BF012392F85C1001F0F30141EAE9
S315080101B0830182F85C100821FEF7BAFF40F2DD518F
S315080101C0884203DBFFE7012004900CE00898083019
S315080101D00621FEF7ADFF01460220B1F57A7FC8BFB9
S315080101E003200490FFE70898049A90F85C1002F03F
S315080101F0030201F0CF0141EA021180F85C100830D0
S315080102000921FEF795FF0146089840F2DC530222C0
S315080102109942C8BF012290F85C1001F03F0141EAFA
S31508010220821180F85C10B0F8541000EE101AB8EE7E
S31508010230C00A90ED132A90ED141A30EE420A80EEA8
S31508010240010A80ED1E0AB0F8561000EE101AB8EE33
S31508010250C00A90ED132A90ED141A30EE420A80EE88
S31508010260010A80ED1F0AB0F8581000EE101AB8EE10
S31508010270C00A90ED132A90ED141A30EE420A80EE68
S31508010280010A80ED200AB0F85A1000EE101AB8EEED
S31508010290C00A90ED132A90ED141A30EE420A80EE48
S315080102A0010A80ED210A00F1880190F85C2090F896
S315080102B0653002F0030203F00303FFF755FE0898C1
S315080102C000F1890190F85C2090F86530C2F381024B
S315080102D0C3F38103FFF748FE089800F18A0190F8F5
S315080102E05C2090F86530C2F30112C3F30113FFF7DE
S315080102F03BFE089800F18B0190F85C2090F8653078
S3150801030092099B09FFF730FE0899012081F87400CC
S3150801031004E00899002081F87400FFE7089890F82E
S3150801032065108DF85410D0F85D10D0F8612014923C
S31508010330139190F85C108DF84810416D826D1192F9
S3150801034010919DF854108DF83C101399149A0E9239
S315080103500D910D990E9A0F9B9DF848C08DF830C0E6
S31508010360DDF840C0DDF844E0CDF82CE0CDF828C032
S31508010370DDF828C00B9C0C9DEE46CEF80850CEF849
S315080103800440CEF800C0FFF75BFE18B0B0BD000010
S3150801039080B584B00390029103980190816E013172
S315080103A0816602990268B2F80422FFF7A1FE019953
S315080103B091F85C0081F86500486D8A6DC1F8612085
S315080103C0C1F85D0004B080BD80B584B00390029188
S315080103D0039801900298006841F20001C4F20101F4
S315080103E0884207D1FFE7019940F2AC40C2F20040CA
S315080103F0086054E00298006844F20041C4F2000122
S31508010400884207D1FFE7019940F2B860C2F200407D
S31508010410086043E00298006844F60001C4F200014E
S31508010420884207D1FFE7019940F6C400C2F20040AD
S31508010430086032E00298006844F60041C4F20001FF
S31508010440884207D1FFE7019940F6D020C2F2004061
S31508010450086021E00298006845F20001C4F2000133
S31508010460884207D1FFE7019940F6DC40C2F2004015
S31508010470086010E00298006841F20041C4F20101E7
S31508010480884207D1FFE7019940F6E860C2F20040C9
S315080104900860FFE7FFE7FFE7FFE7FFE7FFE70198E8
S315080104A008300299FEF7C4FF04B080BD00000000C1
S315080104B080B582B00190019800900830FFF724F8C2
S315080104C000980021C4F27A41C1640021C4F2FA31CC
S315080104D0016500218166C166A0F87010A0F8721046
S315080104E080F8741080F8751080F8761002B080BD17
S315080104F085B002AA009202460098049280ED010A8C
S31508010500C0ED000A8DF8071004990398086102984E
S3150801051048619DF80700087105B0704700000000A2
S3150801052081B0009000980021016001718160C1606D
S3150801053001614161816101B070470000000000005E
S3150801054080B584B0039003990191086889880122CE
S315080105500292F5F769FE01990298887104B080BD87
S3150801056080B582B0019001990091086889880022B6
S31508010570F5F75AFE00990220887102B080BD000085
S3150801058080B584B003900291ADF8062003980299CC
S315080105900160BDF806108180FFF7E2FF04B080BD57
S315080105A081B0009000980021817101B07047000068
S315080105B080B59CB01B901B98129000F0C5F9129853
S315080105C000211A91199190F88A0E012840F0998113
S315080105D0FFE7129890F8880E002840F09281FFE70D
S315080105E01298FEF7C5FCFEF737FA129800F68C60EA
S315080105F090ED001AB4EE410AF1EE10FA06DDFFE7B6
S315080106001298FEF7B5FC8DED110A04E09FEDC60AB6
S315080106108DED110AFFE712989DED110A8DED180A65
S31508010620FEF7AEFCFEF718FA129800F68C6090ED0C
S31508010630001AB4EE410AF1EE10FA06DDFFE7129848
S31508010640FEF79EFC8DED100A04E09FEDB70A8DEDCD
S31508010650100AFFE712989DED100A8DED170AFEF7AD
S31508010660AFFCFEF7F9F9129800F68C6090ED001AC6
S31508010670B4EE410AF1EE10FA06DDFFE71298FEF72D
S315080106809FFC8DED0F0A04E09FEDA70A8DED0F0A79
S31508010690FFE712989DED0F0A8DED160AFEF798FCF5
S315080106A0FEF7DAF9129800F68C6090ED001AB4EEAE
S315080106B0410AF1EE10FA06DDFFE71298FEF788FC0B
S315080106C08DED0E0A04E09FED980A8DED0E0AFFE7FF
S315080106D012989DED0E0A8DED150AFEF701FDFEF73E
S315080106E0BBF9129800F68C6090ED001AB4EE410A37
S315080106F0F1EE10FA06DDFFE71298FEF7F1FC8DED33
S315080107000D0A04E09FED880A8DED0D0AFFE79DEDC0
S315080107100D0A8DED140A9DED180A8DED050A9DED5C
S31508010720170A20EE000AB0EE001A8DED071A80EEC0
S31508010730011AB7EE000A8DED080A30EE410AFEF7F6
S315080107402BF91298B0EE401A9DED050A20EE010A22
S315080107508DED060A00F5C8700A9000F005FE9DEDBC
S31508010760061A9DED072AB0EE403A9DED080A21EEDC
S31508010770031A8DED1A1A9DED171A8DED091A9DEDBD
S31508010780181A21EE011A81EE021A30EE410AFEF715
S3150801079003F90A98B0EE401A9DED090A20EE010AFE
S315080107A08DED0B0A00F0ECFD0A98B0EE401A9DEDAE
S315080107B00B0A20EE010A8DED190A9DED140A8DED3D
S315080107C00C0A00F019FD1298B0EE401A9DED0C0ABC
S315080107D020EE010A41F22871C2F2004181ED000AB8
S315080107E0FEF70EFC03281BD1FFE7129800F5C87027
S315080107F00490012100F000FE04989DED1A0A00F00C
S31508010800E3FD04989DED190A00F0EAFD049841F20A
S315080108102871C2F2004191ED000A00F099FDFFE747
S315080108209DED160A8DED010A9DED150A20EE000AC9
S31508010830B8EE001A80EE010AB7EE001A30EE010A88
S31508010840FEF7AAF81298B0EE401A9DED010A20EEBD
S31508010850010A8DED030A00F5D6600290FEF7BCFE8B
S315080108600298B0EE401A9DED030A20EE010A8DEDBD
S31508010870130A9DED130AFEF783FE1298FEF7B8FBDD
S31508010880A0B9FFE71298FEF72BFCB7EEC00A9FED59
S31508010890241BB4EE410BF1EE10FA06DDFFE71298C0
S315080108A000F5D660FEF764FEFFE7FFE71298FEF74C
S315080108B0A7FB30B9FFE7129800F5D660FEF728FFC7
S315080108C005E0129800F5D660FEF78EFFFFE712984D
S315080108D0FEF78EFB062813D1FFE71298FEF700FCF8
S315080108E0B7EEC00A9FED0E1BB4EE410BF1EE10FAFE
S315080108F005DDFFE71299012081F86C0EFFE7FFE796
S31508010900FFE7129890F88A0E022806D1FFE7129897
S3150801091090F8890E08B9FFE7FFE71CB080BD00BF54
S31508010920666666666666EE3F000000000000000027
S3150801093080B582B001900198009000F005F8009802
S31508010940FFF736FE02B080BD80B582B001900198EE
S31508010950009000F025F8009800F09AF8009890F8B1
S31508010960880E022805D0FFE70099012081F88A0E32
S3150801097004E00099002081F88A0EFFE7009890F8B4
S31508010980890E012805D0FFE70099022081F88A0E11
S3150801099004E00099002081F88A0EFFE702B080BDC5
S315080109A080B582B0019001980090FEF7E1FAB5EEA4
S315080109B0400AF1EE10FA24D1FFE70098FEF7E0FAB3
S315080109C0B5EE400AF1EE10FA1BD1FFE70098FEF7E3
S315080109D0F7FAB5EE400AF1EE10FA12D1FFE70098E0
S315080109E0FEF7F6FAB5EE400AF1EE10FA09D1FFE77D
S315080109F00098FEF775FBB5EE400AF1EE10FA05D040
S31508010A00FFE70099002081F8880E3FE00098FEF77D
S31508010A10BFFAB5EE400AF1EE10FA26D1FFE70098C3
S31508010A20FEF7BEFAB5EE400AF1EE10FA1DD1FFE760
S31508010A300098FEF7BDFAB5EE400AF1EE10FA14D1A8
S31508010A40FFE70098FEF7E4FA78B9FFE70098FEF7A2
S31508010A50E7FA50B9FFE70098FEF7F2FA28B9FFE777
S31508010A600098FEF7E5FA28B1FFE70099012081F819
S31508010A70880E0AE00098FEF7B3FA28B9FFE700994D
S31508010A80022081F8880EFFE7FFE7FFE702B080BD85
S31508010A9080B582B0019001980090B030FFF720FB35
S31508010AA0012805D1FFE70099002081F8890E0BE09E
S31508010AB00098B030FFF714FB28B9FFE70099012029
S31508010AC081F8890EFFE7FFE702B080BD000000004C
S31508010AD080B582B001900198009000F5C870012197
S31508010AE000F0E2FD009800F5D660FEF7D1FF009808
S31508010AF000F5496000F08CFA02B080BD00000000E4
S31508010B0080B582B001900198FEF7A2FA02B080BDC5
S31508010B1080B584B003908DED020A03980190B03038
S31508010B2042F6E441C2F20041FFF74EFC019800F596
S31508010B30A070DFED1A2A9FED1A3A9FED1A5A002185
S31508010B40B0EE450AF0EE450AB0EE451AF0EE451A42
S31508010B50B0EE622AF0EE453AB0EE454AF0EE454A65
S31508010B6001F0F6FD019800F5C870F1EE000AB2EE43
S31508010B70001AB0EE600A00F0A7FD019800F5D660EC
S31508010B80FEF7DEFF019800F5496000F075FA019954
S31508010B900298C1F88C0E04B080BD00BF00008046E3
S31508010BA06F12833A0000000080B582B00190019867
S31508010BB00090FEF79DFA0098B030FFF779FC00988F
S31508010BC000F5A07001F014FE009800F5C87000F059
S31508010BD08BFE009800F5D660FFF71AF9009800F524
S31508010BE0496000F0D5FA0098022180F8881E012292
S31508010BF080F8892E002280F88A2E80F88B1E02B092
S31508010C0080BD00000000000080B586B005900598FB
S31508010C10039090F8711000EBC102516801315160DF
S31508010C2090F8710001460491042800F2F4800499B1
S31508010C30DFE801F0037C4CACD1000398406FFEF766
S31508010C40DBFD28B9FFE70398406FFFF7B1F83CE0F1
S31508010C500398406FFEF7D0FDB0B3FFE70398406FE6
S31508010C60FEF7A2FC0398406F90F87805C00750B3C9
S31508010C70FFE70398406F0190FEF732FD03988DED6B
S31508010C80020A406FFEF738FD0198F0EE400A9DED25
S31508010C90020AFEF745FC039890F8711000EBC102B1
S31508010CA000215160406F90F87905C00728B1FFE728
S31508010CB00398022101F088FB04E00398012101F061
S31508010CC083FBFFE7FFE7FFE7FFE7A4E00398406F31
S31508010CD0FEF7FAFD58B9FFE70398406F00F5B261D0
S31508010CE091ED000AD1ED010AFEF752FE1DE00398C7
S31508010CF0406FFEF7E9FDB8B1FFE70398406FFFF7CC
S31508010D006FF80398406F90F87805C00758B1FFE768
S31508010D10039890F8711000EBC1020021516003217C
S31508010D2001F052FBFFE7FFE7FFE774E00398406F26
S31508010D30FEF7F6FC58B9FFE70398406F00F5B16175
S31508010D4091ED000AD1ED010AFEF722FE1DE0039896
S31508010D50406FFEF7E5FCB8B1FFE70398406FFFF770
S31508010D603FF80398406F90F87805C00758B1FFE738
S31508010D70039890F8711000EBC1020021516003211C
S31508010D8001F022FBFFE7FFE7FFE744E00398406F26
S31508010D90FEF7F6FF0398406F90F87805C007C8B1CB
S31508010DA0FFE7039890F8711000EBC1004068B0F5B1
S31508010DB0FA6F0FD9FFE70398406FFEF7C1FB039857
S31508010DC090F8711000EBC10200215160042101F075
S31508010DD0FBFAFFE71FE00398406FFEF709FC28B905
S31508010DE0FFE70398406FFEF777FE13E00398406F1D
S31508010DF0FEF7FEFB68B1FFE70398406F90F87805A8
S31508010E00C00728B1FFE70398012101F0DDFAFFE7E2
S31508010E10FFE7FFE7FFE70398416F002081F87805B0
S31508010E2006B080BD0000000080B582B0019001982F
S31508010E30009001F015FB0098002180F8781002B0A7
S31508010E4080BD00000000000080B582B001900198C5
S31508010E5050309FED030A00F093FE02B080BD00BF3B
S31508010E60000000000000000081B00090009890F892
S31508010E70DC0100F0010001B070470000000000002D
S31508010E8080B584B003900398019000218DF80B106A
S31508010E9090ED7A0A90ED7B1A30EE410AFDF7DCFDFA
S31508010EA09FED0F1AB4EE410AF1EE10FA12DAFFE7D6
S31508010EB00198503000F0F8FDFDF7CEFD9FED091AB7
S31508010EC0B4EE410AF1EE10FA04DAFFE701208DF8D3
S31508010ED00B00FFE79DF80B0000F0010004B080BD90
S31508010EE0CDCCCC3ECDCC4C3D80B584B00390039897
S31508010EF00290503001909FED060A00F041FE0198DC
S31508010F0000F0CAFD029880ED790A04B080BD00BFE1
S31508010F10000000000000000080B584B0039003982B
S31508010F20019000218DF80B1090ED7A0A90ED7C1A4C
S31508010F3030EE410AFDF790FD9FED0F1AB4EE410A16
S31508010F40F1EE10FA12DAFFE70198503000F0ACFD25
S31508010F50FDF782FD9FED091AB4EE410AF1EE10FA8A
S31508010F6004DAFFE701208DF80B00FFE79DF80B0077
S31508010F7000F0010004B080BDCDCC4C3ECDCC4C3D3B
S31508010F8080B582B0019001980090503000F084FD40
S31508010F90009890ED781A90ED792A30EE420A20EE03
S31508010FA0010A9FED061A80EE010A80ED7A0A90ED94
S31508010FB07A0A01F011FC02B080BD00BFDB0FC940FF
S31508010FC082B00190019890F8DD01B0FA80F04009ED
S31508010FD08DF803009DF8030000F0010002B0704788
S31508010FE080B584B003900398019090ED7B0A01F0D7
S31508010FF03FFA019801F054FA019800F15001029163
S3150801100001F0E2FB029800F0BBFD04B080BD0000D0
S3150801101080B582B00190019800900020C5F60200C3
S315080110200121F5F7E9F80146009880F8DD11FFF787
S31508011030A7FF009800F5B07001F0E6F80098503067
S3150801104000F0BAFD02B080BD80B584B00390039864
S31508011050019090ED7C0A01F00BFA019801F020FA53
S31508011060019800F15001029101F0AEFB029800F0DF
S3150801107087FD04B080BD000080B588B00790079849
S315080110800590503042F61801C2F2004105220323A9
S315080110909FED2D0AF2EE040ACDED000A00F0B8FD27
S315080110A00598B2EE080ADFED290ACDED010A9FED92
S315080110B0283A8DED023ADFED274ACDED034AB7EE20
S315080110C0005A8DED045A00210691B0EE641AF0EE2D
S315080110D0641AB0EE452AF0EE642AF0EE643AB0EEF0
S315080110E0644A01F035FB9DED000A9DED012A9DED4F
S315080110F0023ADDED034A9DED045A05980699A0309A
S31508011100F1EE082AF0EE420AB0EE431AF0EE641A3E
S31508011110F0EE643AB0EE644A01F01AFB059800F560
S31508011120AC7040F60001C5F602014FF40052FFF714
S3150801113027FA0599069A01F5B070C1F8D411042168
S3150801114001F05EF908B080BD000010420AD7233CC1
S315080111506F12833A0000000080B582B001900199B0
S3150801116001F1500091ED7D0A00F00AFD02B080BD43
S3150801117080B582B00190019850309FED030A00F0C6
S31508011180FFFC02B080BD00BF0000000000000000A7
S3150801119080B582B001900198009001F029FB009872
S315080111A0503000F0ADFD009800F5AC70FFF7F8F986
S315080111B0009800F5B07001F0F7F80098002180F862
S315080111C0DD114CF6CD42C3F6CC62C0F8E021C0F879
S315080111D0E411C0F8E8114FF04041C0F8EC110021C4
S315080111E0CCF26011C0F8F0110021C4F2A011C0F8C8
S315080111F0F41102B080BD000081B00090009800F2A1
S31508011200EC4090ED000A01B07047000000000000B4
S3150801121082B001908DED000A01990098C1F81C056C
S3150801122002B070470000000080B58CB00B900B9897
S315080112300190002002900A90099008900790069064
S31508011240059004900390FFE70398032814DCFFE751
S31508011250019A03984FF4927100FB0120543000F073
S3150801126037FE039904A800EB810080ED000AFFE729
S31508011270039801300390E7E701989DED040A9DED77
S31508011280053A9DED062A9DED071A30EE430A30EE22
S31508011290420A30EE010A9FED2C2A20EE020A9FED42
S315080112A02B1A20EE010A8DED0A0A9DED040A9DED21
S315080112B0055A9DED064A9DED073A30EE050A30EED0
S315080112C0440A30EE430A20EE020A20EE010A8DEDA9
S315080112D0090A9DED040A9DED053A9DED062A9DED47
S315080112E0071A30EE030A30EE020A30EE010AB7EEAB
S315080112F0C00ABCEE001B20EE010B9FED0F1B20EE72
S31508011300010B9FED0F1B80EE010BB7EEC00B8DEDA8
S31508011310080A9DED0A0A00F03FF801989DED090AB1
S3150801132000F046F801989DED080AFFF771FF0CB029
S3150801133080BD00BF00BF00BF000000A045B6C33F87
S3150801134000000060B81ED13FF404353E2DB21D3EA3
S3150801135082B001908DED000A01990098C1F8100537
S3150801136002B070470000000081B00090009800F2BA
S31508011370E44090ED000A01B070470000000000004B
S3150801138081B00090009800F59D6090ED000A01B0CB
S31508011390704700000000000082B001908DED000A40
S315080113A001990098C1F8140502B0704700000000C1
S315080113B082B001908DED000A01990098C1F81805CF
S315080113C002B070470000000082B001908DED000A5E
S315080113D001990098C1F8080502B07047000000009D
S315080113E082B001908DED000A01990098C1F80C05AB
S315080113F002B070470000000082B001908DF803101A
S3150801140001999DF8030081F8040502B070470000B0
S3150801141080B592B011901198049090F80405014690
S31508011420059120B1FFE7059801282ED018E1002083
S315080114301090FFE71098032826DCFFE7049800F1CF
S315080114405402019210984FF49271029100FB012007
S31508011450032100F0C1FD019A0299109800FB0120B1
S315080114609FED8F0A8DED030A01F00EF8019A029994
S315080114709DED030A109800FB012000F0A1FDFFE78E
S31508011480109801301090D5E7EAE000200F90FFE7A9
S315080114900F9803280FDCFFE7049A0F984FF492710F
S315080114A000FB01205430032100F096FDFFE70F9859
S315080114B001300F90ECE7049800F2E44090ED000A41
S315080114C0B5EE400AF1EE10FA0CD0FFE7049901F5E2
S315080114D0A16001F2E441D1ED000AB1EE600AFCF720
S315080114E017FDFFE7049800F59D6090ED000AB5EE3B
S315080114F0400AF1EE10FA0CD0FFE7049901F20C50FC
S3150801150001F59D61D1ED000AB1EE600AFCF700FD17
S31508011510FFE7049800F2EC4090ED000AB5EE400AA8
S31508011520F1EE10FA0CD0FFE7049901F5A26001F279
S31508011530EC41D1ED000AB1EE600AFCF7E9FCFFE7E0
S31508011540049800F5A16393ED000A00F20C5292ED9E
S31508011550001A30EE010AB7EEC01A00F5A26191ED44
S31508011560000A9FED4D3A20EE030AB7EEC00A9FED39
S31508011570482B91EE020BB7EEC00B8DED0E0A93EDDB
S31508011580000A92ED001A30EE410AB7EEC01A91ED43
S31508011590000A20EE030AB7EEC00A91EE420BB7EE37
S315080115A0C00B8DED0D0A93ED001A92ED000A30EE8F
S315080115B0010AB7EEC01A91ED000A20EE030AB7EE4A
S315080115C0C00A91EE420BB7EEC00B8DED0C0A93EDF6
S315080115D0001A92ED000A30EE410AB7EEC01A91EDF3
S315080115E0000A20EE030AB7EEC00A91EE420BB7EEE7
S315080115F0C00B8DED0B0A9DED0E0A9FED281A20EE04
S31508011600010A8DED0A0A9DED0D0A20EE010A8DEDFE
S31508011610090A9DED0C0A20EE010A8DED080A9DEDD9
S315080116200B0A20EE010A8DED070A54309DED0A0AD0
S3150801163000F0C6FC049800F5BC709DED090A00F09F
S31508011640BFFC049800F527709DED080A00F0B8FC68
S31508011650049800F570709DED070A00F0B1FCFFE7EC
S3150801166000200690FFE7069803280EDCFFE7049A98
S3150801167006984FF4927100FB0120543000F0C8FC23
S31508011680FFE7069801300690EDE712B080BD00BF6E
S31508011690000000809EA0E63FC3F5883ECECA4F41B2
S315080116A0000000000000000080B584B003908DF8AA
S315080116B00B1003980190FFF7B7FD0198FFF7A8FEF5
S315080116C004B080BD0000000080B598B017908DED7C
S315080116D0160ACDED150A8DED141A17980490169968
S315080116E0C0F8E4141599C0F8E8141499C0F8EC1474
S315080116F09FED730A8DED020ADFED720ACDED030A3D
S3150801170000210E91FEF7F4FE9DED020ADDED030AB6
S3150801171004980E991C30FEF7EBFE04980E993830A2
S31508011720DFED690AB0EE600AFEF7E2FE04980E994B
S3150801173000F154020B92A430B1EE080A8DED050AA8
S315080117409FED621A8DED061A9FED612A8DED072A26
S31508011750DFED602ACDED082A9FED5F3A8DED093A56
S315080117609FED5E5A8DED0A5AF0EE450AF0EE451ADE
S31508011770F0EE453AB0EE454AF0EE454A00F0E8FF8C
S3150801178004989DED050A9DED061A9DED072ADDEDE6
S31508011790082A9DED093A9DED0A5A0E9900F5BC7283
S315080117A00C9200F5E470F0EE450AF0EE451AF0EEFB
S315080117B0453AB0EE454AF0EE454A00F0C9FF0498AD
S315080117C09DED050A9DED061A9DED072ADDED082A10
S315080117D09DED093A9DED0A5A0E9900F527720D926B
S315080117E000F53B70F0EE450AF0EE451AF0EE453A83
S315080117F0B0EE454AF0EE454A00F0AAFF04989DED81
S31508011800050A9DED061A9DED072ADDED082A9DEDCF
S31508011810093A9DED0A5A0E9900F570720F9200F574
S315080118208260F0EE450AF0EE451AF0EE453AB0EE62
S31508011830454AF0EE454A00F08BFF0B980E996A4629
S31508011840116042F61801C2F20041109101220323E8
S3150801185011939FED230A8DED120AF3EE040ACDEDDD
S31508011860130A00F005FC0C980E9A1099119B9DED30
S31508011870120ADDED130AEC46CCF80020022200F02C
S31508011880F7FB0D980E9A1099119B9DED120ADDED45
S31508011890130AEC46CCF800201A4600F0E9FB0E9A2A
S315080118A00F981099119B9DED120ADDED130AEC466E
S315080118B0CCF80020042200F0DBFB18B080BD00BF85
S315080118C0A69BC43BA69B443C0AD7233C8FC2F53C46
S315080118D00000484200007A446F12833A0000000073
S315080118E02CA099410000000080B586B004900498A8
S315080118F001900590FEF714FE01981C30FEF710FEC4
S3150801190001983830FEF70CFE019901F1540001F2F5
S31508011910E44102910390FFE70398009000F028FC48
S315080119200098029A00F59271084691420390F3D104
S31508011930FFE701994FF08D40C1F8F004002081F8C6
S315080119400405C1F80805C1F80C05C1F81005C1F868
S315080119501405C1F81805C1F81C05059806B080BD1F
S3150801196080B586B0059005980190D0F8A0002C3076
S315080119700290029804A9FCF72BFF029802300DF198
S315080119800E01FCF725FF0298043003A9FCF720FF96
S315080119900199BDF81000D1F8E420801AADF81200BB
S315080119A0BDF91200B1F8B4104A42C1EBD271B0EBDD
S315080119B0610F07DAFFE70199D1F8EC000130C1F8A8
S315080119C0EC0010E00199BDF91200B1F8B410B0EBC2
S315080119D0510F07DDFFE70199D1F8EC000138C1F88D
S315080119E0EC00FFE7FFE70199D1F8EC00B1F8B42064
S315080119F0BDF8103000FB0230C1F8E80091ED2B1A52
S31508011A0091ED3A0AB8EEC00AB1F8B40002EE100A2E
S31508011A10B8EE422A80EE020A30EE000A9FED1A2A33
S31508011A2020EE020A80EE010A81ED340ABDF90E00A4
S31508011A3000EE100AB8EEC00A9FED141A20EE010A4C
S31508011A4091ED2B1A80EE010A81ED350ABDF90C00DC
S31508011A5000EE100AB8EEC00A91ED2E1A80EE010AC0
S31508011A6081ED360A0298807900EE100AB8EEC00AAE
S31508011A709FED071A30EE010A81ED370ABDF810000D
S31508011A80C1F8E40006B080BDDB0F49405077D63D6A
S31508011A90339388430000000081B00090009890EDD0
S31508011AA0340A01B07047000081B00090009890EDAB
S31508011AB0350A01B07047000080B586B005900598D3
S31508011AC0039090F8F00001460491012808D0FFE739
S31508011AD00498032805D0FFE7049804281DD045E09B
S31508011AE049E0039901F15000029091ED3E0A91ED0A
S31508011AF0401A30EE010A00F0BBFC0298039991EDF9
S31508011B00350A00F069FE029800F0CAFC029800F056
S31508011B105BFE039880ED3F0A2DE0039890ED3D0AA0
S31508011B2000F0A6FC039800F0BBFC039800F04CFEFD
S31508011B30039981ED3E0A01F15000019091ED3E0AAB
S31508011B4091ED401A30EE010A00F092FC01980399D2
S31508011B5091ED350A00F040FE019800F0A1FC0198CC
S31508011B6000F032FE039880ED3F0A04E00399002055
S31508011B70C1F8FC00FFE706B080BD000000000000C8
S31508011B8082B001908DED000A01990098C1F8F8001C
S31508011B9002B070470000000080B582B00190009144
S31508011BA00198D0F8C0100131C0F8C010FFF7D8FE6F
S31508011BB002B080BD0000000080B584B00390039890
S31508011BC00190FFF779FF019890ED3F0A90ED411AD0
S31508011BD030EE010A8DED020AD0ED2C0AB1EE600A4B
S31508011BE002A8FCF795F901989DED020A90ED2E1AC7
S31508011BF020EE010A80ED320A00F06AF80199002008
S31508011C00C1F80401C1F8000104B080BD000000005C
S31508011C1080B586B0059004918DF80F208DF80E30A9
S31508011C208DED020ACDED010A059800900498006829
S31508011C304AF20001C4F20001884208D1FFE700997F
S31508011C4040F29800C2F20040C1F8A00023E00498CF
S31508011C5000684AF20041C4F20001884208D1FFE750
S31508011C60009940F2F800C2F20040C1F8A00011E064
S31508011C70049800684DF20041C4F20001884208D177
S31508011C80FFE7009940F25810C2F20040C1F8A000DF
S31508011C90FFE7FFE7FFE700999DF80F0081F8A40029
S31508011CA09DF80E0081F8F0000298C1F8AC00019881
S31508011CB0C1F8B00004989DF80F100022FCF7D4F97A
S31508011CC00099C1F8A80006B080BD00000000000018
S31508011CD081B00090009991ED320ABDEEC00A10EE6E
S31508011CE0100A000AD1F8A820107091ED320ABDEE4B
S31508011CF0C00A10EE100AD1F8A810487001B0704752
S31508011D0080B582B001900198009000F071FD0098AD
S31508011D10503000F06DFD00984FF40051A0F8B41052
S31508011D200021C4F27A41C0F8B8100021C4F220118A
S31508011D30C0F8BC100021C0F8C010C0F8C410C0F823
S31508011D40C81080F8CC10042280F8F020C0F8F410EE
S31508011D50C0F8F810C0F8FC10C0F80011C0F804115A
S31508011D6002B080BD0000000080B586B005900598D8
S31508011D700190D0F8A0002C300290029804A9FCF733
S31508011D8027FD029802300DF10E01FCF721FD02989C
S31508011D90043003A9FCF71CFD0199BDF81000D1F820
S31508011DA0F820801AADF81200BDF91200B1F8C81072
S31508011DB04A42C1EBD271B0EB610F07DAFFE701992D
S31508011DC0D1F800010130C1F8000110E00199BDF90F
S31508011DD01200B1F8C810B0EB510F07DDFFE7019902
S31508011DE0D1F800010138C1F80001FFE7FFE70198C2
S31508011DF0D0F80011B0F8C820BDF8103001FB023147
S31508011E00C0F8FC1090ED2B1A90ED3F0AB8EEC00A07
S31508011E10B0F8C81002EE101AB8EE422A80EE020A8D
S31508011E2030EE000A9FED232A20EE020A80EE010A0F
S31508011E3080ED390ABDF90E1000EE101AB8EEC00A87
S31508011E409FED1D1A20EE010A90ED2B1A80EE010A6C
S31508011E5080ED3A0ABDF90C1000EE101AB8EEC00A68
S31508011E6090ED331A80EE010A80ED3B0A02998979D1
S31508011E7000EE101AB8EEC00A9FED101A30EE010AEC
S31508011E8080ED3C0A90ED2E0AD0ED2F0A90ED301A1E
S31508011E90D0ED311A90ED3B2AD0ED3A2AFCF7B8F885
S31508011EA0019981ED3D0ABDF81000C1F8F80006B0A8
S31508011EB080BD00BFDB0F49405077D63D3393884339
S31508011EC081B00090009890ED390A01B07047000082
S31508011ED081B00090009890ED3A0A01B07047000071
S31508011EE080B586B005900598039090F808010146DB
S31508011EF00491012808D0FFE70498032805D0FFE7D5
S31508011F00049804281DD04AE04EE0039901F15000D7
S31508011F10029091ED440A91ED461A30EE010A00F05D
S31508011F20A7FA0298039991ED3A0A00F055FC02982E
S31508011F3000F0B6FA029800F047FC039880ED450ACE
S31508011F4032E0039890ED430A00F092FA039890ED77
S31508011F50390A00F041FC039800F0A2FA039800F050
S31508011F6033FC039981ED440A01F15000019091ED8A
S31508011F70440A91ED461A30EE010A00F079FA019801
S31508011F80039991ED3A0A00F027FC019800F088FAC6
S31508011F90019800F019FC039880ED450A04E00399BD
S31508011FA00020C1F81401FFE706B080BD000000005B
S31508011FB081B00090009890ED3B0A01B0704700008F
S31508011FC082B001908DED000A01990098C1F81001BF
S31508011FD002B070470000000082B001908DF803102E
S31508011FE001999DF8030081F8080102B070470000C5
S31508011FF080B582B0019000910198D0F8D4100131D2
S31508012000C0F8D410FFF7B0FE02B080BD0000000092
S3150801201080B584B0039003980190FFF761FF01989A
S3150801202090ED450A90ED471A30EE010A8DED020A48
S31508012030D0ED2D0AB1EE600A02A8FBF769FF0198F7
S315080120409DED020A90ED331A20EE010A80ED370A5A
S3150801205000F076F8019890F8B00038B9FFE70199D1
S315080120600020C1F81C01C1F81801FFE704B080BDC2
S3150801207080B588B084460A98CDF81CC006918DF8BB
S3150801208017208DF816308DED040A8DF80F00CDED69
S31508012090020A07980190069800684AF20001C4F2FC
S315080120A00001884208D1FFE7019940F29800C2F27F
S315080120B00040C1F8A00023E0069800684AF20041F2
S315080120C0C4F20001884208D1FFE7019940F2F800FD
S315080120D0C2F20040C1F8A00011E0069800684DF26E
S315080120E00041C4F20001884208D1FFE7019940F294
S315080120F05810C2F20040C1F8A000FFE7FFE7FFE76A
S3150801210001999DF8170081F8A4009DF8160081F839
S3150801211008019DF80F0081F8B0000498C1F8AC00D9
S315080121200298C1F8B40006989DF817100022FBF72B
S315080121309BFF0199C1F8A80008B080BD0000000006
S3150801214081B00090009991ED370ABDEEC00A10EEF4
S31508012150100A000AD1F8A820107091ED370ABDEED1
S31508012160C00A10EE100AD1F8A810487001B07047DD
S3150801217080B582B001900198009000F039FB009873
S31508012180503000F035FB00984AF28771C3F6976123
S31508012190C0F8B8100021C0F8BC1048F6AC32C3F636
S315080121A01B62C0F8C02045F6FB42C3F6AD72C0F803
S315080121B0C4204FF40052A0F8C8204CF6CD42C4F210
S315080121C04C42C0F8CC200022C4F2A012C0F8D0209C
S315080121D0C0F8D410C0F8D810C0F8DC1080F8E010A8
S315080121E0042280F80821C0F80C11C0F81011C0F8B3
S315080121F01411C0F81811C0F81C114FF07E51C0F81F
S31508012200201102B080BD000080B584B00390039808
S31508012210019090F8711000EBC102516801315160CB
S3150801222090F8710001460291032800F2B4800299E0
S31508012230DFE801F0023568860198406FFEF7C0FEB7
S315080122400146019842F67C52C2F200421170406F73
S31508012250FEF7B6FE28B9FFE70198406FFEF77CFF47
S315080122601CE00198406FFEF7ABFEB0B1FFE701989D
S31508012270406FFEF739FE019890F8711000EBC10224
S3150801228000215160406FFEF7EFFD28B1FFE7019885
S31508012290012100F099F8FFE7FFE7FFE77CE00198E5
S315080122A0406FFEF7EDFD0146019842F67E52C2F2F5
S315080122B000421170406FFEF7E3FD28B9FFE7019868
S315080122C0406FFEF78DFE1CE00198406FFEF7D8FDC2
S315080122D0B0B1FFE70198406FFEF74AFF019890F801
S315080122E0711000EBC10200215160406FFEF7BCFD81
S315080122F028B1FFE70198022100F066F8FFE7FFE73A
S31508012300FFE749E0019842F67B52C2F200420121F9
S315080123101170406F00F5AC70FEF712F9019890F84C
S31508012320711000EBC10200215160406FFEF79CFD60
S3150801233028B1FFE70198032100F046F8FFE72BE0F3
S315080123400198406FFEF7E8FD28B9FFE70198406F4D
S31508012350FEF77AFE1EE00198406FFEF7DDFDC0B17B
S31508012360FFE70198406FFEF76FFD019890F871102D
S3150801237000EBC1020021516042F67D52C2F20042D1
S3150801238001211170406FFEF76FFD08B1FFE7FFE706
S31508012390FFE7FFE700E0FFE70198416F002081F8BA
S315080123A0DC0104B080BD000080B582B001900198BF
S315080123B0009000F055F80098002180F8781002B0D6
S315080123C080BD00000000000082B001908DF8031066
S315080123D0019991F87120002001F8320091F87120D5
S315080123E001EBC20250609DF80320012001F832007A
S315080123F09DF8030081F8710002B0704700000000E3
S3150801240084B003908DF80B108DF80A20039900917A
S315080124109DF80B0081F870009DF80A0081F871009B
S3150801242000200190FFE70099019891F87010884201
S315080124300EDAFFE70099019A002001F83200019AA5
S3150801244001EBC2014860FFE7019801300190EAE714
S3150801245000999DF80A20012001F8320004B070475E
S3150801246081B000900098002180F8711001B0704782
S3150801247082B001908DED000A01990098486402B076
S31508012480704700000000000082B001908DED000A3F
S3150801249001990098C86402B0704700000000000066
S315080124A080B58AB009900998019000210891079191
S315080124B00691059190ED110A90ED121A30EE410A36
S315080124C08DED040A9DED040AFCF7C6FA01988DED17
S315080124D0030A9DED030A90ED011AB4EE410AF1EEE5
S315080124E010FA07DAFFE70199886C4864002004901E
S315080124F00390FFE7019890ED080A9DED041A20EE76
S31508012500010A8DED080A90ED0E0AB5EE400AF1EEC4
S3150801251010FA0DD1FFE7019890ED0F0AB5EE400AC2
S31508012520F1EE10FA04D1FFE74FF07E50029049E030
S3150801253001989DED030A90ED0F1AB4EE410AF1EEEA
S3150801254010FA04DCFFE74FF07E50029039E001985B
S3150801255090ED0F0A9DED031AB4EE410AF1EE10FA59
S315080125601FDAFFE701989DED030A90ED0E1A90ED2B
S315080125700F2A31EE021AB4EE410AF1EE10FA10DA18
S31508012580FFE7019890ED0E1A90ED0F0A31EE000A59
S315080125909DED032A30EE420A80EE010A8DED020A0C
S315080125A00EE001989DED030A90ED0F1AB4EE410A6B
S315080125B0F1EE10FA03DBFFE700200290FFE7FFE7E1
S315080125C0FFE7FFE7019890ED0C0AB5EE400AF1EE38
S315080125D010FA10D0FFE7019901F14C0091ED092A93
S315080125E091ED0C1AB1EE410A80EE020AC1EE020A19
S315080125F0FBF78EFCFFE7019890ED100AB5EE400A4D
S31508012600F1EE10FA18D1FFE701989DED021A90ED47
S31508012610002A90ED130A21EE021A9DED042AA1EE75
S31508012620020A80ED130A90ED090A90ED131A20EEBD
S31508012630010A8DED070A28E001989DED030A90ED40
S31508012640101AB4EE410AF1EE10FA18DAFFE701980A
S315080126509DED021A90ED002A90ED130A21EE021A59
S315080126609DED042AA1EE020A80ED130A90ED090AEE
S3150801267090ED131A20EE010A8DED070A04E001997F
S315080126800020C8640790FFE7FFE70198007A90B930
S31508012690FFE7019890ED001A90ED063A90ED0A0AC7
S315080126A09DED042A32EE432A20EE020A80EE010A43
S315080126B08DED060A11E0019890ED001A90ED053AA4
S315080126C090ED072A90ED0A0A32EE432A20EE020A15
S315080126D080EE010A8DED060AFFE7019890ED042ABE
S315080126E090ED0B1A90ED110A30EE420A20EE010A1E
S315080126F08DED050A9DED080A9DED071A30EE010AD2
S315080127009DED061A30EE010A9DED051A30EE010A15
S3150801271080ED070A90ED0D0AB5EE400AF1EE10FAC2
S315080127200AD0FFE7019901F11C00D1ED0D0AB1EEBE
S31508012730600AFBF7EDFBFFE70199886CC860486CF6
S315080127400861C8694861049888610AB080BD0000BB
S315080127508EB002AA0092024600980D9280ED0A0AEE
S31508012760C0ED090A80ED081AC0ED071A80ED062AA0
S31508012770C0ED052A80ED043AC0ED033A80ED024A20
S31508012780C0ED014A80ED005A8DF807100D990C9895
S3150801279008620B9848620A9888620998C86208987C
S315080127A0086307984863069808600598486004987E
S315080127B088630398C863029808649DF8070008723D
S315080127C00EB070470000000081B00090009890EDAF
S315080127D0070A01B07047000082B001908DED000A2A
S315080127E001990098886402B0704700000000000053
S315080127F081B0009000980021C16001614161816149
S31508012800C161016241628162C1620163416381639F
S31508012810C163016441648164C16401B07047000009
S3150801282081B0ADF80200BDF9020000280ED4FFE719
S31508012830BDF9021001F01F02012090404A094EF22B
S315080128400011CEF2000141F82200FFE701B07047FE
S315080128504EF60C50CEF200000068C0F30220704715
S3150801286082B0ADF806000091BDF9060000280AD429
S31508012870FFE700980001BDF906104EF20042CEF2BC
S31508012880000288540BE000980001BDF8061001F01B
S315080128900F014EF61452CEF200028854FFE702B039
S315080128A0704700000000000083B00290029800F013
S315080128B0070000904EF60C51CEF20001086801900F
S315080128C001984FF6FF02104001900198009A40EADC
S315080128D002200022C0F2FA521043019001980860C2
S315080128E003B070470000000080B541F22C70C2F2B7
S315080128F00040FEF759F980BD80B582B000200190ED
S31508012900F3F7C2FCF9F728FAF8F7C2FCF8F7B0FBB7
S31508012910F8F76AFEF8F7FCFBF8F7D2FDF8F77CFD45
S31508012920F8F736FCF8F774FCF8F7EEFEF8F77CFFD3
S31508012930F8F732FFF8F714FEF8F79AFEFAF70CF8EB
S31508012940FFE7FAF765F8FCE710B52DED028BB1EE56
S31508012950C08A18EE100A20F00040C0F1FF40C00FEF
S315080129600AD010EE100A20F00040C0F1FF40C00F57
S3150801297004BF0120EDF707FEB0EE480ABDEC028B55
S3150801298010BDF1EE100A4FF6FF71C0F2C03120EA10
S31508012990010040F04070E1EE100A704700000000A7
S315080129A00000000000000000000000000000000018
S315080129B001000000020000000300000004000000FE
S315080129C000000000050000000000000000000000F3
S315080129D000000000060000000000000000000000E2
S315080129E000000000070000000000000001020304C7
S315080129F00102030406070809000102030405060784
S31508012A00080C10141820304000061016000610167F
S31508012A10080402040801010101010103070100007C
S31508012A20010002000400060008000A000C0010005C
S31508012A302000400080000001602A010800000024EF
S31508012A401000000008030008702A0108100000247D
S31508012A507833000024030008D1B2FFFF000000000C
S31508012A600090D0030090D003010000001000000080
S705080002CD23
