:020000040800F2
:10000000B83200247103000821B8000841B000088C
:1000100019B80008A106000861DC00080000000013
:1000200000000000000000000000000041BC0008CB
:10003000791100080000000099B80008A1BC000870
:100040008B0300088B0300088B0300088B03000858
:100050008B0300088B0300088B0300088B03000848
:100060008B0300088B0300088B0300088B03000838
:10007000A9060008B9060008C9060008D906000844
:100080008B0300088B0300088B030008B9110008DC
:10009000C91100088B0300088B0300088B030008BC
:1000A0008B0300088B0300088B0300088B030008F8
:1000B0008B0300088B030008B9BE00088B030008FF
:1000C0008B0300088B0300088B0300088B030008D8
:1000D0008B03000851DC00088B0300088B03000829
:1000E000811100088B030008000000008B0300084A
:1000F0008B0300088B0300088B0300088B030008A8
:100100008B0300088B030008C9BE00088B0300089E
:100110008B03000869C900088B0300088B030008E3
:10012000E90600088B0300088B0300088B03000816
:100130008B0300088B0300088B0300088B03000867
:1001400000000000000000000000000000000000AF
:100150008B0300088B0300088B0300088B03000847
:100160008B0300088B0300088B0300088B03000837
:100170008B0300088B0300088B03000800000000BD
:100180008B0300088B0300088B0300088B03000817
:100190008B0300088B0300088B0300088B03000807
:1001A0008B0300088B0300088B030008000000008D
:1001B0008B0300088B0300088B0300088B030008E7
:1001C0008B0300088B030008000000000000000003
:1001D00000000000000000008B0300080000000089
:1001E000000000000000000000000000000000000F
:1001F00000000000000000008B0300088B030008D3
:100200008B0300088B030008000000008B0300082C
:100210008B0300088B0300088B0300088B03000886
:100220008B030008000000008B03000800000000A2
:100230008B0300088B030008000000008B030008FC
:100240008B0300088B0300088B0300088B03000856
:100250008B0300088B0300088B0300088B03000846
:100260008B0300088B0300088B0300088B03000836
:100270008B0300088B0300088B03000800000000BC
:100280008B0300088B0300088B0300088B03000816
:10029000000000008B0300088B0300080000000032
:1002A000000000008B0300088B0300088B0300088C
:1002B00041DC00088B0300088B030008D9110008FB
:1002C0008B0300088B0300088B03000800F002F882
:1002D00000F03EF80AA090E8000C82448344AAF1A2
:1002E0000107DA4501D100F033F8AFF2090EBAE8A0
:1002F0000F0013F0010F18BFFB1A43F0010318475A
:100300005427010074270100103A24BF78C878C12F
:10031000FAD8520724BF30C830C144BF04680C600B
:10032000704700000023002400250026103A28BF53
:1003300078C1FBD8520728BF30C148BF0B60704757
:100340001FB512F02CFB00F04DF91FBD10B510BD0C
:1003500000F075F91146FFF7F3FF12F0DDFA00F037
:1003600093F903B4FFF7F2FF03BC00F059F9000062
:100370000948804709480047FEE7FEE7FEE7FEE739
:10038000FEE7FEE7FEE7FEE7FEE7FEE70448054975
:10039000054A064B7047000079BD0008CD020008F1
:1003A000B82C0024B8320024B82E0024B82E002423
:1003B00053EA020C00F069802DE9F04B4FF0000683
:1003C000002B1FBFB3FA83F503FA05F424FA05F6F0
:1003D0005E4012BF1643B2FA82F502FA05F4C5F187
:1003E00020051EBF22FA05FC44EA0C04203556EA1B
:1003F000044C4FEA144418BF641C4FF000084FF03F
:100400000009904271EB030C39D3002919BFB1FAEE
:1004100081F701FA07F6B0FA80F700FA07F6C7F19C
:1004200020071EBF20FA07FC46EA0C062037B6FB61
:10043000F4FCA7EB0507103F07F01F0BCBF12006DC
:100440002CFA06F60CFA0BFB44BFB3460026202F0D
:10045000A4BF5E464FF0000B5BEA060C08BF4FF0EE
:10046000010B19EB0B0948EB0608ABFB027C06FB02
:1004700002CC0BFB03CCC01B71EB0C01C1E70B469C
:10048000024641464846BDE8F08B13B5084318BF05
:100490004FF0FF300146AFF30080BDE81C407047CD
:1004A000032A40F2308010F0030C00F0158011F8A0
:1004B000013BBCF1020F624498BF11F801CB00F878
:1004C000013B38BF11F8013BA2F1040298BF00F8CC
:1004D00001CB38BF00F8013B11F0030300F0258089
:1004E000083AC0F0088051F8043B083A51F804CBB0
:1004F000A0E80810F5E7121D5CBF51F8043B40F876
:10050000043BAFF30080D20724BF11F8013B11F880
:1005100001CB48BF11F8012B24BF00F8013B00F8C4
:1005200001CB48BF00F8012B704710B5203AC0F04E
:100530000B80B1E81850A0E81850B1E81850A0E8B6
:100540001850203ABFF4F5AF5FEA027C24BFB1E84F
:100550001850A0E8185044BF18C918C0BDE8104092
:100560005FEA827C24BF51F8043B40F8043B08BF9B
:100570007047D20728BF31F8023B48BF11F8012B62
:1005800028BF20F8023B48BF00F8012B70474FF00E
:10059000000200B5134694469646203922BFA0E8D3
:1005A0000C50A0E80C50B1F12001BFF4F7AF0907DF
:1005B00028BFA0E80C5048BF0CC05DF804EB8900D0
:1005C00028BF40F8042B08BF704748BF20F8022B13
:1005D00011F0804F18BF00F8012B7047704770472B
:1005E0007047000070B5064C7C44064D7D4404E025
:1005F0002046016808448047241DAC42F8D170BDF4
:10060000882401008824010010B500F00FF800686C
:1006100010BD10B5044600F009F8046010BD0000DC
:1006200001491820ABBEFEE72600020000487047D3
:1006300018000024004870471800002470477546D1
:10064000FFF7F8FFAE4605006946534620F0070065
:10065000854618B020B5FFF799FEBDE820404FF061
:1006600000064FF000074FF000084FF0000BAC46BB
:10067000ACE8C009ACE8C009ACE8C009ACE8C00906
:1006800021F007018D46704710B50446AFF3008096
:100690002046BDE81040FFF764BE000000000000E7
:1006A000FFE7FEE70000000080B542F2EC60C2F216
:1006B000004001F06DFF80BD80B542F26470C2F26F
:1006C000004001F065FF80BD80B542F2FC50C2F2EF
:1006D000004001F05DFF80BD80B542F27460C2F25F
:1006E000004001F055FF80BD80B542F28450C2F257
:1006F000004001F04DFF80BD83B002900298016878
:1007000001201022C4F202029142009000F0A38066
:10071000FFE70298016801202822C4F202029142F8
:10072000009000F09880FFE70298016801204022C5
:10073000C4F202029142009000F08D80FFE702981F
:10074000016801205822C4F202029142009000F098
:100750008280FFE70298016801207022C4F2020241
:100760009142009077D0FFE702980168012088222B
:10077000C4F20202914200906DD0FFE70298016836
:100780000120A022C4F202029142009063D0FFE750
:10079000029801680120B822C4F20202914200903E
:1007A00059D0FFE702980168012040F21042C4F2DC
:1007B0000202914200904ED0FFE7029801680120AA
:1007C00040F22842C4F202029142009043D0FFE777
:1007D00002980168012040F24042C4F202029142B4
:1007E000009038D0FFE702980168012040F258429B
:1007F000C4F20202914200902DD0FFE702980168F6
:10080000012040F27042C4F202029142009022D0D4
:10081000FFE702980168012040F28842C4F2020218
:100820009142009017D0FFE702980168012040F242
:10083000A042C4F20202914200900CD0FFE702985D
:1008400000684FF64831CBF6FD710844B0FA80F0ED
:1008500040090090FFE70098C00740B3FFE7029807
:10086000007810384AF6AB21CAF6AA21A0FB011085
:1008700000090190019800F0070142F62420C0F61B
:100880000100405C0299C8650198042807D3FFE77E
:1008900002990868042262F30900886506E002995B
:1008A000086840F2FF3290438865FFE705E002994F
:1008B000086820F0FF008865FFE70298806D03B0AC
:1008C000704700000000000084B0039003980068A7
:1008D000019003980168012045F20842C5F6020222
:1008E000914200904ED0FFE703980168012045F245
:1008F0001C42C5F602029142009043D0FFE70398E4
:100900000168012045F23042C5F602029142009092
:1009100038D0FFE703980168012045F24442C5F64C
:100920000202914200902DD0FFE703980168012058
:1009300045F25842C5F602029142009022D0FFE7EC
:1009400003980168012045F26C42C5F6020291420B
:10095000009017D0FFE703980168012045F280421C
:10096000C5F60202914200900CD0FFE703980068A0
:100970004AF66C31CAF2FD710844B0FA80F04009C1
:100980000090FFE70098C00710B3FFE703980078D6
:1009900008384CF6CD41CCF6CC41A0FB0110000943
:1009A0000290029945F60000C5F6020000EB8100B6
:1009B00003990866039945F68000C5F6020048666B
:1009C000029800F01F01012088400399886635E0F5
:1009D0000398007810384AF6AB21CAF6AA21A0FB8A
:1009E000011000090290019840F2B841C4F20201DE
:1009F00088420CD8FFE7019840F21041C4F202018E
:100A0000884204D3FFE7029808300290FFE702997A
:100A100040F60000C4F2020000EB81000399086672
:100A2000039940F68000C4F202004866029800F084
:100A30001F010120884003998866FFE704B07047D2
:100A400083B002900298007901900198002800F08C
:100A50008A80FFE70198082800F28580FFE7029866
:100A60000168012045F20842C5F602029142009059
:100A70004ED0FFE702980168012045F21C42C5F6FE
:100A800002029142009043D0FFE7029801680120E2
:100A900045F23042C5F602029142009038D0FFE79D
:100AA00002980168012045F24442C5F602029142D3
:100AB00000902DD0FFE702980168012045F25842CE
:100AC000C5F602029142009022D0FFE70298016829
:100AD000012045F26C42C5F602029142009017D007
:100AE000FFE702980168012045F28042C5F6020244
:100AF000914200900CD0FFE7029800684AF66C31F2
:100B0000CAF2FD710844B0FA80F040090090FFE796
:100B10000098C00780B1FFE7019945F6FC00C5F6D3
:100B2000020000EB81000299C866029945F6401068
:100B3000C5F6020008670FE0019940F6FC00C4F218
:100B4000020000EB81000299C866029940F640104D
:100B5000C4F202000867FFE70198411E01208840A7
:100B600002994867FFE703B07047000000000000EB
:100B700085B0049000208DF80F000498806918BBA0
:100B8000FFE70498806A029003281BD80299DFE8E7
:100B900001F0020D0218049890F82F00C00720B150
:100BA000FFE701208DF80F00FFE70CE00498C06A12
:100BB000B0F1C07F04D1FFE701208DF80F00FFE7FF
:100BC00001E000E0FFE747E004988069B0F5005FCE
:100BD00026D1FFE70498806A019003281ED8019966
:100BE000DFE801F00206021101208DF80F0016E087
:100BF000049890F82F00C00720B1FFE701208DF87E
:100C00000F00FFE70BE00498C06AB0F1C07F04D189
:100C1000FFE701208DF80F00FFE700E0FFE71AE093
:100C20000498806A0090032804D3FFE70098032803
:100C300004D00EE001208DF80F000BE0049890F82E
:100C40002F00C00720B1FFE701208DF80F00FFE75C
:100C500000E0FFE7FFE7FFE79DF80F0005B07047F2
:100C600089B008900791069205930898806D0490CA
:100C70000898806D03900898016801201022C4F242
:100C800002029142029000F00381FFE70898016898
:100C900001202822C4F202029142029000F0F88062
:100CA000FFE70898016801204022C4F20202914245
:100CB000029000F0ED80FFE70898016801205822BB
:100CC000C4F202029142029000F0E280FFE708982D
:100CD000016801207022C4F202029142029000F0E9
:100CE000D780FFE70898016801208822C4F2020239
:100CF0009142029000F0CC80FFE708980168012043
:100D0000A022C4F202029142029000F0C180FFE7EB
:100D1000089801680120B822C4F2020291420290B0
:100D200000F0B680FFE708980168012040F2104209
:100D3000C4F202029142029000F0AA80FFE70898F4
:100D40000168012040F22842C4F20202914202905E
:100D500000F09E80FFE708980168012040F24042C1
:100D6000C4F202029142029000F09280FFE70898DC
:100D70000168012040F25842C4F2020291420290FE
:100D800000F08680FFE708980168012040F2704279
:100D9000C4F20202914202907AD0FFE708980168FB
:100DA000012040F28842C4F20202914202906FD0C8
:100DB000FFE708980168012040F2A042C4F2020255
:100DC0009142029064D0FFE708980168012040F248
:100DD000B842C4F202029142029059D0FFE708984B
:100DE0000168012045F20842C5F6020291420290D4
:100DF0004ED0FFE708980168012045F21C42C5F675
:100E000002029142029043D0FFE708980168012056
:100E100045F23042C5F602029142029038D0FFE717
:100E200008980168012045F24442C5F60202914249
:100E300002902DD0FFE708980168012045F2584242
:100E4000C5F602029142029022D0FFE7089801689D
:100E5000012045F26C42C5F602029142029017D081
:100E6000FFE708980168012045F28042C5F60202BA
:100E7000914202900CD0FFE7089800684AF66C3166
:100E8000CAF2FD710844B0FA80F040090290FFE711
:100E90000298C00770B1FFE70898416E806E486005
:100EA0000898C06E28B1FFE70898016F406F48604E
:100EB000FFE7FFE70898016801201022C4F2020250
:100EC0009142019000F0A380FFE70898016801209B
:100ED0002822C4F202029142019000F09880FFE7BC
:100EE0000898016801204022C4F202029142019058
:100EF00000F08D80FFE70898016801205822C4F2B5
:100F000002029142019000F08280FFE70898016898
:100F100001207022C4F202029142019077D0FFE7D3
:100F20000898016801208822C4F2020291420190CF
:100F30006DD0FFE7089801680120A022C4F20202E8
:100F40009142019063D0FFE7089801680120B82220
:100F5000C4F202029142019059D0FFE7089801685B
:100F6000012040F21042C4F20202914201904ED0A0
:100F7000FFE708980168012040F22842C4F202020B
:100F80009142019043D0FFE708980168012040F2A8
:100F90004042C4F202029142019038D0FFE7089823
:100FA0000168012040F25842C4F2020291420190CD
:100FB0002DD0FFE708980168012040F27042C4F28A
:100FC00002029142019022D0FFE7089801680120B7
:100FD00040F28842C4F202029142019017D0FFE72A
:100FE00008980168012040F2A042C4F20202914236
:100FF00001900CD0FFE7089800684FF64831CBF617
:10100000FD710844B0FA80F040090190FFE70198B3
:10101000C00750B3FFE70898C06D00F01F013F20E4
:1010200088400499886008980168086820F4802046
:101030000860059808990968486008988068402801
:1010400009D1FFE706980899096888600798089908
:101050000968C86008E007980899096888600698D8
:1010600008990968C860FFE782E0089801680120D4
:1010700045F20842C5F60202914200904ED0FFE7C9
:1010800008980168012045F21C42C5F6020291420F
:10109000009043D0FFE708980168012045F23042F4
:1010A000C5F602029142009038D0FFE70898016827
:1010B000012045F24442C5F60202914200902DD033
:1010C000FFE708980168012045F25842C5F6020280
:1010D0009142009022D0FFE708980168012045F274
:1010E0006C42C5F602029142009017D0FFE70898C3
:1010F0000168012045F28042C5F60202914200904B
:101100000CD0FFE7089800684AF66C31CAF2FD710E
:101110000844B0FA80F040090090FFE70098C0074B
:1011200020B3FFE70898C06D00F01F010120884040
:10113000039948600598089909684860089880688C
:10114000402809D1FFE70698089909688860079840
:1011500008990968C86008E00798089909688860D4
:10116000069808990968C860FFE700E0FFE7FFE715
:1011700009B0704700000000704700000000000048
:1011800080B54FF4806004F08FFE4FF4006004F0EF
:101190008BFE4FF4805004F087FE4FF4804004F043
:1011A00083FE80BD0000000081B0EFF3108072B6B6
:1011B0000090FFE7FEE7000080B542F2DC70C2F26B
:1011C000004003F031FE80BD80B542F67C00C2F2E3
:1011D000004003F029FE80BD80B542F61C10C2F22B
:1011E000004003F021FE80BD84B002900298406B65
:1011F000009002980068D0F884004FF6FC71884394
:10120000009940EA810002990968C1F884000298B7
:101210000068D0F8840020F47F00029A1168926B75
:1012200040EA0240C1F884000298816B00980844AB
:10123000009002980068D0F888006FF38F00009942
:1012400040EA810002990968C1F8880002980068A4
:10125000D0F8880020F4FE00029A1168D26B40EAB0
:101260000240C1F888000298C16B009800EB410071
:10127000009002980068D0F8A0006FF38F000099EA
:1012800040EA810002990968C1F8A000029800684C
:10129000D0F8A00020F4FE00029A1168126C40EA17
:1012A0000240C1F8A0000299086C496C009A00FB4A
:1012B0000120009002980068D0F8B0006FF38F0012
:1012C000009940EA810002990968C1F8B0000298CB
:1012D0000068D0F8B00020F4FE00029A1168926C09
:1012E00040EA0240C1F8B0000299886CC96C009ACB
:1012F00000FB0120009002980068D0F8AC006FF36A
:101300008F00009940EA810002990968C1F8AC0099
:101310000299086D496D009A00FB01200090029827
:101320000068D0F8F0006FF38F00009940EA810068
:1013300002990968C1F8F00002980068D0F8F0003E
:1013400020F47C10029A1168926D40EA0240C1F8C4
:10135000F0000298816D009800EB41000090029827
:101360000068D0F8C0006FF38F00009940EA810058
:1013700002990968C1F8C00002980068D0F8C0005E
:1013800020F47C10029A1168D26D40EA0240C1F844
:10139000C00002980068D0F8C00020F07C50029A8B
:1013A0001168126E40EA0260C1F8C00002994A6BEF
:1013B0004AF60040C4F2000000EB8200C8660299C1
:1013C0008A6BC86E00EB820008670299CA6B086FCF
:1013D00000EBC200486702990A6C4B6C486F5A4395
:1013E00000EB8200886702998A6CCB6C886F5A4345
:1013F00000EB8200C86702990A6D4B6DC86F5A43B3
:1014000000EB8200C1F8800002998A6DD1F880005B
:1014100000EBC200C1F884000299CA6D8B6ED1F84E
:1014200084005A4300EB8200C1F8880002990A6EDA
:101430008B6ED1F888005A4300EB8200C1F890000F
:101440000298D0F890004DF2FD31C4F200018842BC
:101450000FD3FFE70299D1F89C0040F02000C1F8BB
:101460009C000299032081F8980001208DF80F005C
:1014700017E00298C06E0190FFE701980299D1F839
:101480009010884208D2FFE7019900200860FFE72A
:10149000019804300190F0E7FFE700208DF80F007D
:1014A000FFE79DF80F0004B0704700000000000047
:1014B00088B007900691059204930698406848B951
:1014C000FFE70698016882680069104340EA81409E
:1014D000039009E006980168826800691043084398
:1014E00040F080400390FFE70698D0F820C0C16824
:1014F00042698369C06940EA0C601843104340EABE
:10150000014002900798826ED0F8840004995143FC
:1015100000EB810001900398019908600198043064
:101520000190029801990860019804300190002010
:101530000090FFE700980699CA6842F61421C0F6A9
:101540000101895C88420DD2FFE705980099405857
:1015500001990860019804300190FFE70098043079
:101560000090E7E708B0704780B58AB0089004F0B3
:10157000BBFE0490089828B9FFE701208DF82700EA
:1015800000F0AABC089890F8350002280ED0FFE7BA
:10159000089980204865FFE70899002081F8340009
:1015A000FFE701208DF8270000F096BC089801683D
:1015B00001201022C4F202029142039000F0A380A5
:1015C000FFE70898016801202822C4F20202914234
:1015D000039000F09880FFE70898016801204022FE
:1015E000C4F202029142039000F08D80FFE7089858
:1015F000016801205822C4F202029142039000F0D7
:101600008280FFE70898016801207022C4F202027C
:101610009142039077D0FFE7089801680120882263
:10162000C4F20202914203906DD0FFE7089801686E
:101630000120A022C4F202029142039063D0FFE78E
:10164000089801680120B822C4F202029142039076
:1016500059D0FFE708980168012040F21042C4F217
:101660000202914203904ED0FFE7089801680120E2
:1016700040F22842C4F202029142039043D0FFE7B5
:1016800008980168012040F24042C4F202029142EF
:10169000039038D0FFE708980168012040F25842D3
:1016A000C4F20202914203902DD0FFE7089801682E
:1016B000012040F27042C4F202029142039022D013
:1016C000FFE708980168012040F28842C4F2020254
:1016D0009142039017D0FFE708980168012040F27B
:1016E000A042C4F20202914203900CD0FFE7089896
:1016F00000684FF64831CBF6FD710844B0FA80F02F
:1017000040090390FFE70398C00780B1FFE70898FE
:101710000168086820F01E000860089801684869A0
:1017200020F08000486108980068059009E008985A
:101730000168086820F00E000860089800680590AD
:10174000FFE70898016801201022C4F202029142CA
:10175000029000F00381FFE7089801680120282229
:10176000C4F202029142029000F0F880FFE708986C
:10177000016801204022C4F202029142029000F06E
:10178000ED80FFE70898016801205822C4F20202A8
:101790009142029000F0E280FFE708980168012082
:1017A0007022C4F202029142029000F0D780FFE75B
:1017B0000898016801208822C4F202029142029036
:1017C00000F0CC80FFE7089801680120A022C4F255
:1017D00002029142029000F0C180FFE70898016880
:1017E0000120B822C4F202029142029000F0B680B9
:1017F000FFE708980168012040F21042C4F202029B
:101800009142029000F0AA80FFE708980168012049
:1018100040F22842C4F202029142029000F09E80FF
:10182000FFE708980168012040F24042C4F202023A
:101830009142029000F09280FFE708980168012031
:1018400040F25842C4F202029142029000F08680B7
:10185000FFE708980168012040F27042C4F20202DA
:10186000914202907AD0FFE708980168012040F287
:101870008842C4F20202914202906FD0FFE70898BA
:101880000168012040F2A042C4F20202914202909B
:1018900064D0FFE708980168012040F2B842C4F222
:1018A00002029142029059D0FFE708980168012096
:1018B00045F20842C5F60202914202904ED0FFE77F
:1018C00008980168012045F21C42C5F602029142C7
:1018D000029043D0FFE708980168012045F23042AA
:1018E000C5F602029142029038D0FFE708980168DD
:1018F000012045F24442C5F60202914202902DD0E9
:10190000FFE708980168012045F25842C5F6020237
:101910009142029022D0FFE708980168012045F229
:101920006C42C5F602029142029017D0FFE7089878
:101930000168012045F28042C5F602029142029000
:101940000CD0FFE7089800684AF66C31CAF2FD71C6
:101950000844B0FA80F040090290FFE70298C007FF
:1019600038B1FFE70898016E086820F480700860BD
:10197000FFE7089800681021C4F20201884200F0D5
:101980008180FFE7089800682821C4F2020188429C
:1019900078D0FFE7089800684021C4F2020188422D
:1019A00070D0FFE7089800685821C4F2020188420D
:1019B00068D0FFE7089800687021C4F202018842ED
:1019C00060D0FFE7089800688821C4F202018842CD
:1019D00058D0FFE708980068A021C4F202018842AD
:1019E00050D0FFE708980068B821C4F2020188428D
:1019F00048D0FFE70898006840F21041C4F20201A5
:101A000088423FD0FFE70898006840F22841C4F2BE
:101A10000201884236D0FFE70898006840F2404152
:101A2000C4F2020188422DD0FFE70898006840F216
:101A30005841C4F20201884224D0FFE708980068A8
:101A400040F27041C4F2020188421BD0FFE70898BF
:101A5000006840F28841C4F20201884212D0FFE7D8
:101A60000898006840F2A041C4F20201884209D0FF
:101A7000FFE70898006840F2B841C4F202018842CA
:101A800007D1FFE708980168086820F001000860A6
:101A900006E008980168086820F001000860FFE788
:101AA000FFE705980068C007C8B1FFE704F01CFC19
:101AB0000499401A062811D3FFE7089920204865A9
:101AC0000899032081F83500FFE70899002081F884
:101AD0003400FFE701208DF82700FDE1E1E70898D9
:101AE000016801201022C4F202029142019000F02C
:101AF000A380FFE70898016801202822C4F20202AF
:101B00009142019000F09880FFE708980168012059
:101B10004022C4F202029142019000F08D80FFE762
:101B20000898016801205822C4F2020291420190F3
:101B300000F08280FFE70898016801207022C4F25B
:101B400002029142019077D0FFE7089801680120D6
:101B50008822C4F20202914201906DD0FFE70898FA
:101B600001680120A022C4F202029142019063D0D8
:101B7000FFE7089801680120B822C4F202029142EE
:101B8000019059D0FFE708980168012040F2104207
:101B9000C4F20202914201904ED0FFE7089801681A
:101BA000012040F22842C4F202029142019043D047
:101BB000FFE708980168012040F24042C4F20202A7
:101BC0009142019038D0FFE708980168012040F267
:101BD0005842C4F20202914201902DD0FFE70898CA
:101BE0000168012040F27042C4F202029142019069
:101BF00022D0FFE708980168012040F28842C4F231
:101C000002029142019017D0FFE708980168012075
:101C100040F2A042C4F20202914201900CD0FFE7D0
:101C2000089800684FF64831CBF6FD710844B0FAC9
:101C300080F040090190FFE70198C00760B1FFE71D
:101C40000898806D07900898C06D00F01F013F2034
:101C50008840079988600BE00898806D0690089886
:101C6000C06D00F01F010120884006994860FFE721
:101C70000898016801201022C4F2020291420090EB
:101C800000F00381FFE70898016801202822C4F2D0
:101C900002029142009000F0F880FFE70898016886
:101CA00001204022C4F202029142009000F0ED8037
:101CB000FFE70898016801205822C4F2020291420D
:101CC000009000F0E280FFE7089801680120702290
:101CD000C4F202029142009000F0D780FFE708981A
:101CE000016801208822C4F202029142009000F0B3
:101CF000CC80FFE7089801680120A022C4F202020C
:101D00009142009000F0C180FFE70898016801202F
:101D1000B822C4F202029142009000F0B680FFE7C0
:101D200008980168012040F21042C4F20202914278
:101D3000009000F0AA80FFE708980168012040F2B7
:101D40002842C4F202029142009000F09E80FFE718
:101D500008980168012040F24042C4F20202914218
:101D6000009000F09280FFE708980168012040F29F
:101D70005842C4F202029142009000F08680FFE7D0
:101D800008980168012040F27042C4F202029142B8
:101D900000907AD0FFE708980168012040F288425D
:101DA000C4F20202914200906FD0FFE708980168E8
:101DB000012040F2A042C4F202029142009064D09D
:101DC000FFE708980168012040F2B842C4F202021D
:101DD0009142009059D0FFE708980168012045F230
:101DE0000842C5F60202914200904ED0FFE70898E3
:101DF0000168012045F21C42C5F6020291420090A2
:101E000043D0FFE708980168012045F23042C5F64B
:101E100002029142009038D0FFE708980168012043
:101E200045F24442C5F60202914200902DD0FFE7F0
:101E300008980168012045F25842C5F60202914215
:101E4000009022D0FFE708980168012045F26C421B
:101E5000C5F602029142009017D0FFE7089801688A
:101E6000012045F28042C5F60202914200900CD05A
:101E7000FFE7089800684AF66C31CAF2FD71084421
:101E8000B0FA80F040090090FFE70098C007A0B1C9
:101E9000FFE70898416E806E48600898C06E58B1A0
:101EA000FFE70898C16E086820F480700860089801
:101EB000016F406F4860FFE7FFE70899012081F854
:101EC0003500FFE70899002081F83400FFE7FFE7BD
:101ED00000208DF82700FFE79DF827000AB080BD9D
:101EE00080B586B00490049820B9FFE701208DF8F2
:101EF000170046E3049890F83500022807D0FFE762
:101F000004998020486501208DF8170039E3049872
:101F1000016801201022C4F202029142029000F0F6
:101F2000A380FFE70498016801202822C4F202027E
:101F30009142029000F09880FFE704980168012028
:101F40004022C4F202029142029000F08D80FFE72D
:101F50000498016801205822C4F2020291420290C2
:101F600000F08280FFE70498016801207022C4F22B
:101F700002029142029077D0FFE7049801680120A5
:101F80008822C4F20202914202906DD0FFE70498C9
:101F900001680120A022C4F202029142029063D0A3
:101FA000FFE7049801680120B822C4F202029142BE
:101FB000029059D0FFE704980168012040F21042D6
:101FC000C4F20202914202904ED0FFE704980168E9
:101FD000012040F22842C4F202029142029043D012
:101FE000FFE704980168012040F24042C4F2020277
:101FF0009142029038D0FFE704980168012040F236
:102000005842C4F20202914202902DD0FFE7049898
:102010000168012040F27042C4F202029142029033
:1020200022D0FFE704980168012040F28842C4F200
:1020300002029142029017D0FFE704980168012044
:1020400040F2A042C4F20202914202900CD0FFE79B
:10205000049800684FF64831CBF6FD710844B0FA99
:1020600080F040090290FFE70298C007002800F0C6
:102070009D80FFE70499042081F8350004980068EA
:102080001021C4F20201884200F08180FFE7049829
:1020900000682821C4F20201884278D0FFE7049842
:1020A00000684021C4F20201884270D0FFE7049822
:1020B00000685821C4F20201884268D0FFE7049802
:1020C00000687021C4F20201884260D0FFE70498E2
:1020D00000688821C4F20201884258D0FFE70498C2
:1020E0000068A021C4F20201884250D0FFE70498A2
:1020F0000068B821C4F20201884248D0FFE7049882
:10210000006840F21041C4F2020188423FD0FFE76C
:102110000498006840F22841C4F20201884236D097
:10212000FFE70498006840F24041C4F2020188428F
:102130002DD0FFE70498006840F25841C4F2020134
:10214000884224D0FFE70498006840F27041C4F24E
:10215000020188421BD0FFE70498006840F28841E2
:10216000C4F20201884212D0FFE70498006840F2EE
:10217000A041C4F20201884209D0FFE70498006838
:1021800040F2B841C4F20201884207D1FFE7049847
:102190000168086820F00100086006E00498016802
:1021A000086820F001000860FFE7E5E10498016895
:1021B000086820F00E000860049800681021C4F23E
:1021C0000201884200F08180FFE70498006828211E
:1021D000C4F20201884278D0FFE7049800684021E9
:1021E000C4F20201884270D0FFE7049800685821C9
:1021F000C4F20201884268D0FFE7049800687021A9
:10220000C4F20201884260D0FFE704980068882188
:10221000C4F20201884258D0FFE704980068A02168
:10222000C4F20201884250D0FFE704980068B82148
:10223000C4F20201884248D0FFE70498006840F2E7
:102240001041C4F2020188423FD0FFE704980068C1
:1022500040F22841C4F20201884236D0FFE70498D8
:10226000006840F24041C4F2020188422DD0FFE7ED
:102270000498006840F25841C4F20201884224D018
:10228000FFE70498006840F27041C4F202018842FE
:102290001BD0FFE70498006840F28841C4F20201B5
:1022A000884212D0FFE70498006840F2A041C4F2CF
:1022B0000201884209D0FFE70498006840F2B84163
:1022C000C4F20201884207D1FFE704980168086858
:1022D00020F00100086006E004980168086820F01A
:1022E00001000860FFE70498016801201022C4F291
:1022F00002029142019000F00381FFE70498016817
:1023000001202822C4F202029142019000F0F880DC
:10231000FFE70498016801204022C4F202029142C2
:10232000019000F0ED80FFE7049801680120582239
:10233000C4F202029142019000F0E280FFE70498AB
:10234000016801207022C4F202029142019000F063
:10235000D780FFE70498016801208822C4F20202B6
:102360009142019000F0CC80FFE7049801680120C1
:10237000A022C4F202029142019000F0C180FFE766
:10238000049801680120B822C4F20202914201902F
:1023900000F0B680FFE704980168012040F2104287
:1023A000C4F202029142019000F0AA80FFE7049873
:1023B0000168012040F22842C4F2020291420190D9
:1023C00000F09E80FFE704980168012040F240423F
:1023D000C4F202029142019000F09280FFE704985B
:1023E0000168012040F25842C4F202029142019079
:1023F00000F08680FFE704980168012040F27042F7
:10240000C4F20202914201907AD0FFE70498016879
:10241000012040F28842C4F20202914201906FD042
:10242000FFE704980168012040F2A042C4F20202D2
:102430009142019064D0FFE704980168012040F2C6
:10244000B842C4F202029142019059D0FFE70498C9
:102450000168012045F20842C5F60202914201904E
:102460004ED0FFE704980168012045F21C42C5F6F2
:1024700002029142019043D0FFE7049801680120D5
:1024800045F23042C5F602029142019038D0FFE792
:1024900004980168012045F24442C5F602029142C7
:1024A00001902DD0FFE704980168012045F25842C1
:1024B000C5F602029142019022D0FFE7049801681C
:1024C000012045F26C42C5F602029142019017D0FC
:1024D000FFE704980168012045F28042C5F6020238
:1024E000914201900CD0FFE7049800684AF66C31E5
:1024F000CAF2FD710844B0FA80F040090190FFE78C
:102500000198C00728B3FFE70498016E086820F41B
:10251000807008600498806D03900498C06D00F08E
:102520001F0101208840039948600498416E806E25
:1025300048600498C06E58B1FFE70498C16E0868FF
:1025400020F4807008600498016F406F4860FFE7D6
:10255000FFE70499012081F83500FFE70499002086
:1025600081F83400FFE70498006D20B1FFE704987C
:10257000016D8847FFE7FFE7FFE700208DF81700B0
:10258000FFE79DF8170006B080BD000000000000C6
:1025900080B590B00F9000200B9040F20400C2F282
:1025A0000040006848F2B511C1F64E31A0FB0110A1
:1025B000800A0A900F98806D09900F98806D08909E
:1025C000099800680E90089800680D900F980168AF
:1025D00001201022C4F202029142079000F0A38071
:1025E000FFE70F98016801202822C4F202029142FD
:1025F000079000F09880FFE70F98016801204022C3
:10260000C4F202029142079000F08D80FFE70F981C
:10261000016801205822C4F202029142079000F0A2
:102620008280FFE70F98016801207022C4F2020245
:102630009142079077D0FFE70F9801680120882228
:10264000C4F20202914207906DD0FFE70F98016833
:102650000120A022C4F202029142079063D0FFE75A
:102660000F9801680120B822C4F20202914207903B
:1026700059D0FFE70F980168012040F21042C4F2E0
:102680000202914207904ED0FFE70F9801680120A7
:1026900040F22842C4F202029142079043D0FFE781
:1026A0000F980168012040F24042C4F202029142B8
:1026B000079038D0FFE70F980168012040F2584298
:1026C000C4F20202914207902DD0FFE70F980168F3
:1026D000012040F27042C4F202029142079022D0DF
:1026E000FFE70F980168012040F28842C4F202021D
:1026F0009142079017D0FFE70F980168012040F240
:10270000A042C4F20202914207900CD0FFE70F985A
:1027100000684FF64831CBF6FD710844B0FA80F0FE
:1027200040090790FFE70798C007002800F01385CD
:10273000FFE70E980F99C96D01F01F01C84000070F
:10274000002840F1B080FFE70F9800681021C4F224
:102750000201884200F08180FFE70F98006828217D
:10276000C4F20201884278D0FFE70F980068402148
:10277000C4F20201884270D0FFE70F980068582128
:10278000C4F20201884268D0FFE70F980068702108
:10279000C4F20201884260D0FFE70F9800688821E8
:1027A000C4F20201884258D0FFE70F980068A021C8
:1027B000C4F20201884250D0FFE70F980068B821A8
:1027C000C4F20201884248D0FFE70F98006840F247
:1027D0001041C4F2020188423FD0FFE70F98006821
:1027E00040F22841C4F20201884236D0FFE70F9838
:1027F000006840F24041C4F2020188422DD0FFE758
:102800000F98006840F25841C4F20201884224D077
:10281000FFE70F98006840F27041C4F2020188425D
:102820001BD0FFE70F98006840F28841C4F2020114
:10283000884212D0FFE70F98006840F2A041C4F22E
:102840000201884209D0FFE70F98006840F2B841C2
:10285000C4F20201884207D1FFE70F9800680068C0
:1028600000F00400069006E00F980068006800F091
:1028700008000690FFE70698A0B1FFE70F980168EF
:10288000086820F0040008600F98C06D00F01F0178
:1028900008208840099988600F99486D40F0010030
:1028A0004865FFE7FFE70E980F99C96D01F01F011A
:1028B000C840C007002800F0A980FFE70F98006813
:1028C0001021C4F20201884200F08180FFE70F98D6
:1028D00000682821C4F20201884278D0FFE70F98EF
:1028E00000684021C4F20201884270D0FFE70F98CF
:1028F00000685821C4F20201884268D0FFE70F98AF
:1029000000687021C4F20201884260D0FFE70F988E
:1029100000688821C4F20201884258D0FFE70F986E
:102920000068A021C4F20201884250D0FFE70F984E
:102930000068B821C4F20201884248D0FFE70F982E
:10294000006840F21041C4F2020188423FD0FFE724
:102950000F98006840F22841C4F20201884236D044
:10296000FFE70F98006840F24041C4F2020188423C
:102970002DD0FFE70F98006840F25841C4F20201E1
:10298000884224D0FFE70F98006840F27041C4F2FB
:10299000020188421BD0FFE70F98006840F288418F
:1029A000C4F20201884212D0FFE70F98006840F29B
:1029B000A041C4F20201884209D0FFE70F980068E5
:1029C00040F2B841C4F20201884207D1FFE70F98F4
:1029D0000068406900F08000059005E00F980068ED
:1029E000006800200590FFE7059870B1FFE70F9899
:1029F000C06D00F01F0101208840099988600F997F
:102A0000486D40F002004865FFE7FFE70E980F9918
:102A1000C96D01F01F01C8404007002840F1A9809E
:102A2000FFE70F9800681021C4F20201884200F00D
:102A30008180FFE70F9800682821C4F202018842D4
:102A400078D0FFE70F9800684021C4F20201884265
:102A500070D0FFE70F9800685821C4F20201884245
:102A600068D0FFE70F9800687021C4F20201884225
:102A700060D0FFE70F9800688821C4F20201884205
:102A800058D0FFE70F980068A021C4F202018842E5
:102A900050D0FFE70F980068B821C4F202018842C5
:102AA00048D0FFE70F98006840F21041C4F20201DD
:102AB00088423FD0FFE70F98006840F22841C4F2F7
:102AC0000201884236D0FFE70F98006840F240418B
:102AD000C4F2020188422DD0FFE70F98006840F24F
:102AE0005841C4F20201884224D0FFE70F980068E1
:102AF00040F27041C4F2020188421BD0FFE70F98F8
:102B0000006840F28841C4F20201884212D0FFE717
:102B10000F98006840F2A041C4F20201884209D037
:102B2000FFE70F98006840F2B841C4F20201884202
:102B300007D1FFE70F980068006800F002000490DA
:102B400005E00F980068006800200490FFE70498F3
:102B500070B1FFE70F98C06D00F01F01042088409E
:102B6000099988600F99486D40F004004865FFE7B7
:102B7000FFE70E980F99C96D01F01F01C840C0060C
:102B8000002840F1DE80FFE70F9800681021C4F2B2
:102B90000201884200F08180FFE70F980068282139
:102BA000C4F20201884278D0FFE70F980068402104
:102BB000C4F20201884270D0FFE70F9800685821E4
:102BC000C4F20201884268D0FFE70F9800687021C4
:102BD000C4F20201884260D0FFE70F9800688821A4
:102BE000C4F20201884258D0FFE70F980068A02184
:102BF000C4F20201884250D0FFE70F980068B82164
:102C0000C4F20201884248D0FFE70F98006840F202
:102C10001041C4F2020188423FD0FFE70F980068DC
:102C200040F22841C4F20201884236D0FFE70F98F3
:102C3000006840F24041C4F2020188422DD0FFE713
:102C40000F98006840F25841C4F20201884224D033
:102C5000FFE70F98006840F27041C4F20201884219
:102C60001BD0FFE70F98006840F28841C4F20201D0
:102C7000884212D0FFE70F98006840F2A041C4F2EA
:102C80000201884209D0FFE70F98006840F2B8417E
:102C9000C4F20201884207D1FFE70F98006800687C
:102CA00000F00800039006E00F980068006800F04C
:102CB00004000390FFE70398002841D0FFE70F9836
:102CC000C06D00F01F0110208840099988600F989E
:102CD00000680068400300281AD5FFE70F980068D5
:102CE00000680003002809D4FFE70F98006C20B1AA
:102CF000FFE70F98016C8847FFE708E00F98806CAA
:102D000020B1FFE70F98816C8847FFE7FFE716E0E7
:102D10000F9800680068C005002807D4FFE70F98E7
:102D20000168086820F008000860FFE70F98006C51
:102D300020B1FFE70F98016C8847FFE7FFE7FFE747
:102D4000FFE70E980F99C96D01F01F01C84080067A
:102D5000002840F12681FFE70F9800681021C4F297
:102D60000201884200F08180FFE70F980068282167
:102D7000C4F20201884278D0FFE70F980068402132
:102D8000C4F20201884270D0FFE70F980068582112
:102D9000C4F20201884268D0FFE70F9800687021F2
:102DA000C4F20201884260D0FFE70F9800688821D2
:102DB000C4F20201884258D0FFE70F980068A021B2
:102DC000C4F20201884250D0FFE70F980068B82192
:102DD000C4F20201884248D0FFE70F98006840F231
:102DE0001041C4F2020188423FD0FFE70F9800680B
:102DF00040F22841C4F20201884236D0FFE70F9822
:102E0000006840F24041C4F2020188422DD0FFE741
:102E10000F98006840F25841C4F20201884224D061
:102E2000FFE70F98006840F27041C4F20201884247
:102E30001BD0FFE70F98006840F28841C4F20201FE
:102E4000884212D0FFE70F98006840F2A041C4F218
:102E50000201884209D0FFE70F98006840F2B841AC
:102E6000C4F20201884207D1FFE70F9800680068AA
:102E700000F01000029006E00F980068006800F073
:102E800002000290FFE70298002800F08980FFE727
:102E90000F98C06D00F01F012020884009998860BC
:102EA0000F9890F83500042837D1FFE70F98016894
:102EB000086820F0160008600F980168486920F043
:102EC000800048610F98006C20B9FFE70F98806C74
:102ED00038B1FFE70F980168086820F00800086023
:102EE000FFE70F98C06D00F01F013F20884009994F
:102EF00088600F99012081F83500FFE70F990020C5
:102F000081F83400FFE70F98006D20B1FFE70F98BC
:102F1000016D8847FFE700F019BC0F980068006852
:102F2000400300281AD5FFE70F98006800680003E7
:102F3000002809D4FFE70F98406C20B1FFE70F98F5
:102F4000416C8847FFE708E00F98C06B20B1FFE7AE
:102F50000F98C16B8847FFE7FFE720E00F980068F4
:102F60000068C005002811D4FFE70F9801680868C1
:102F700020F0100008600F99012081F83500FFE76C
:102F80000F99002081F83400FFE7FFE70F98C06B2E
:102F900020B1FFE70F98C16B8847FFE7FFE7FFE726
:102FA000FFE70F98406D002800F0D480FFE70F98EE
:102FB000406DC007002800F0C480FFE70F9904208F
:102FC00081F835000F9800681021C4F20201884290
:102FD00000F08180FFE70F9800682821C4F2020109
:102FE000884278D0FFE70F9800684021C4F20201C0
:102FF000884270D0FFE70F9800685821C4F20201A0
:10300000884268D0FFE70F9800687021C4F202017F
:10301000884260D0FFE70F9800688821C4F202015F
:10302000884258D0FFE70F980068A021C4F202013F
:10303000884250D0FFE70F980068B821C4F202011F
:10304000884248D0FFE70F98006840F21041C4F270
:10305000020188423FD0FFE70F98006840F2284104
:10306000C4F20201884236D0FFE70F98006840F2B0
:103070004041C4F2020188422DD0FFE70F9800685A
:1030800040F25841C4F20201884224D0FFE70F9871
:10309000006840F27041C4F2020188421BD0FFE791
:1030A0000F98006840F28841C4F20201884212D0B1
:1030B000FFE70F98006840F2A041C4F20201884285
:1030C00009D0FFE70F98006840F2B841C4F202014E
:1030D000884207D1FFE70F980168086820F00100D7
:1030E000086006E00F980168086820F00100086099
:1030F000FFE7FFE70B9801300B900A99884201D94E
:10310000FFE707E0FFE70F9800680068C0070028A6
:10311000F0D1FFE70F9800680068C00728B1FFE70B
:103120000F99032081F8350004E00F99012081F800
:103130003500FFE7FFE70F99002081F83400FFE733
:10314000FFE70F98C06C20B1FFE70F98C16C88476C
:10315000FFE7FFE7FAE20F980168012045F2084215
:10316000C5F60202914201904ED0FFE70F98016828
:10317000012045F21C42C5F602029142019043D063
:10318000FFE70F980168012045F23042C5F60202C0
:103190009142019038D0FFE70F980168012045F275
:1031A0004442C5F60202914201902DD0FFE70F98EC
:1031B0000168012045F25842C5F602029142019091
:1031C00022D0FFE70F980168012045F26C42C5F656
:1031D00002029142019017D0FFE70F980168012089
:1031E00045F28042C5F60202914201900CD0FFE701
:1031F0000F9800684AF66C31CAF2FD710844B0FAC3
:1032000080F040090190FFE70198C007002800F016
:103210009B82FFE70F98006800680C900D980F994B
:10322000C96D01F01F01C8404007002840F1D78058
:10323000FFE79DF830004007002840F1D080FFE70D
:103240000F98C06D00F01F01042088400899486065
:103250009DF831000006002818D5FFE79DF83200E0
:10326000C00748B9FFE70F98806C20B1FFE70F98BF
:10327000816C8847FFE708E00F98006C20B1FFE7FA
:103280000F98016C8847FFE7FFE7A7E09DF8300043
:103290008006002800F19980FFE70F980068102150
:1032A000C4F20201884200F08180FFE70F980068B5
:1032B0002821C4F20201884278D0FFE70F98006805
:1032C0004021C4F20201884270D0FFE70F980068E5
:1032D0005821C4F20201884268D0FFE70F980068C5
:1032E0007021C4F20201884260D0FFE70F980068A5
:1032F0008821C4F20201884258D0FFE70F98006885
:10330000A021C4F20201884250D0FFE70F98006864
:10331000B821C4F20201884248D0FFE70F98006844
:1033200040F21041C4F2020188423FD0FFE70F98FB
:10333000006840F22841C4F20201884236D0FFE71B
:103340000F98006840F24041C4F2020188422DD03B
:10335000FFE70F98006840F25841C4F2020188422A
:1033600024D0FFE70F98006840F27041C4F20201D8
:1033700088421BD0FFE70F98006840F28841C4F2F2
:103380000201884212D0FFE70F98006840F2A04186
:10339000C4F20201884209D0FFE70F98006840F2AA
:1033A000B841C4F20201884207D1FFE70F980168D3
:1033B000086820F00800086006E00F9801680868B7
:1033C00020F004000860FFE7FFE70F98006C20B1D1
:1033D000FFE70F98016C8847FFE7FFE7B3E10D981F
:1033E0000F99C96D01F01F01C8408007002840F106
:1033F000E180FFE79DF830008007002840F1DA8087
:10340000FFE70F98C06D00F01F0102208840089967
:1034100048609DF831000006002818D5FFE79DF8A8
:103420003200C00748B9FFE70F98406C20B1FFE7B2
:103430000F98416C8847FFE708E00F98C06B20B1F8
:10344000FFE70F98C16B8847FFE7FFE7B1E09DF802
:1034500030008006002800F1A380FFE70F98006885
:103460001021C4F20201884200F08180FFE70F982A
:1034700000682821C4F20201884278D0FFE70F9843
:1034800000684021C4F20201884270D0FFE70F9823
:1034900000685821C4F20201884268D0FFE70F9803
:1034A00000687021C4F20201884260D0FFE70F98E3
:1034B00000688821C4F20201884258D0FFE70F98C3
:1034C0000068A021C4F20201884250D0FFE70F98A3
:1034D0000068B821C4F20201884248D0FFE70F9883
:1034E000006840F21041C4F2020188423FD0FFE779
:1034F0000F98006840F22841C4F20201884236D099
:10350000FFE70F98006840F24041C4F20201884290
:103510002DD0FFE70F98006840F25841C4F2020135
:10352000884224D0FFE70F98006840F27041C4F24F
:10353000020188421BD0FFE70F98006840F28841E3
:10354000C4F20201884212D0FFE70F98006840F2EF
:10355000A041C4F20201884209D0FFE70F98006839
:1035600040F2B841C4F20201884207D1FFE70F9848
:103570000168086820F01400086006E00F980168F0
:10358000086820F00A000860FFE70F99012081F821
:103590003500FFE70F99002081F83400FFE7FFE7CF
:1035A0000F98C06B20B1FFE70F98C16B8847FFE70A
:1035B000FFE7C7E00D980F99C96D01F01F01C840E2
:1035C0000007002840F1BC80FFE79DF830000007AD
:1035D000002840F1B580FFE70F9800681021C4F281
:1035E0000201884200F08180FFE70F9800682821DF
:1035F000C4F20201884278D0FFE70F9800684021AA
:10360000C4F20201884270D0FFE70F980068582189
:10361000C4F20201884268D0FFE70F980068702169
:10362000C4F20201884260D0FFE70F980068882149
:10363000C4F20201884258D0FFE70F980068A02129
:10364000C4F20201884250D0FFE70F980068B82109
:10365000C4F20201884248D0FFE70F98006840F2A8
:103660001041C4F2020188423FD0FFE70F98006882
:1036700040F22841C4F20201884236D0FFE70F9899
:10368000006840F24041C4F2020188422DD0FFE7B9
:103690000F98006840F25841C4F20201884224D0D9
:1036A000FFE70F98006840F27041C4F202018842BF
:1036B0001BD0FFE70F98006840F28841C4F2020176
:1036C000884212D0FFE70F98006840F2A041C4F290
:1036D0000201884209D0FFE70F98006840F2B84124
:1036E000C4F20201884207D1FFE70F980168086819
:1036F00020F01C00086006E00F980168086820F0C0
:103700000E000860FFE70F98C06D00F01F01012058
:1037100000FA01F1089A51600F9948650F9981F8F4
:103720003500FFE70F99002081F83400FFE70F987C
:10373000C06C20B1FFE70F98C16C8847FFE700E03D
:10374000FFE7FFE7FFE700E0FFE7FFE710B080BD1E
:1037500010B58EB00C9002F0C7FD0A900C9828B9F5
:10376000FFE701208DF8370000F09EBC0C9801683F
:1037700001201022C4F202029142079000F0A380BF
:10378000FFE70C98016801202822C4F2020291424E
:10379000079000F09880FFE70C9801680120402214
:1037A000C4F202029142079000F08D80FFE70C986E
:1037B000016801205822C4F202029142079000F0F1
:1037C0008280FFE70C98016801207022C4F2020297
:1037D0009142079077D0FFE70C980168012088227A
:1037E000C4F20202914207906DD0FFE70C98016885
:1037F0000120A022C4F202029142079063D0FFE7A9
:103800000C9801680120B822C4F20202914207908C
:1038100059D0FFE70C980168012040F21042C4F231
:103820000202914207904ED0FFE70C9801680120F8
:1038300040F22842C4F202029142079043D0FFE7CF
:103840000C980168012040F24042C4F20202914209
:10385000079038D0FFE70C980168012040F25842E9
:10386000C4F20202914207902DD0FFE70C98016844
:10387000012040F27042C4F202029142079022D02D
:10388000FFE70C980168012040F28842C4F202026E
:103890009142079017D0FFE70C980168012040F291
:1038A000A042C4F20202914207900CD0FFE70C98AC
:1038B00000684FF64831CBF6FD710844B0FA80F04D
:1038C00040090790FFE70798C007002800F07881BB
:1038D000FFE70C98406A08B1FFE7FFE70C99022068
:1038E00081F83500FFE70C99002081F83400FFE7EC
:1038F0000C9800681021C4F20201884200F0818017
:10390000FFE70C9800682821C4F20201884278D0B1
:10391000FFE70C9800684021C4F20201884270D091
:10392000FFE70C9800685821C4F20201884268D071
:10393000FFE70C9800687021C4F20201884260D051
:10394000FFE70C9800688821C4F20201884258D031
:10395000FFE70C980068A021C4F20201884250D011
:10396000FFE70C980068B821C4F20201884248D0F1
:10397000FFE70C98006840F21041C4F2020188424F
:103980003FD0FFE70C98006840F22841C4F20201E2
:10399000884236D0FFE70C98006840F24041C4F2FC
:1039A000020188422DD0FFE70C98006840F2584190
:1039B000C4F20201884224D0FFE70C98006840F26C
:1039C0007041C4F2020188421BD0FFE70C980068E6
:1039D00040F28841C4F20201884212D0FFE70C98FD
:1039E000006840F2A041C4F20201884209D0FFE71A
:1039F0000C98006840F2B841C4F20201884207D135
:103A0000FFE70C980168086820F00100086006E0F4
:103A10000C980168086820F001000860FFE7FFE7E4
:103A20000C9800680068C00798B1FFE702F05CFCE2
:103A30000A99401A06280BD3FFE70C992020486505
:103A40000C99032081F8350001208DF837002BE315
:103A5000E6E70C98006800680B900B9848F23F016D
:103A6000CFF6106108400B900C998868D1F80CC013
:103A70000B694A6940EA0C00184310438A691043F5
:103A8000CA691043096A01430B9808430B900C98CC
:103A9000406A042808D1FFE70C99C86A096B014302
:103AA0000B9808430B90FFE70C984068292807D330
:103AB000FFE70C98416801202F29069036D3FFE7D5
:103AC0000C9840683F2807D3FFE70C984168012015
:103AD000432906902AD3FFE70C984068472807D36C
:103AE000FFE70C9841680120492906901ED3FFE7A3
:103AF0000C9840684F2807D3FFE70C9841680120D5
:103B00005329069012D3FFE70C98416800207429CE
:103B1000059008D3FFE70C9841680020782938BF4A
:103B200001200590FFE705980690FFE70698C0077B
:103B300028B1FFE70B9840F480100B90FFE70B983B
:103B40000C99096808600C98006840690B900B9804
:103B500020F007000B900C98416A0B9808430B90DB
:103B60000C98406A04281AD1FFE70C98816A0B98D8
:103B700008430B900C98C06A80B1FFE70C98FCF7E3
:103B8000F7FF50B1FFE70C99402048650C990120E0
:103B900081F835008DF8370086E2FFE7FFE70B98E4
:103BA0000C99096848610C98FCF7A6FD09900C98DF
:103BB000C06D00F01F013F2088400999886026E110
:103BC0000C980168012045F20842C5F602029142B4
:103BD00004904ED0FFE70C980168012045F21C428A
:103BE000C5F602029142049043D0FFE70C980168A9
:103BF000012045F23042C5F602029142049038D0CD
:103C0000FFE70C980168012045F24442C5F6020224
:103C1000914204902DD0FFE70C980168012045F2F5
:103C20005842C5F602029142049022D0FFE70C9858
:103C30000168012045F26C42C5F6020291420490EF
:103C400017D0FFE70C980168012045F28042C5F6C5
:103C50000202914204900CD0FFE70C9800684AF6EB
:103C60006C31CAF2FD710844B0FA80F0400904904A
:103C7000FFE70498C007002800F0BD80FFE70C981C
:103C80000168012045F20842C5F602029142039004
:103C90004ED0FFE70C980168012045F21C42C5F6A2
:103CA00002029142039043D0FFE70C980168012083
:103CB00045F23042C5F602029142039038D0FFE748
:103CC0000C980168012045F24442C5F60202914277
:103CD00003902DD0FFE70C980168012045F258426F
:103CE000C5F602029142039022D0FFE70C980168CA
:103CF000012045F26C42C5F602029142039017D0B2
:103D0000FFE70C980168012045F28042C5F60202E7
:103D1000914203900CD0FFE70C9800684AF66C3192
:103D2000CAF2FD710844B0FA80F040090390FFE741
:103D30000398C00708B1FFE7FFE70C99022081F85C
:103D40003500FFE70C99002081F83400FFE70C985C
:103D5000006800680B900B986FF310100B900C9894
:103D60008068402803D1FFE71020029008E00C98FB
:103D700080688038B0FA80F0400980030290FFE745
:103D800002980C99CA680B69D1F814C0D1F818E0F0
:103D9000CC694EEA040E4CEA0E0C43EA0C031A43BB
:103DA00040EAD200096A40EA11110B9808430B90CF
:103DB0000B980C99096808600C9908684AF6F83263
:103DC000CAF2FD7210444CF6CD42CCF6CC42A0FBB8
:103DD00002026FF0030000EA9200C8650C98FCF73D
:103DE0008BFC08900C98C06D00F01F0101208840EA
:103DF000089948600AE00C99402048650C99032016
:103E000081F8350001208DF837004DE1FFE70C986F
:103E1000016801201022C4F202029142019000F0D8
:103E20000381FFE70C98016801202822C4F20202F6
:103E30009142019000F0F880FFE70C9801680120A2
:103E40004022C4F202029142019000F0ED80FFE7AF
:103E50000C98016801205822C4F20202914201909C
:103E600000F0E280FFE70C98016801207022C4F2A4
:103E700002029142019000F0D780FFE70C980168A0
:103E800001208822C4F202029142019000F0CC800D
:103E9000FFE70C9801680120A022C4F202029142BF
:103EA000019000F0C180FFE70C9801680120B82262
:103EB000C4F202029142019000F0B680FFE70C9834
:103EC0000168012040F21042C4F2020291420190C6
:103ED00000F0AA80FFE70C980168012040F2284218
:103EE000C4F202029142019000F09E80FFE70C981C
:103EF0000168012040F24042C4F202029142019066
:103F000000F09280FFE70C980168012040F25842CF
:103F1000C4F202029142019000F08680FFE70C9803
:103F20000168012040F27042C4F202029142019005
:103F30007AD0FFE70C980168012040F28842C4F271
:103F40000202914201906FD0FFE70C9801680120B6
:103F500040F2A042C4F202029142019064D0FFE715
:103F60000C980168012040F2B842C4F2020291426A
:103F7000019059D0FFE70C980168012045F20842F2
:103F8000C5F60202914201904ED0FFE70C980168FD
:103F9000012045F21C42C5F602029142019043D035
:103FA000FFE70C980168012045F23042C5F6020295
:103FB0009142019038D0FFE70C980168012045F24A
:103FC0004442C5F60202914201902DD0FFE70C98C1
:103FD0000168012045F25842C5F602029142019063
:103FE00022D0FFE70C980168012045F26C42C5F62B
:103FF00002029142019017D0FFE70C98016801205E
:1040000045F28042C5F60202914201900CD0FFE7D2
:104010000C9800684AF66C31CAF2FD710844B0FA97
:1040200080F040090190FFE70198C00790B3FFE7D7
:104030000C98FCF749FC0C988068802804D1FFE7B5
:104040000C9900204860FFE70C990879096E086018
:104050000C98416E806E48600C98406888B1FFE70C
:104060000C98406808280CD8FFE70C98FCF7E8FC8F
:104070000C98C16E002008600C98016F406F48607A
:1040800007E00C990020C8660C9908670C994867EE
:10409000FFE7FFE70C99002048650C9A012182F8A0
:1040A00035108DF83700FFE79DF837000EB010BDD2
:1040B00080B588B0069005910492039300208DF896
:1040C0000B00069820B9FFE701208DF81F006CE374
:1040D000FFE7069890F83400012804D1FFE702209A
:1040E0008DF81F0061E30699012081F83400FFE795
:1040F000FFE7069890F83500012840F04383FFE77A
:104100000699022081F83500069900204865069836
:1041100000681021C4F20201884200F08180FFE7AC
:10412000069800682821C4F20201884278D0FFE78F
:10413000069800684021C4F20201884270D0FFE76F
:10414000069800685821C4F20201884268D0FFE74F
:10415000069800687021C4F20201884260D0FFE72F
:10416000069800688821C4F20201884258D0FFE70F
:1041700006980068A021C4F20201884250D0FFE7EF
:1041800006980068B821C4F20201884248D0FFE7CF
:104190000698006840F21041C4F2020188423FD004
:1041A000FFE70698006840F22841C4F20201884205
:1041B00036D0FFE70698006840F24041C4F20201A1
:1041C00088422DD0FFE70698006840F25841C4F2BB
:1041D0000201884224D0FFE70698006840F270414F
:1041E000C4F2020188421BD0FFE70698006840F243
:1041F0008841C4F20201884212D0FFE706980068A5
:1042000040F2A041C4F20201884209D0FFE70698BB
:10421000006840F2B841C4F20201884207D1FFE7CA
:1042200006980168086820F00100086006E006981A
:104230000168086820F001000860FFE7069805990A
:10424000049A039BFCF70CFD0698016801201022DC
:10425000C4F202029142019000F0A380FFE70698A9
:10426000016801202822C4F202029142019000F06C
:104270009880FFE70698016801204022C4F20202FC
:104280009142019000F08D80FFE7069801680120BF
:104290005822C4F202029142019000F08280FFE7AE
:1042A0000698016801207022C4F202029142019036
:1042B00077D0FFE70698016801208822C4F2020245
:1042C000914201906DD0FFE7069801680120A0227D
:1042D000C4F202029142019063D0FFE706980168A0
:1042E0000120B822C4F202029142019059D0FFE7A6
:1042F00006980168012040F21042C4F20202914285
:1043000001904ED0FFE706980168012040F2284254
:10431000C4F202029142019043D0FFE7069801687F
:10432000012040F24042C4F202029142019038D092
:10433000FFE706980168012040F25842C4F20202E9
:10434000914201902DD0FFE706980168012040F2CC
:104350007042C4F202029142019022D0FFE7069817
:104360000168012040F28842C4F2020291420190A9
:1043700017D0FFE706980168012040F2A042C4F27E
:104380000202914201900CD0FFE7069800684FF6B8
:104390004831CBF6FD710844B0FA80F04009019035
:1043A000FFE70198C007A8B1FFE70698006800681A
:1043B0000B2161F344000699096808600698006CB7
:1043C00038B1FFE706980168086840F00800086007
:1043D000FFE714E0069800680068052161F34300D8
:1043E0000699096808600698006C38B1FFE70698DE
:1043F0000168086840F004000860FFE7FFE70698DE
:10440000016801201022C4F202029142009000F0E3
:104410000381FFE70698016801202822C4F2020206
:104420009142009000F0F880FFE7069801680120B3
:104430004022C4F202029142009000F0ED80FFE7BA
:104440000698016801205822C4F2020291420090AD
:1044500000F0E280FFE70698016801207022C4F2B4
:1044600002029142009000F0D780FFE706980168B1
:1044700001208822C4F202029142009000F0CC8018
:10448000FFE7069801680120A022C4F202029142CF
:10449000009000F0C180FFE7069801680120B82273
:1044A000C4F202029142009000F0B680FFE7069845
:1044B0000168012040F21042C4F2020291420090D1
:1044C00000F0AA80FFE706980168012040F2284228
:1044D000C4F202029142009000F09E80FFE706982D
:1044E0000168012040F24042C4F202029142009071
:1044F00000F09280FFE706980168012040F25842E0
:10450000C4F202029142009000F08680FFE7069814
:104510000168012040F27042C4F202029142009010
:104520007AD0FFE706980168012040F28842C4F281
:104530000202914200906FD0FFE7069801680120C7
:1045400040F2A042C4F202029142009064D0FFE720
:1045500006980168012040F2B842C4F2020291427A
:10456000009059D0FFE706980168012045F2084203
:10457000C5F60202914200904ED0FFE7069801680E
:10458000012045F21C42C5F602029142009043D040
:10459000FFE706980168012045F23042C5F60202A5
:1045A0009142009038D0FFE706980168012045F25B
:1045B0004442C5F60202914200902DD0FFE70698D2
:1045C0000168012045F25842C5F60202914200906E
:1045D00022D0FFE706980168012045F26C42C5F63B
:1045E00002029142009017D0FFE70698016801206F
:1045F00045F28042C5F60202914200900CD0FFE7DE
:10460000069800684AF66C31CAF2FD710844B0FAA7
:1046100080F040090090FFE70098C007D0B1FFE7A5
:104620000698006E0068C003002807D5FFE70698CB
:10463000016E086840F480700860FFE70698C06E5D
:1046400038B1FFE70698C16E086840F480700860D2
:10465000FFE7FFE7069800681021C4F202018842D4
:1046600000F08180FFE7069800682821C4F202016B
:10467000884278D0FFE7069800684021C4F2020122
:10468000884270D0FFE7069800685821C4F2020102
:10469000884268D0FFE7069800687021C4F20201E2
:1046A000884260D0FFE7069800688821C4F20201C2
:1046B000884258D0FFE706980068A021C4F20201A2
:1046C000884250D0FFE706980068B821C4F2020182
:1046D000884248D0FFE70698006840F21041C4F2D3
:1046E000020188423FD0FFE70698006840F2284167
:1046F000C4F20201884236D0FFE70698006840F213
:104700004041C4F2020188422DD0FFE706980068BC
:1047100040F25841C4F20201884224D0FFE70698D3
:10472000006840F27041C4F2020188421BD0FFE7EA
:104730000698006840F28841C4F20201884212D013
:10474000FFE70698006840F2A041C4F202018842E7
:1047500009D0FFE70698006840F2B841C4F20201B0
:10476000884207D1FFE706980168086840F0010019
:10477000086006E006980168086840F001000860DB
:10478000FFE70DE006994FF400604865FFE70699E2
:10479000002081F83400FFE701208DF80B00FFE7CF
:1047A0009DF80B008DF81F00FFE79DF81F0008B073
:1047B00080BD00000000000085B0039002910192CE
:1047C000039890F898008DF803009DF803000128E5
:1047D00005D0FFE79DF8030002285DD1FFE70298AE
:1047E00003990968896D084207D1FFE703980168BA
:1047F000C86D40F00100C86515E00298039909688A
:10480000896D08400299884207D1FFE70398016843
:10481000C86D40F00200C86504E0039801680320F9
:10482000C865FFE7FFE79DF809008007002809D564
:10483000FFE7019A03980168D1F8E0001043C1F83E
:10484000E000FFE79DF809004007002809D5FFE7D1
:10485000019A03980168D1F8E4001043C1F8E4001C
:10486000FFE7FFE702984FF6FF71C3F6CF7100EA4A
:10487000010203980168486D10434865029A4AF6A0
:104880001401C4F20001086840EA92700860FFE772
:1048900000208DF813000AE00399D1F89C0040F045
:1048A0000200C1F89C0001208DF81300FFE79DF87D
:1048B000130005B07047000080B586B004900391E6
:1048C00002920398406808B9FFE700E0FFE7049808
:1048D00090F89800022845D1FFE704980068D0F8C6
:1048E000C00010F07C5F0BD1FFE70499D1F89C0069
:1048F00040F02000C1F89C0001208DF817003CE03A
:1049000004980068D0F8C400800200280BD5FFE7A7
:104910000499D1F89C0040F40070C1F89C0001207B
:104920008DF8170029E004980068D0F8C400C0F39F
:104930000440019004980399029A019BFCF7B8FD8A
:104940000199012000FA01F1049A1268C2F8D0100E
:10495000019988400499C1F89400FFE700208DF880
:1049600017000AE00499D1F89C0040F00800C1F853
:104970009C0001208DF81700FFE79DF8170006B096
:1049800080BD00000000000082B00190009102B0E4
:10499000704700000000000087B005900491059862
:1049A00090F898008DF803009DF80300012805D0C9
:1049B000FFE79DF8030002286AD1FFE70498C0686A
:1049C000072801D1FFE7FFE70498006878BBFFE7FD
:1049D0000498C068072801D0FFE7FFE70498C06883
:1049E00007280CD1FFE7049A10699169D269000485
:1049F00040EA0220084340F0605003900CE0049924
:104A00008868CB680A694969800740EAC36040EA60
:104A1000024008430390FFE70598C06E0499496877
:104A200000EB810001900398019908602CE0049844
:104A3000C068072801D0FFE7FFE70498C168006954
:104A400040EA417003900498C068072804D1FFE74A
:104A500004988069029006E004988168406940EA01
:104A600081700290FFE70598006F0499496800EB98
:104A7000C1000190039801990860019804300190E9
:104A8000029801990860FFE700208DF81B000AE0FA
:104A90000599D1F89C0040F00200C1F89C0001206B
:104AA0008DF81B00FFE79DF81B0007B07047000062
:104AB00085B0DDF814C00390029101920093039831
:104AC00090F89800012812D1FFE70298000101999F
:104AD00040EA8100009940EA4100059908430399A2
:104AE0000968C1F8800000208DF813000AE00399DE
:104AF000D1F89C0040F00400C1F89C0001208DF822
:104B00001300FFE79DF8130005B070470000000098
:104B100081B0009001B0704782B00190009102B066
:104B200070470000000000008AB0089007910692CC
:104B3000059300200190089890F898008DF80300E4
:104B40009DF80300022840F05C81FFE707984028A9
:104B500051D1FFE708980068D0F8A00010F4FE0FCC
:104B60000BD1FFE70899D1F89C0040F02000C1F874
:104B70009C0001208DF827004EE108980068D0F8CD
:104B8000A400400658B9FFE70899D1F89C0040F40A
:104B90008070C1F89C0001208DF827003CE1089846
:104BA0000068D0F8A40000F080710120B0EB116F14
:104BB0000DD1FFE708980068D0F8A0100120B0EBF5
:104BC000D17F03D1FFE701200190FFE7FFE70898BD
:104BD0000068D0F8A40000F47C51019800EB11208B
:104BE00001900898426C406F0199514300EB81009D
:104BF0000490FFE770E00798412851D1FFE708983B
:104C00000068D0F8B00010F4FE0F0BD1FFE7089950
:104C1000D1F89C0040F02000C1F89C0001208DF8E4
:104C20002700F9E008980068D0F8B400400658B9A9
:104C3000FFE70899D1F89C0040F48070C1F89C000F
:104C400001208DF82700E7E008980068D0F8B4004C
:104C500000F080710120B0EB116F0DD1FFE70898D3
:104C60000068D0F8B0100120B0EBD17F03D1FFE78E
:104C700001200190FFE7FFE708980068D0F8B40032
:104C800000F47C51019800EB112001900898C26C4F
:104C9000806F0199514300EB81000490FFE71AE017
:104CA00007980899096D88420BD3FFE70899D1F856
:104CB0009C0040F02000C1F89C0001208DF82700E6
:104CC000AAE00898426DC06F0799514300EB81003C
:104CD0000490FFE7FFE7FFE70498006800F08040DA
:104CE000069948600698406838B9FFE7049800685C
:104CF000C0F38A400699086006E00498006820F036
:104D0000604006990860FFE70498006800F00050D2
:104D1000069988600498006800F0004006990861D0
:104D2000049804300490049800880699C861049897
:104D30000068C0F303400699C8600498006800F456
:104D40008010069948610498006800F400100699E4
:104D5000886104980068C0F30660069908620498A8
:104D60000068C00F069948620498043004900498C3
:104D7000039000200290FFE702980699CA6842F665
:104D80001421C0F60101895C88420AD2FFE703982A
:104D9000029A805C05998854FFE7029801300290DE
:104DA000EAE70798402806D1FFE7019808990968C3
:104DB000C1F8A80021E00798412806D1FFE7019833
:104DC00008990968C1F8B80016E007981F2808D8A4
:104DD000FFE707990120884008990968C1F8980001
:104DE00009E0079800F01F01012088400899096830
:104DF000C1F89C00FFE7FFE7FFE700208DF82700E0
:104E00000AE00899D1F89C0040F00800C1F89C0025
:104E100001208DF82700FFE79DF827000AB07047B2
:104E200081B0009001B0704780B594B013904AF6FD
:104E30001000C4F200000068800712904AF61400C7
:104E4000C4F200000168129800EA81701290139871
:104E50000068006D00F47040119013980068416D77
:104E600011980840119013980068006D00F00F0031
:104E7000109013980068416D109808401090139896
:104E80000068006D00F0F0000F9013980068416D0D
:104E90000F9808400F9013980068006D00F0715053
:104EA0000E9013980068416D0E9808400E9013986C
:104EB0000068006D00F060700D9013980068416DFF
:104EC0000D9808400D9013980068406D039013985A
:104ED0000068006D01909DF80D00C007B8B1FFE7B4
:104EE0009DF80500C00788B1FFE7FFE71398016848
:104EF0004FF4807008654AF61001C4F200010020EA
:104F00000860FFE71398FFF78BFFFFE7FFE79DF8C7
:104F10000D0000F004010020B0EB910F28D0FFE756
:104F20009DF8050000F004010020B0EB910F1ED0A9
:104F3000FFE713980068D0F8DC000B901398006826
:104F4000D0F8E4100B9808400B90FFE71398016825
:104F50004FF4806008654AF61001C4F20001002099
:104F60000860FFE713980B9900F0A2FEFFE7FFE748
:104F70001298B8B1FFE7FFE712984FF6FF71C3F63A
:104F8000CF7108401399096808651298800F4AF696
:104F90001001C4F200010860FFE713981299FFF7AF
:104FA000F3FCFFE71198B8B1FFE7FFE711984FF660
:104FB000FF71C3F6CF71084013990968086511980D
:104FC000800F4AF61001C4F200010860FFE7139851
:104FD000119900F07DFEFFE71098B8B1FFE7FFE7F9
:104FE00010984FF6FF71C3F6CF7108401399096806
:104FF00008651098800F4AF61001C4F2000108609D
:10500000FFE71398109900F023FDFFE70F98B8B160
:10501000FFE7FFE70F984FF6FF71C3F6CF71084027
:105020001399096808650F98800F4AF61001C4F2B9
:1050300000010860FFE713980F9900F079FDFFE782
:105040009DF80D0000F008010020B0EBD10F1BD03F
:10505000FFE79DF8050000F008010020B0EBD10F3C
:1050600011D0FFE7FFE7139801684FF4006008656F
:105070004AF61001C4F2000100200860FFE713980F
:1050800000F02EFEFFE7FFE79DF80D0000F00201A3
:105090000020B0EB510F28D0FFE79DF8050000F08D
:1050A00002010020B0EB510F1ED0FFE713980068FB
:1050B000D0F8D8000C9013980068D0F8E0100C9845
:1050C00008400C90FFE7139801684FF400700865E2
:1050D0004AF61001C4F2000100200860FFE71398AF
:1050E0000C9900F0EDFDFFE7FFE79DF80E0000F0E2
:1050F00008010020B0EBD10F1BD0FFE79DF80600A0
:1051000000F008010020B0EBD10F11D0FFE7FFE75E
:10511000139801684FF4002008654AF61001C4F2A4
:10512000000100200860FFE7139800F08DFCFFE706
:10513000FFE79DF80E00C007B8B1FFE79DF8060035
:10514000C00788B1FFE7FFE7139801684FF480308C
:1051500008654AF61001C4F2000100200860FFE76C
:10516000139800F0A1FDFFE7FFE79DF80E0000F0A7
:1051700004010020B0EB910F1BD0FFE79DF8060063
:1051800000F004010020B0EB910F11D0FFE7FFE722
:10519000139801684FF4802008654AF61001C4F2A4
:1051A000000100200860FFE7139800F079FDFFE799
:1051B000FFE79DF80E0000F002010020B0EB510F58
:1051C0001FD0FFE79DF8060000F002010020B0EBC1
:1051D000510F15D0FFE7FFE7139801684FF4003037
:1051E00008654AF61001C4F2000100200860FFE7DC
:1051F0001399D1F89C0040F08000C1F89C00FFE7B3
:10520000FFE70D98B8B1FFE7FFE70D984FF6FF7184
:10521000C3F6CF7108401399096808650D98800F8F
:105220004AF61001C4F200010860FFE713980D99D7
:10523000FFF772FCFFE70E98D0B1FFE7FFE70E988B
:105240004FF6FF71C3F6CF710840139909680865DE
:105250000E98800F4AF61001C4F200010860FFE7C3
:105260000E9A1399D1F89C001043C1F89C00FFE7F7
:10527000139800684AF20001C4F20001884240F02D
:10528000B980FFE71398406880688007002800F025
:10529000B080FFE713984068006A00F00F000A90A2
:1052A00013984068416A0A9808400A901398406829
:1052B000006A00F03000099013984068416A09982C
:1052C0000840099013984068006A00F4C070089084
:1052D00013984068416A08980840089013984068FD
:1052E000006A00F4FC40079013984068416A0798F0
:1052F0000840079013984068006A00F4F020069078
:1053000013984068416A06980840069013984068D0
:10531000406A029013984068006A00900A9848B169
:10532000FFE70A9813994968086213980A9900F0F0
:105330009FFCFFE7099848B1FFE70998139949686E
:1053400008621398099900F0A3FCFFE79DF8080094
:1053500000F040010020B0EB911F1FD0FFE79DF847
:10536000000000F040010020B0EB911F15D0FFE7D6
:1053700013984068C06B000C059013984068C06B90
:1053800000F03F0004901398416840200862139891
:105390000599049A00F074FCFFE7FFE7089848B10C
:1053A000FFE708981399496808621398089900F074
:1053B00057FCFFE7079860B1FFE707981399496822
:1053C0000862079A1399D1F89C001043C1F89C0019
:1053D000FFE7069860B1FFE70698139949680862ED
:1053E000069A1399D1F89C001043C1F89C00FFE77E
:1053F000FFE7FFE71398D0F89C0020B1FFE7139870
:10540000FFF786FBFFE714B080BD0000000000003E
:1054100080B598B0169042F6B811C0F6010101A807
:105420004C22FBF782F8169820B9FFE701208DF88F
:105430005F00D9E1169800684AF20001C4F2000149
:10544000884206D1FFE71699086800F58070486029
:10545000FFE716988068B0F5407F01D1FFE7FFE7CE
:105460001698006C08B1FFE7FFE71698806C08B14A
:10547000FFE7FFE71698006D08B1FFE7FFE7169812
:10548000006E08B1FFE7FFE71699C86D096E084482
:1054900008B1FFE7FFE7169890F8980040B9FFE7DA
:1054A0001699002081F89900169800F0A1F9FFE7FD
:1054B00016980168886920F01000886100F014FFD8
:1054C0001590FFE71698006880690007002817D537
:1054D000FFE700F009FF1599401A0B280FD3FFE7EB
:1054E0001699D1F89C0040F00100C1F89C00169973
:1054F000032081F8980001208DF85F0074E1E1E756
:1055000016980168886940F00100886100F0ECFE9F
:105510001590FFE7169800688069C007B8B9FFE7E3
:1055200000F0E2FE1599401A0B280FD3FFE71699F9
:10553000D1F89C0040F00100C1F89C0016990320AE
:1055400081F8980001208DF85F004DE1E2E71698A0
:105550000168886940F0020088611698007C012883
:1055600007D1FFE716980168886920F0400088613C
:1055700006E016980168886940F040008861FFE7FE
:105580001698407C012807D1FFE7169801688869C2
:1055900040F48040886106E016980168886920F42C
:1055A00080408861FFE71698807C012807D1FFE7DB
:1055B00016980168886920F48050886106E0169882
:1055C0000168886940F480508861FFE71698006898
:1055D000806920F44070169A1168926810438861BF
:1055E00016980168886920F0A400886116980168FF
:1055F000086920F0100008611698C068012807D1DA
:10560000FFE716980168886940F0040088612BE084
:105610001698C06830B3FFE71698C068022819D002
:10562000FFE716980168886940F080008861169845
:105630000168086940F0100008611698C0680328E6
:1056400007D1FFE716980168886940F0200088615B
:10565000FFE706E016980168886940F0200088613D
:10566000FFE700E0FFE7FFE7169A116853699069CA
:10567000D2F81CE0A0F1010C6FF0FF0000EB0E204F
:1056800040EA4C60126A013A10430022CFF6FF72E2
:1056900002EB03421043C86116988068B0F5407F62
:1056A0001CD1FFE7169A1168536A906AD2F82CE071
:1056B00001386FF0FF0C0CEB0E2C40EA0C00D2F816
:1056C00030C06FF00F0202EB0C1210430022CFF635
:1056D000FF7202EB03421043C860FFE71698006EAA
:1056E00048B1FFE716980168426ED1F8C000104338
:1056F000C1F8C000FFE71699C86D096E084480B173
:10570000FFE716980068D0F8C80020F00700169A46
:105710001168936E01AA52F823201043C1F8C80003
:10572000FFE71698006C80B1FFE716980068D0F884
:10573000BC0020F00700169A1168536C01AA52F8B9
:1057400023201043C1F8BC00FFE71698806C88B195
:10575000FFE716980068D0F8BC0020F07000169A99
:105760001168D36C01AA52F8232040EA0210C1F854
:10577000BC00FFE71698006D88B1FFE71698006837
:10578000D0F8BC0020F4E060169A1168536D01AAAD
:1057900052F8232040EA0220C1F8BC00FFE7169827
:1057A00000684AF20001C4F20001884207D1FFE715
:1057B00016984168886820F003008860FFE7169912
:1057C0000020C1F894001699C1F89C001699012098
:1057D00081F898001698FBF707FD8DF853009DF8A7
:1057E00053008DF85F00FFE79DF85F0018B080BDA3
:1057F00080B5C0B03F9000203E903D903C903B90E3
:105800003A900CA8B821FAF7C2FE3F9800684AF215
:105810000001C4F20001884255D1FFE700200D903D
:105820004FF400400C904FF0805027900CA801F0EE
:105830004FF918B1FFE7FBF7B7FCFFE740F2202074
:10584000C2F200400168013101600068012810D1F6
:10585000FFE7FFE744F2EC40C5F60200016841F4BF
:1058600080710160006800F480700B900B98FFE776
:10587000FFE7FFE744F2E040C5F60200016841F0AF
:1058800008010160006800F008000A900A98FFE72C
:1058900003203A9002203B90002004903C903D90E1
:1058A00009203E9040F60040C5F602003AA900F0FB
:1058B00017FB049A13200590114600F0D1FD0598BE
:1058C00000F0C2FDBEE03F9800684AF20041C4F219
:1058D0000001884255D1FFE700200D904FF40040B1
:1058E0000C904FF0805027900CA801F0F1F818B1FF
:1058F000FFE7FBF759FCFFE740F22020C2F200402F
:105900000168013101600068012810D1FFE7FFE75D
:1059100044F2EC40C5F60200016841F48071016078
:10592000006800F4807009900998FFE7FFE7FFE73F
:1059300044F2E040C5F60200016841F00201016056
:10594000006800F0020008900898FFE760203A9095
:1059500002203B90002002903C903D9009203E9018
:1059600040F20040C5F602003AA900F0B9FA029AE6
:1059700014200390114600F073FD039800F064FDBD
:105980005FE03F9800684DF20041C4F20001884298
:1059900056D1FFE700200D904FF400400C904FF0DF
:1059A000805027900CA801F093F818B1FFE7FBF79F
:1059B000FBFBFFE740F22020C2F20040016801310A
:1059C00001600068012810D1FFE7FFE744F2EC40D6
:1059D000C5F60200016841F480710160006800F4BE
:1059E000807007900798FFE7FFE7FFE744F2E04089
:1059F000C5F60200016841F008010160006800F08E
:105A0000080006900698FFE74FF440503A900220B5
:105A10003B90002000903C903D9005203E9040F649
:105A20000040C5F602003AA900F05AFA009A9F20F9
:105A30000190114600F014FD019800F005FDFFE70C
:105A4000FFE7FFE740B080BD81B0009001B0704734
:105A500080B586B005900491059800684AF200016F
:105A6000C4F20001884219D1FFE7059840F2A8016D
:105A7000C2F2004103910A1D01F12C034021FFF7FE
:105A800053F80398406B40B1FFE740F2A800C2F220
:105A90000040416B04308847FFE745E00598006807
:105AA0004AF20041C4F20001884219D1FFE705988B
:105AB00040F20811C2F2004102910A1D01F12C03CB
:105AC0004021FFF731F80298406B40B1FFE740F208
:105AD0000810C2F20040416B04308847FFE722E023
:105AE000059800684DF20041C4F20001884219D1C6
:105AF000FFE7059840F26811C2F2004101910A1DCA
:105B000001F12C034021FFF70FF80198406B40B1E1
:105B1000FFE740F26810C2F20040416B0430884752
:105B2000FFE7FFE7FFE7FFE706B080BD00000000EA
:105B300080B586B005900491059800684AF200018E
:105B4000C4F20001884219D1FFE7059840F2A8018C
:105B5000C2F2004103910A1D01F12C034121FEF71D
:105B6000E3FF0398406B40B1FFE740F2A800C2F2A8
:105B70000040416B04308847FFE745E00598006826
:105B80004AF20041C4F20001884219D1FFE70598AA
:105B900040F20811C2F2004102910A1D01F12C03EA
:105BA0004121FEF7C1FF0298406B40B1FFE740F290
:105BB0000810C2F20040416B04308847FFE722E042
:105BC000059800684DF20041C4F20001884219D1E5
:105BD000FFE7059840F26811C2F2004101910A1DE9
:105BE00001F12C034121FEF79FFF0198406B40B16A
:105BF000FFE740F26810C2F20040416B0430884772
:105C0000FFE7FFE7FFE7FFE706B080BD0000000009
:105C100082B00090009890F89800012811D1FFE719
:105C20000099022081F8980000980168886920F0A6
:105C30000100886100990020C1F89C008DF80700E0
:105C40000AE00099D1F89C0040F00400C1F89C00E3
:105C500001208DF80700FFE79DF8070002B07047AC
:105C600082B00190009102B0704700000000000077
:105C700082B00190009102B0704700000000000067
:105C800083B002900191009203B0704700000000C1
:105C900082B00190009102B0704700000000000047
:105CA00081B0009001B0704781B0009001B07047A2
:105CB00082B00190009102B0704700000000000027
:105CC00082B00190009102B0704700000000000017
:105CD00082B00190009102B0704700000000000007
:105CE00081B0009001B0704780B582B0ADF8060079
:105CF000BDF80600012807D1FFE740F2A010C2F26C
:105D0000004040688047CAE0BDF80600022807D17D
:105D1000FFE740F2D810C2F2004040688047BDE083
:105D2000BDF80600042807D1FFE740F2E010C2F2F8
:105D3000004040688047B0E0BDF80600082807D161
:105D4000FFE740F2E810C2F2004040688047A3E05D
:105D5000BDF80600102807D1FFE740F2F010C2F2AC
:105D600000404068804796E0BDF80600202807D133
:105D7000FFE740F2F810C2F200404068804789E037
:105D8000BDF80600402807D1FFE740F20020C2F22C
:105D90000040406880477CE0BDF80600802807D1BD
:105DA000FFE740F20820C2F20040406880476FE001
:105DB000BDF80600B0F5807F07D1FFE740F2102064
:105DC000C2F200404068804761E0BDF80600B0F5CF
:105DD000007F07D1FFE740F21820C2F20040406880
:105DE000804753E0BDF80600B0F5806F07D1FFE7AC
:105DF00040F2A810C2F200404068804745E0BDF87C
:105E00000600B0F5006F07D1FFE740F2B010C2F214
:105E100000404068804737E0BDF80600B0F5805F7D
:105E200007D1FFE740F2B810C2F200404068804757
:105E300029E0BDF80600B0F5005F07D1FFE740F2AA
:105E4000C010C2F20040406880471BE0BDF8060069
:105E5000B0F5804F07D1FFE740F2C810C2F2004012
:105E6000406880470DE0BDF80600B0F5004F07D14F
:105E7000FFE740F2D010C2F2004040688047FFE7E1
:105E8000FFE7FFE7FFE7FFE7FFE7FFE7FFE7FFE7E2
:105E9000FFE7FFE7FFE7FFE7FFE7FFE7FFE702B006
:105EA00080BD00000000000080B582B0ADF80600A3
:105EB0008820C5F600000068BDF8061008420BD027
:105EC000FFE7BDF806008821C5F600010860BDF8AF
:105ED0000600FFF709FFFFE702B080BD00000000E9
:105EE0008FB00E900D9100200C908020C5F6000020
:105EF0000990FFE70D9800680C99C840002800F051
:105F0000C181FFE70D9800680C9A0121914008407B
:105F10000B900B98002800F0B181FFE70D984068C6
:105F200000F00300012807D0FFE70D98406800F05B
:105F3000030002282FD1FFE70E9880680A900C9882
:105F40004100032000FA01F10A9888430A900D9855
:105F5000C0680C99490000FA01F10A9808430A90B8
:105F60000A980E9988600E9840680A900C99012052
:105F700000FA01F10A9888430A900D984068C0F32E
:105F800000100C9900FA01F10A9808430A900A9847
:105F90000E994860FFE70D98406800F00300032861
:105FA00018D0FFE70E98C0680A900C9841000320B3
:105FB00000FA01F10A9888430A900D9880680C99BC
:105FC000490000FA01F10A9808430A900A980E99CC
:105FD000C860FFE70D98406800F00300022826D152
:105FE000FFE70E980C996FF0030202EA5101084492
:105FF000006A0A900C9800F0070081000F2000FA58
:1060000001F10A9888430A900D9800690C9901F0F3
:106010000701890000FA01F10A9808430A900A98DA
:106020000E990C9B02EA530211440862FFE70E9896
:1060300000680A900C984100032000FA01F10A98C8
:1060400088430A900D98406800F003000C994900BD
:1060500000FA01F10A9808430A900A980E9908601C
:106060000D9880798007002800F00781FFE7FFE79F
:1060700044F2F440C5F60200016841F002010160FB
:10608000006800F0020008900898FFE70C9820F0E4
:10609000030040F20841C5F6000140580A900C98F0
:1060A00000F0030081000F2000FA01F10A988843F4
:1060B0000A900E980021C5F60201884203D1FFE73D
:1060C000002007906CE00E9840F20041C5F60201F6
:1060D000884203D1FFE7012006905EE00E9840F66B
:1060E0000001C5F60201884203D1FFE702200590B6
:1060F00050E00E9840F60041C5F60201884203D1F7
:10610000FFE70320049042E00E9841F20001C5F63B
:106110000201884203D1FFE70420039034E00E9887
:1061200041F20041C5F60201884203D1FFE7052094
:10613000029026E00E9841F60001C5F60201884261
:1061400003D1FFE70620019018E00E9841F60041C8
:10615000C5F60201884203D1FFE7072000900AE05C
:106160000E9942F20042C5F602020A20914208BF8F
:1061700009200090FFE700980190FFE70198029046
:10618000FFE702980390FFE703980490FFE7049865
:106190000590FFE705980690FFE706980790FFE750
:1061A00007980C9901F00301890000FA01F10A989F
:1061B00008430A900A980C9921F0030140F2084222
:1061C000C5F6000288504FF0B04000680A900B9965
:1061D0000A9888430A900D988079C006002805D552
:1061E000FFE70B990A9808430A90FFE70A984FF0D7
:1061F000B04108600420C5F6000000680A900B99C1
:106200000A9888430A900D9880798006002805D561
:10621000FFE70B990A9808430A90FFE70A980421C0
:10622000C5F600010860099840680A900B990A9821
:1062300088430A900D9880798007002805D5FFE7EC
:106240000B990A9808430A90FFE70A980999486051
:10625000099800680A900B990A9888430A900D984B
:106260008079C00728B1FFE70B990A9808430A9084
:10627000FFE70A9809990860FFE7FFE70C980130EB
:106280000C9037E60FB0704782B00190ADF8021065
:1062900001980069BDF80210084204D0FFE7012010
:1062A0008DF8010003E000208DF80100FFE79DF864
:1062B000010002B07047000082B00190ADF80210FA
:1062C0008DF801209DF8010028B1FFE7BDF802001C
:1062D0000199886105E0BDF8020000040199886118
:1062E000FFE702B07047000042F6B040C2F2004043
:1062F000006870470000000040F20C00C2F200404D
:10630000027842F6B041C2F20041086810440860C9
:10631000704700000000000080B582B0032000F04C
:10632000B7F801F06DFE44F21842C5F6020211689A
:10633000C1F3032342F60421C0F60101CB5C03F054
:106340001F03D84000900098126802F00F02895C89
:1063500001F01F01C84040F20801C2F2004108608C
:10636000009840F20401C2F2004108600F2000F0E2
:1063700013F820B1FFE701208DF8070005E000F0D9
:106380004FF800208DF80700FFE79DF8070002B0E6
:1063900080BD00000000000080B582B0009040F297
:1063A0000C00C2F20040007820B9FFE701208DF810
:1063B000070030E040F20400C2F20040006840F202
:1063C0000C01C2F200410A784FF47A71B1FBF2F18C
:1063D000B0FBF1F002F0ACFC20B1FFE701208DF83A
:1063E000070018E000980F280DD8FFE700994FF03C
:1063F000FF30002200F034F8009840F21001C2F2A1
:106400000041086003E001208DF8070003E0002050
:106410008DF80700FFE79DF8070002B080BD00007F
:1064200081B0FFE744F2F440C5F60200016841F094
:1064300002010160006800F0020000900098FFE790
:1064400001B070470000000080B582B0ADF80600D2
:10645000BDF906000CF0F4F902B080BD00000000A8
:1064600080B586B0ADF81600049103920CF000FAE6
:106470000290BDF91600019002980499039A05F064
:10648000D3F9014601980CF0FBF906B080BD00007D
:1064900080B582B0019001980CF016FA02B080BD70
:1064A00080B584B0029044F60C00C5F60200006886
:1064B00000F004010020B0EB910F13D1FFE744F688
:1064C0000C00C5F60200006800F00700029988423F
:1064D00004D0FFE701208DF80F002EE000208DF89A
:1064E0000F002AE044F60C01C5F60201086820F00E
:1064F0000700029A10430860FFF7F6FE0190FFE7DD
:1065000044F60400C5F60200006800F400510020C3
:10651000B0EB513F0DD1FFE7FFF7E6FE0199401ABE
:10652000B0F57A7F04D9FFE701208DF80F0004E071
:10653000E6E700208DF80F00FFE79DF80F0004B09C
:1065400080BD00000000000080B501F005FD44F2B0
:106550002041C5F602010968C1F3021242F6042186
:10656000C0F60101895C01F01F01C84080BD000038
:1065700088B0079044F22840C5F60200016801F097
:10658000030106910068C0F30530059044F22C40E9
:10659000C5F602000068C0F300100490049844F2AD
:1065A0003C41C5F60201096889B2C908484300EEBA
:1065B000100AB8EE400A8DED020A0598002800F096
:1065C0001B81FFE70698009048B1FFE7009801287B
:1065D00069D0FFE70098022800F08980ABE044F220
:1065E0000040C5F60200006800F020010020B0EB7A
:1065F000511F33D0FFE744F20040C5F602000068A7
:10660000C0F3C10149F20000C0F2D030C84003908D
:106610009DED030AB8EE400A9DED051AB8EE411A49
:1066200080EE010A44F23840C5F6020000686FF3BC
:106630005F2001EE100AB8EE411A9DED022A9FED8F
:10664000743A82EE032A31EE021AB7EE002A31EED6
:10665000021A20EE010A8DED010A23E09DED050AE4
:10666000B8EE401A9FED6C0A80EE010A44F2384001
:10667000C5F6020000686FF35F2001EE100AB8EE65
:10668000411A9DED022A9FED623A82EE032A31EE15
:10669000021AB7EE002A31EE021A20EE010A8DED41
:1066A000010AFFE76BE09DED050AB8EE401A9FED89
:1066B000590A80EE010A44F23840C5F6020000682B
:1066C0006FF35F2001EE100AB8EE411A9DED022A29
:1066D0009FED4F3A82EE032A31EE021AB7EE002AFE
:1066E00031EE021A20EE010A8DED010A47E09DED20
:1066F000050AB8EE401A9FED450A80EE010A44F201
:106700003840C5F6020000686FF35F2001EE100A02
:10671000B8EE411A9DED022A9FED3D3A82EE032A22
:1067200031EE021AB7EE002A31EE021A20EE010A0B
:106730008DED010A23E09DED050AB8EE401A9FEDAC
:10674000350A80EE010A44F23840C5F602000068BE
:106750006FF35F2001EE100AB8EE411A9DED022A98
:106760009FED2B3A82EE032A31EE021AB7EE002A91
:1067700031EE021A20EE010A8DED010AFFE79DEDD0
:10678000010A44F23840C5F60200016889B2490A9C
:1067900001EE101AB8EE411AB7EE002A31EE021AD5
:1067A00080EE010A0799BCEEC00A81ED000A9DED5A
:1067B000010A0168C1F3064101EE101AB8EE411A50
:1067C00031EE021A80EE010A0799BCEEC00A81ED93
:1067D000010A9DED010A0068C0F3066001EE100A8F
:1067E000B8EE411A31EE021A80EE010A0798BCEEAB
:1067F000C00A80ED020A07E00799002008600799A7
:10680000486007998860FFE708B07047001BB74BE6
:10681000000000460024744A0024744C000000006C
:1068200088B0079044F22840C5F60200016801F0E4
:10683000030106910068C0F30550059044F22C4016
:10684000C5F602000068C0F300200490049844F2EA
:106850004441C5F60201096889B2C908484300EEFF
:10686000100AB8EE400A8DED020A0598002800F0E3
:106870001B81FFE70698009048B1FFE700980128C8
:1068800069D0FFE70098022800F08980ABE044F26D
:106890000040C5F60200006800F020010020B0EBC7
:1068A000511F33D0FFE744F20040C5F602000068F4
:1068B000C0F3C10149F20000C0F2D030C8400390DB
:1068C0009DED030AB8EE400A9DED051AB8EE411A97
:1068D00080EE010A44F24040C5F6020000686FF302
:1068E0005F2001EE100AB8EE411A9DED022A9FEDDD
:1068F000743A82EE032A31EE021AB7EE002A31EE24
:10690000021A20EE010A8DED010A23E09DED050A31
:10691000B8EE401A9FED6C0A80EE010A44F2404046
:10692000C5F6020000686FF35F2001EE100AB8EEB2
:10693000411A9DED022A9FED623A82EE032A31EE62
:10694000021AB7EE002A31EE021A20EE010A8DED8E
:10695000010AFFE76BE09DED050AB8EE401A9FEDD6
:10696000590A80EE010A44F24040C5F60200006870
:106970006FF35F2001EE100AB8EE411A9DED022A76
:106980009FED4F3A82EE032A31EE021AB7EE002A4B
:1069900031EE021A20EE010A8DED010A47E09DED6D
:1069A000050AB8EE401A9FED450A80EE010A44F24E
:1069B0004040C5F6020000686FF35F2001EE100A48
:1069C000B8EE411A9DED022A9FED3D3A82EE032A70
:1069D00031EE021AB7EE002A31EE021A20EE010A59
:1069E0008DED010A23E09DED050AB8EE401A9FEDFA
:1069F000350A80EE010A44F24040C5F60200006804
:106A00006FF35F2001EE100AB8EE411A9DED022AE5
:106A10009FED2B3A82EE032A31EE021AB7EE002ADE
:106A200031EE021A20EE010A8DED010AFFE79DED1D
:106A3000010A44F24040C5F60200016889B2490AE1
:106A400001EE101AB8EE411AB7EE002A31EE021A22
:106A500080EE010A0799BCEEC00A81ED000A9DEDA7
:106A6000010A0168C1F3064101EE101AB8EE411A9D
:106A700031EE021A80EE010A0799BCEEC00A81EDE0
:106A8000010A9DED010A0068C0F3066001EE100ADC
:106A9000B8EE411A31EE021A80EE010A0798BCEEF8
:106AA000C00A80ED020A07E00799002008600799F4
:106AB000486007998860FFE708B07047001BB74B34
:106AC000000000460024744A0024744C00000000BA
:106AD00080B59AB0189000208DF857008DF85600B8
:106AE0001898C0780007002848D5FFE71898406E2E
:106AF000149078B1FFE71498B0F5801F13D0FFE72A
:106B00001498B0F5001F16D0FFE71498B0F5401F99
:106B100019D019E044F22C41C5F60201086840F48E
:106B20000030086014E018980830022104F0B8FE24
:106B30008DF857000CE018982830022104F098FFD7
:106B40008DF8570004E003E001208DF85700FFE7BF
:106B50009DF8570060B9FFE744F25041C5F60201C5
:106B6000086820F44010189A526E1043086004E040
:106B70009DF857008DF85600FFE7FFE7189840781A
:106B8000C007002840D0FFE71898806D13900428B4
:106B900020D81399DFE801F0030C141C1D0044F207
:106BA0002C41C5F60201086840F40030086015E089
:106BB00018980830002104F073FE8DF857000DE09E
:106BC00018982830002104F053FF8DF8570005E095
:106BD00004E003E001208DF85700FFE79DF857001F
:106BE00060B9FFE744F25041C5F60201086820F0A1
:106BF0000700189A926D1043086004E09DF8570052
:106C00008DF85600FFE7FFE7189840784007002806
:106C100056D5FFE71898D0F8A4001290C8B1FFE746
:106C20001298B0F5001F1DD0FFE71298B0F5800F45
:106C300020D0FFE71298B0F5C00F23D0FFE71298DD
:106C4000B0F5000F1FD0FFE71298B0F5200F1BD052
:106C50001BE044F22C41C5F60201086840F4003004
:106C6000086016E018980830002104F019FE8DF82D
:106C700057000EE018982830002104F0F9FE8DF836
:106C8000570006E005E004E003E001208DF857001E
:106C9000FFE79DF8570068B9FFE744F25841C5F691
:106CA0000201086820F46000189AD2F8A42010436A
:106CB000086004E09DF857008DF85600FFE7FFE7F5
:106CC000189840780007002856D5FFE71898D0F8A4
:106CD000A8001190C8B1FFE71198B0F1807F1DD0D6
:106CE000FFE71198B0F1007F20D0FFE71198B0F1D5
:106CF000407F23D0FFE71198B0F1806F1FD0FFE7EE
:106D00001198B0F1A06F1BD01BE044F22C41C5F6E6
:106D10000201086840F40030086016E01898083056
:106D2000002104F0BDFD8DF857000EE018982830C2
:106D3000002104F09DFE8DF8570006E005E004E018
:106D400003E001208DF85700FFE79DF8570068B970
:106D5000FFE744F25841C5F60201086820F0E06000
:106D6000189AD2F8A8201043086004E09DF8570054
:106D70008DF85600FFE7FFE71898C07880070028D5
:106D80003ED5FFE71898C06C1090F0B1FFE710985F
:106D9000102808D0FFE7109820280DD0FFE71098A2
:106DA000302811D012E044F22C41C5F602010868E7
:106DB00040F4003008600DE018980830022104F01B
:106DC0006FFD8DF8570005E004E003E001208DF829
:106DD0005700FFE79DF8570060B9FFE744F24C41C8
:106DE000C5F60201086820F03000189AD26C1043F2
:106DF000086004E09DF857008DF85600FFE7FFE7B4
:106E000018984078C00600284ED5FFE71898C06D46
:106E10000F90A0B1FFE70F98B0F5805F18D0FFE7A3
:106E20000F98B0F5005F1BD0FFE70F98B0F5405FFB
:106E30001ED0FFE70F98B0F5804F1AD01AE044F249
:106E40002C41C5F60201086840F40030086015E0E6
:106E500018980830002104F023FD8DF857000DE04C
:106E600018982830002104F003FE8DF8570005E043
:106E700004E003E001208DF85700FFE79DF857007C
:106E800060B9FFE744F25041C5F60201086820F4FA
:106E9000E040189AD26D1043086004E09DF8570056
:106EA0008DF85600FFE7FFE7189840788006002825
:106EB0004CD5FFE71898006E0E90C8B1FFE70E980A
:106EC000B0F5803F15D0FFE70E98B0F5003F18D021
:106ED000FFE70E98B0F5403F1BD0FFE70E98B0F5E6
:106EE000802F17D0FFE70E98B0F5A02F13D013E036
:106EF00016E018980830012104F0D2FC8DF85700F4
:106F00000EE018982830012104F0B2FD8DF85700EA
:106F100006E005E004E003E001208DF85700FFE7FC
:106F20009DF8570060B9FFE744F25041C5F60201F1
:106F3000086820F4E020189A126E1043086004E0FC
:106F40009DF857008DF85600FFE7FFE71898407846
:106F5000400600284ED5FFE71898D0F8AC000D90F9
:106F6000C8B1FFE70D98B0F1805F15D0FFE70D982D
:106F7000B0F1005F18D0FFE70D98B0F1405F1BD073
:106F8000FFE70D98B0F1804F17D0FFE70D98B0F1F3
:106F9000A04F13D013E016E018980830012104F038
:106FA0007FFC8DF857000EE018982830012104F07E
:106FB0005FFD8DF8570006E005E004E003E00120E6
:106FC0008DF85700FFE79DF8570068B9FFE744F2D6
:106FD0005841C5F60201086820F0E040189AD2F83E
:106FE000AC201043086004E09DF857008DF856006F
:106FF000FFE7FFE718984078000600283BD5FFE739
:107000001898C06E0C90D8B1FFE70C98B0F1805F73
:1070100005D0FFE70C98B0F1005F09D011E044F211
:107020002C41C5F60201086840F4003008600CE00D
:1070300018980830012104F033FC8DF8570004E063
:1070400003E001208DF85700FFE79DF8570060B975
:10705000FFE744F25041C5F60201086820F04050B5
:10706000189AD26E1043086004E09DF857008DF81E
:107070005600FFE7FFE71898C078C007002837D010
:10708000FFE71898806C0B90032817D80B99DFE85E
:1070900001F014020B1344F22C41C5F602010868FA
:1070A00040F4003008600DE018980830022104F028
:1070B000F7FB8DF8570005E004E003E001208DF8B0
:1070C0005700FFE79DF8570060B9FFE744F24C41D5
:1070D000C5F60201086820F00300189A926C10436C
:1070E000086004E09DF857008DF85600FFE7FFE7C1
:1070F000189880784006002840F1B480FFE744F6F5
:107100000001C5F60201086840F480700860FFF7CE
:10711000EBF81690FFE744F60000C5F602000068A1
:10712000C00500280CD4FFE7FFF7DEF81699401AD7
:10713000652804D3FFE703208DF8570000E0EAE755
:107140009DF85700002840F08780FFE744F2704028
:10715000C5F60200006800F440701899D1F8B0102C
:1071600001F44071884213D0FFE744F27041C5F644
:107170000201086820F440701790086840F48030DD
:107180000860086820F48030086017980860FFE7FE
:107190001898D0F8B000B0F5807F1FD1FFE7FFF757
:1071A000A3F81690FFE744F27040C5F602000068AD
:1071B00000F002010020B0EB510F0ED1FFE7FFF706
:1071C00093F81699401A41F28931884204D3FFE7B7
:1071D00003208DF8570000E0E5E7FFE79DF8570032
:1071E000A0BBFFE7FFE71898D0F8B00000F44070AC
:1071F000B0F5407F13D1FFE744F21041C5F602011C
:10720000086820F47C50189AD2F8B0204FF6F0436A
:10721000C0F6FF731A4040EA1210086008E044F21A
:107220001041C5F60201086820F47C500860FFE7B1
:107230001898D0F8B0206FF31F3244F27041C5F6B1
:107240000201086810430860FFE704E09DF857005A
:107250008DF85600FFE704E09DF857008DF85600C2
:10726000FFE7FFE718980068C007002800F04C808F
:10727000FFE71898806F0A9028282BD80A99DFE832
:1072800001F01529292929292929162929292929F6
:1072900029291E292929292929292629292929296C
:1072A00029292729292929292929280016E0189878
:1072B0000830012104F0F4FA8DF857000EE0189818
:1072C0002830012104F0D4FB8DF8570006E005E0DA
:1072D00004E003E001208DF85700FFE79DF8570018
:1072E00060B9FFE744F25441C5F60201086820F096
:1072F0003800189A926F1043086004E09DF8570018
:107300008DF85600FFE7FFE71898007880070028FF
:1073100039D5FFE71898406F0990052819D80999C1
:10732000DFE801F003040C14151616E01898083075
:10733000012104F0B5FA8DF857000EE018982830B6
:10734000012104F095FB8DF8570006E005E004E00C
:1073500003E001208DF85700FFE79DF8570060B962
:10736000FFE744F25441C5F60201086820F0070027
:10737000189A526F1043086004E09DF857008DF88A
:107380005600FFE7FFE718980078400700283BD534
:10739000FFE71898D0F890000890052819D80899A8
:1073A000DFE801F003040C14151616E018980830F5
:1073B000012104F075FA8DF857000EE01898283076
:1073C000012104F055FB8DF8570006E005E004E0CC
:1073D00003E001208DF85700FFE79DF8570068B9DA
:1073E000FFE744F25841C5F60201086820F00700A3
:1073F000189AD2F890201043086004E09DF85700D6
:107400008DF85600FFE7FFE71898007880060028FF
:107410004ED5FFE71898D0F88C000790C8B1FFE769
:107420000798B0F1805F15D0FFE70798B0F1005FD3
:1074300018D0FFE70798B0F1405F1BD0FFE707982F
:10744000B0F1804F17D0FFE70798B0F1A04F13D0ED
:1074500013E016E018980830002104F021FA8DF8A6
:1074600057000EE018982830022104F001FB8DF837
:10747000570006E005E004E003E001208DF8570026
:10748000FFE79DF8570068B9FFE744F25441C5F69D
:107490000201086820F0E040189AD2F88C201043CE
:1074A000086004E09DF857008DF85600FFE7FFE7FD
:1074B00018980078400600284ED5FFE71898D0F8B5
:1074C00098000690C8B1FFE70698B0F5806F15D018
:1074D000FFE70698B0F5006F18D0FFE70698B0F503
:1074E000406F1BD0FFE70698B0F5805F17D0FFE72D
:1074F0000698B0F5A05F13D013E016E01898083096
:10750000002104F0CDF98DF857000EE018982830CE
:10751000022104F0ADFA8DF8570006E005E004E022
:1075200003E001208DF85700FFE79DF8570068B988
:10753000FFE744F25841C5F60201086820F4E05024
:10754000189AD2F898201043086004E09DF857007C
:107550008DF85600FFE7FFE718980078000600282E
:107560004ED5FFE71898D0F89C000590C8B1FFE70A
:107570000598B0F5005F15D0FFE70598B0F5804F8E
:1075800018D0FFE70598B0F5C04F1BD0FFE705986E
:10759000B0F5004F17D0FFE70598B0F5204F13D096
:1075A00013E016E018980830002104F079F98DF8FE
:1075B00057000EE018982830022104F059FA8DF88F
:1075C000570006E005E004E003E001208DF85700D5
:1075D000FFE79DF8570068B9FFE744F25841C5F648
:1075E0000201086820F46040189AD2F89C201043E9
:1075F000086004E09DF857008DF85600FFE7FFE7AC
:10760000189800780007002820D5FFE71898D0F8D0
:107610008000B0F5805F0CD1FFE718982830022178
:1076200004F026FA20B1FFE701208DF85600FFE7AD
:10763000FFE744F25441C5F60201086820F44050C7
:10764000189AD2F8802010430860FFE71898007855
:10765000C006002820D5FFE71898D0F89400B0F5B0
:10766000807F0CD1FFE718982830022104F000FA3F
:1076700020B1FFE701208DF85600FFE7FFE744F255
:107680005841C5F60201086820F44070189AD2F8F3
:10769000942010430860FFE71898807800070028BE
:1076A0003CD5FFE71898D0F8A000049050B1FFE750
:1076B0000498B0F5803F0DD0FFE70498B0F5003F87
:1076C00010D010E018980830002104F0E9F88DF887
:1076D00057000CE018982830022104F0C9F98DF801
:1076E000570004E003E001208DF85700FFE79DF804
:1076F000570068B9FFE744F25841C5F6020108682F
:1077000020F44030189AD2F8A0201043086004E01A
:107710009DF857008DF85600FFE7FFE7189880782E
:10772000400700283FD5FFE71898D0F88400039061
:10773000B0F5801F0AD0FFE70398B0F5001F0ED008
:10774000FFE70398B0F5401F11D011E044F22C413F
:10775000C5F60201086840F4003008600CE0189893
:107760002830012104F084F98DF8570004E003E08B
:1077700001208DF85700FFE79DF8570068B9FFE733
:1077800044F25441C5F60201086820F44010189AEA
:10779000D2F884201043086004E09DF857008DF86B
:1077A0005600FFE7FFE718988078C007A8B3FFE707
:1077B0001898006D029028B1FFE70298B0F5803F5D
:1077C00009D010E044F22C41C5F60201086840F4EB
:1077D000003008600BE018980830022104F060F8CF
:1077E0008DF8570003E001208DF85700FFE79DF862
:1077F000570060B9FFE744F24C41C5F60201086842
:1078000020F48030189A126D1043086004E09DF84F
:1078100057008DF85600FFE7FFE71898C0788006FC
:1078200000280CD5FFE718982830022104F020F931
:1078300020B1FFE701208DF85600FFE7FFE7189819
:107840008078800700283AD5FFE71898C06F01902C
:10785000D0B1FFE70198B0F5807F0AD0FFE701982B
:10786000B0F5007F0ED0FFE70198B0F5407F0AD059
:107870000BE044F22C41C5F60201086840F40030E8
:10788000086006E005E004E003E001208DF8570001
:10789000FFE79DF8570060B9FFE744F25441C5F691
:1078A0000201086820F44070189AD26F10430860F3
:1078B00004E09DF857008DF85600FFE7FFE71898A1
:1078C0008078C00600280CD5FFE744F25041C5F689
:1078D0000201086820F00040189A126F10430860F7
:1078E000FFE718988078800600280CD5FFE744F25F
:1078F0005041C5F60201086820F08070189A926E17
:1079000010430860FFE71898C0784006002811D59A
:10791000FFE7FFE744F21041C5F60201086820F4D2
:10792000004008601898D0F8B42008681043086038
:10793000FFE7FFE71898C078000600280CD5FFE79E
:1079400044F24C41C5F60201086820F04050189AF4
:10795000526D10430860FFE71898807800060028F1
:107960000DD5FFE744F25441C5F60201086820F442
:107970004000189AD2F8882010430860FFE7189852
:107980000079C00790B1FFE718980830002103F094
:1079900087FF8DF857009DF8570008B9FFE704E00E
:1079A0009DF857008DF85600FFE7FFE7189800791B
:1079B0008007002812D5FFE718980830012103F04E
:1079C0006FFF8DF857009DF8570008B9FFE704E0F6
:1079D0009DF857008DF85600FFE7FFE718980079EB
:1079E0004007002812D5FFE718980830022103F05D
:1079F00057FF8DF857009DF8570008B9FFE704E0DE
:107A00009DF857008DF85600FFE7FFE718980079BA
:107A10000007002812D5FFE718982830002104F04D
:107A200027F88DF857009DF8570008B9FFE704E0E4
:107A30009DF857008DF85600FFE7FFE7189800798A
:107A4000C006002812D5FFE718982830012104F05D
:107A50000FF88DF857009DF8570008B9FFE704E0CC
:107A60009DF857008DF85600FFE7FFE7189800795A
:107A70008006002812D5FFE718982830022103F06D
:107A8000F7FF8DF857009DF8570008B9FFE704E0AD
:107A90009DF857008DF85600FFE7FFE79DF8560068
:107AA00020B9FFE700208DF8670003E001208DF882
:107AB0006700FFE79DF867001AB080BD0000000076
:107AC00080B586B004900391049820B9FFE70120A7
:107AD0008DF817003CE2039842F20001C5F2002144
:107AE000096801F00F01884216D9FFE742F2000051
:107AF000C5F20020016821F00F01039A11430160D3
:107B0000006800F00F000399884204D0FFE70120CD
:107B10008DF817001CE2FFE7049800784007002862
:107B200019D5FFE70498006944F21841C5F602012F
:107B3000096801F0700188420CD9FFE744F218414E
:107B4000C5F60201086820F07000049A126910431B
:107B50000860FFE7FFE7049800780007002819D5C0
:107B6000FFE70498406944F21C41C5F60201096828
:107B700001F0700188420CD9FFE744F21C41C5F6C0
:107B80000201086820F07000049A526910430860EE
:107B9000FFE7FFE704980078C006002819D5FFE743
:107BA0000498806944F21C41C5F60201096801F499
:107BB000E06188420CD9FFE744F21C41C5F602019E
:107BC000086820F4E060049A926910430860FFE7B7
:107BD000FFE7049800788006002819D5FFE704988D
:107BE000C06944F22041C5F60201096801F0700144
:107BF00088420CD9FFE744F22041C5F6020108682B
:107C000020F07000049AD26910430860FFE7FFE794
:107C1000049800788007002819D5FFE70498C06809
:107C200044F21841C5F60201096801F00F018842CB
:107C30000CD9FFE744F21841C5F60201086820F0AC
:107C40000F00049AD26810430860FFE7FFE704982A
:107C50000078C007002800F08C80FFE744F218414C
:107C6000C5F60201086820F47060049A9268104317
:107C7000086004984068022811D1FFE744F20040F0
:107C8000C5F60200006800F400310020B0EB514F4F
:107C900004D1FFE701208DF8170059E13EE0049878
:107CA0004068032811D1FFE744F20040C5F6020006
:107CB000006800F000710020B0EB516F04D1FFE7C5
:107CC00001208DF8170043E127E00498406801285F
:107CD00011D1FFE744F20040C5F60200006800F44D
:107CE00080710020B0EB112F04D1FFE701208DF847
:107CF00017002DE110E044F20040C5F602000068D4
:107D000000F004010020B0EB910F04D1FFE7012047
:107D10008DF817001CE1FFE7FFE7FFE744F2104191
:107D2000C5F60201086820F00700049A5268104363
:107D30000860FEF7D9FA0190FFE744F21040C5F65B
:107D40000200006800F0380004994968B0EBC10FE8
:107D50000ED0FFE7FEF7C8FA0199401A41F28931C7
:107D6000884204D3FFE703208DF81700F0E0E4E732
:107D7000FFE7049800788007002819D5FFE70498EA
:107D8000C06844F21841C5F60201096801F00F010C
:107D900088420CD2FFE744F21841C5F60201086898
:107DA00020F00F00049AD26810430860FFE7FFE755
:107DB000039842F20001C5F20021096801F00F01A9
:107DC000884216D2FFE742F20000C5F200200168A7
:107DD00021F00F01039A11430160006800F00F00C9
:107DE0000399884204D0FFE701208DF81700AFE027
:107DF000FFE7049800784007002819D5FFE70498AA
:107E0000006944F21841C5F60201096801F07001E9
:107E100088420CD2FFE744F21841C5F60201086817
:107E200020F07000049A126910430860FFE7FFE732
:107E3000049800780007002819D5FFE704984069E6
:107E400044F21C41C5F60201096801F07001884244
:107E50000CD2FFE744F21C41C5F60201086820F08D
:107E60007000049A526910430860FFE7FFE7049826
:107E70000078C006002819D5FFE70498806944F20D
:107E80001C41C5F60201096801F4E06188420CD288
:107E9000FFE744F21C41C5F60201086820F4E060E7
:107EA000049A926910430860FFE7FFE7049800789E
:107EB0008006002819D5FFE70498C06944F22041E4
:107EC000C5F60201096801F0700188420CD2FFE793
:107ED00044F22041C5F60201086820F07000049ABF
:107EE000D26910430860FFE7FFE700F089F844F229
:107EF0001842C5F602021168C1F3032342F60421B9
:107F0000C0F60101CB5C03F01F03D840009000983D
:107F1000126802F00F02895C01F01F01C84040F2B4
:107F20000801C2F200410860009840F20401C2F268
:107F30000041086040F21000C2F200400068FEF705
:107F40002BFA8DF80B009DF80B008DF81700FFE75A
:107F50009DF8170006B080BD80B582B000F050F8E3
:107F600044F21842C5F602021168C1F3032342F637
:107F70000421C0F60101CB5C03F01F03D84001903F
:107F80000198126802F00F02895C01F01F0120FACB
:107F900001F140F20800C2F200400160019940F294
:107FA0000402C2F200421160006802B080BD00000D
:107FB00080B5FFF7D1FF44F21C41C5F60201096804
:107FC000C1F3021242F60421C0F60101895C01F0FE
:107FD0001F01C84080BD000080B5FFF7BDFF44F21F
:107FE0001C41C5F602010968C1F3022242F60421D0
:107FF000C0F60101895C01F01F01C84080BD00008E
:108000008AB044F21040C5F60200006800F0380063
:1080100001460191182800F269810199DFE811F009
:108020001900660166016601660166016601660166
:108030003A00660166016601660166016601660135
:10804000400066016601660166016601660166011F
:10805000460044F20040C5F60200006800F020012E
:108060000020B0EB511F0ED0FFE744F20040C5F6F0
:1080700002000068C0F3C10149F20000C0F2D03034
:10808000C840029005E049F20000C0F2D0300290F2
:10809000FFE731E140F60010C0F23D0002902BE115
:1080A00043F20060C0F26E10029025E144F22840D5
:1080B000C5F60200016801F0030108910068C0F3F1
:1080C0000510079044F22C40C5F60200006800F04D
:1080D00001000690069844F23441C5F60201096891
:1080E00089B2C908484300EE100AB8EE400A8DED87
:1080F000040A0798002800F0F580FFE70898009030
:1081000048B1FFE70098012869D0FFE700980228EE
:1081100000F08980ABE044F20040C5F60200006840
:1081200000F020010020B0EB511F33D0FFE744F2F4
:108130000040C5F602000068C0F3C10149F200002A
:10814000C0F2D030C84005909DED050AB8EE400A57
:108150009DED071AB8EE411A80EE010A44F2304054
:10816000C5F6020000686FF35F2001EE100AB8EE5A
:10817000411A9DED042A9FED633A82EE032A31EE07
:10818000021AB7EE002A31EE021A20EE010A8DED36
:10819000030A23E09DED070AB8EE401A9FED5B0A43
:1081A00080EE010A44F23040C5F6020000686FF329
:1081B0005F2001EE100AB8EE411A9DED042A9FEDF2
:1081C000513A82EE032A31EE021AB7EE002A31EE5E
:1081D000021A20EE010A8DED030AFFE76BE09DED28
:1081E000070AB8EE401A9FED480A80EE010A44F2F1
:1081F0003040C5F6020000686FF35F2001EE100A00
:10820000B8EE411A9DED042A9FED3E3A82EE032A14
:1082100031EE021AB7EE002A31EE021A20EE010A00
:108220008DED030A47E09DED070AB8EE401A9FED79
:10823000340A80EE010A44F23040C5F602000068BC
:108240006FF35F2001EE100AB8EE411A9DED042A8B
:108250009FED2C3A82EE032A31EE021AB7EE002A85
:1082600031EE021A20EE010A8DED030A23E09DEDA6
:10827000070AB8EE401A9FED240A80EE010A44F284
:108280003040C5F6020000686FF35F2001EE100A6F
:10829000B8EE411A9DED042A9FED1A3A82EE032AA8
:1082A00031EE021AB7EE002A31EE021A20EE010A70
:1082B0008DED030AFFE744F23040C5F60200006886
:1082C00081B2012000EB512009909DED030A9DED44
:1082D000091AB8EE411A80EE010ABCEEC00A8DED13
:1082E000020A02E000200290FFE705E040F60010DD
:1082F000C0F23D000290FFE702980AB0704700BF4D
:10830000001BB74B000000460024744A0024744C44
:1083100080B58CB00A900A9828B9FFE701208DF843
:108320002F0000F001BD0A980078C007002800F077
:10833000B980FFE744F21040C5F60200006800F083
:108340003800069044F22840C5F602000068059007
:10835000069810280AD0FFE7069818281CD1FFE7D6
:10836000059800F00300022816D1FFE744F2004010
:10837000C5F60200006800F400310020B0EB514F58
:1083800009D0FFE70A98406828B9FFE701208DF877
:108390002F0000F0C9BC84E0FFE70A984068B0F500
:1083A000803F09D1FFE744F20041C5F602010868A9
:1083B00040F48030086032E00A98406868B9FFE70E
:1083C00044F20041C5F60201086820F480300860DC
:1083D000086820F48020086020E00A984068B0F522
:1083E000A02F0DD1FFE744F20041C5F60201086855
:1083F00040F480200860086840F4803008600CE099
:1084000044F20041C5F60201086820F4803008609B
:10841000086820F480200860FFE7FFE7FFE7FFE738
:108420000A984068F0B1FFE7FDF75EFF0990FFE7AB
:1084300044F20040C5F60200006800F4003100205C
:10844000B0EB514F0DD1FFE7FDF74EFF0999401AF0
:10845000652805D3FFE703208DF82F0000F064BCEA
:10846000E6E71DE0FDF740FF0990FFE744F200401A
:10847000C5F60200006800F400310020B0EB514F57
:108480000DD0FFE7FDF730FF0999401A652805D3A5
:10849000FFE703208DF82F0000F046BCE6E7FFE77A
:1084A000FFE7FFE70A9800788007002840F1C580C1
:1084B000FFE744F21040C5F60200006800F0380003
:1084C000049044F22840C5F6020000680390049826
:1084D00050B1FFE70498182850D1FFE79DF80C0031
:1084E000800700284AD1FFE744F20040C5F60200A9
:1084F000006800F004010020B0EB910F09D0FFE705
:108500000A98C06828B9FFE701208DF82F0000F015
:108510000BBC44F20041C5F60201086820F01900C6
:108520000A9AD26810430860FDF7DEFE0990FFE763
:1085300044F20040C5F60200006800F0040100208B
:10854000B0EB910F0CD1FFE7FDF7CEFE0999401A71
:10855000032804D3FFE703208DF82F00E4E3E7E7C7
:1085600044F20441C5F60201086820F0FE400A9A70
:10857000126940EA02600860FFE75DE00A98C0689F
:10858000A0B3FFE744F20041C5F60201086820F0FD
:1085900019000A9AD26810430860FDF7A5FE0990F9
:1085A000FFE744F20040C5F60200006800F0040155
:1085B0000020B0EB910F0CD1FFE7FDF795FE099974
:1085C000401A032804D3FFE703208DF82F00ABE304
:1085D000E7E744F20441C5F60201086820F0FE40D6
:1085E0000A9A126940EA0260086024E044F20041FD
:1085F000C5F60201086820F001000860FDF774FE6E
:108600000990FFE744F20040C5F60200006800F060
:1086100004010020B0EB910F0CD0FFE7FDF764FEE2
:108620000999401A032804D3FFE703208DF82F008F
:108630007AE3E7E7FFE7FFE7FFE70A980078C0067D
:10864000002840F1A080FFE744F21040C5F6020088
:10865000006800F03800029044F22840C5F602009D
:1086600000680190029808280AD0FFE702981828AD
:108670002BD1FFE7019800F00300012825D1FFE787
:1086800044F20040C5F60200006800F4807100204A
:10869000B0EB112F09D0FFE70A98C069802804D0F9
:1086A000FFE701208DF82F003EE3FFE744F20C4185
:1086B000C5F60201086820F07C500A9A126A40EA66
:1086C00002600860FFE7FFE75CE00A98C06998B3C2
:1086D000FFE744F20041C5F60201086840F080005F
:1086E0000860FDF701FE0990FFE744F20040C5F67F
:1086F0000200006800F480710020B0EB112F0CD153
:10870000FFE7FDF7F1FD0999401A032804D3FFE7BD
:1087100003208DF82F0007E3E7E7FFE744F20C4161
:10872000C5F60201086820F07C500A9A126A40EAF5
:1087300002600860FFE724E044F20041C5F6020150
:10874000086820F080000860FDF7CEFD0990FFE783
:1087500044F20040C5F60200006800F48071002079
:10876000B0EB112F0CD0FFE7FDF7BEFD0999401AC1
:10877000032804D3FFE703208DF82F00D4E2E7E7B6
:10878000FFE7FFE7FFE70A980078000700284FD5CA
:10879000FFE70A98406928B3FFE744F27441C5F641
:1087A0000201086840F001000860FDF79DFD099096
:1087B000FFE744F27440C5F60200006800F00201D1
:1087C0000020B0EB510F0CD1FFE7FDF78DFD0999AB
:1087D000401A032804D3FFE703208DF82F00A3E2FB
:1087E000E7E724E044F27441C5F60201086820F08E
:1087F00001000860FDF778FD0990FFE744F274403E
:10880000C5F60200006800F002010020B0EB510F35
:108810000CD0FFE7FDF768FD0999401A032804D33F
:10882000FFE703208DF82F007EE2E7E7FFE7FFE791
:108830000A980078800600284FD5FFE70A988069DB
:1088400028B3FFE744F20041C5F60201086840F48E
:1088500080500860FDF748FD0990FFE744F20040B2
:10886000C5F60200006800F400510020B0EB513F53
:108870000CD1FFE7FDF738FD0999401A032804D30E
:10888000FFE703208DF82F004EE2E7E724E044F2F3
:108890000041C5F60201086820F480500860FDF729
:1088A00023FD0990FFE744F20040C5F6020000688E
:1088B00000F400510020B0EB513F0CD0FFE7FDF772
:1088C00013FD0999401A032804D3FFE703208DF80C
:1088D0002F0029E2E7E7FFE7FFE70A980078400763
:1088E000002840F1A780FFE744F60001C5F6020129
:1088F000086840F480700860FDF7F6FC0990FFE717
:1089000044F60000C5F602000068C00500280CD43B
:10891000FFE7FDF7E9FC0999401A652804D3FFE752
:1089200003208DF82F00FFE1EAE7FFE70A9880684F
:10893000012809D1FFE744F27041C5F60201086839
:1089400040F00100086031E00A98806868B9FFE7EC
:1089500044F27041C5F60201086820F00100086089
:10896000086820F0040008601FE00A988068052865
:108970000DD1FFE744F27041C5F60201086840F0EE
:1089800004000860086840F0010008600CE044F250
:108990007041C5F60201086820F00100086008680F
:1089A00020F004000860FFE7FFE7FFE7FFE70A9811
:1089B0008068F8B1FFE7FDF797FC0990FFE744F204
:1089C0007040C5F60200006800F002010020B0EB24
:1089D000510F0ED1FFE7FDF787FC0999401A41F2CC
:1089E0008931884204D3FFE703208DF82F009BE1F3
:1089F000E5E71EE0FDF778FC0990FFE744F27040E0
:108A0000C5F60200006800F002010020B0EB510F33
:108A10000ED0FFE7FDF768FC0999401A41F2893151
:108A2000884204D3FFE703208DF82F007CE1E5E7BF
:108A3000FFE7FFE70A98406A002800F07181FFE72E
:108A400044F21040C5F60200006800F03800182813
:108A500000F0E080FFE70A98406A022840F0B48006
:108A6000FFE744F20041C5F60201086820F080707B
:108A70000860FDF739FC0990FFE744F20040C5F6B5
:108A80000200006800F000710020B0EB516F0CD0C4
:108A9000FFE7FDF729FC0999401A032804D3FFE7F3
:108AA00003208DF82F003FE1E7E7FFE744F228417C
:108AB000C5F60201086840F2F33290430A9B9A6AB5
:108AC000DB6A42EA0312104308600A99086BD1F886
:108AD00034C08B6BCA6B01386FF35F204FF60061B7
:108AE000CFF6FF7101EB4C2189B208440021CFF68B
:108AF000FF7101EB034101F4FE0108444FF07F4197
:108B000001EB026101F0FE41084444F23041C5F638
:108B100002010860FFE744F22C41C5F60201009112
:108B2000086820F00100086044F23442C5F60202F1
:108B300010684FF6F87398430A9B9B6C40EAC30099
:108B40001060086820F00C000A9A126C104308604C
:108B5000086820F002000A9A526C10430860086806
:108B600040F480300860086840F40030086008680D
:108B700040F480200860086840F00100086044F27A
:108B80000041C5F60201086840F080700860FDF7FA
:108B9000ABFB0990FFE744F20040C5F60200006815
:108BA00000F000710020B0EB516F0CD1FFE7FDF732
:108BB0009BFB0999401A032804D3FFE703208DF893
:108BC0002F00B1E0E7E724E044F20041C5F60201DE
:108BD000086820F080700860FDF786FB0990FFE7C9
:108BE00044F20040C5F60200006800F00071002069
:108BF000B0EB516F0CD0FFE7FDF776FB0999401AF7
:108C0000032804D3FFE703208DF82F008CE0E7E76B
:108C1000FFE784E044F22840C5F6020000680890AF
:108C200044F23040C5F60200006807900A98406A96
:108C3000012837D0FFE7089800F003000A99896AF5
:108C400088422FD1FFE7089800F47C710A98C06A27
:108C5000B0EB111F26D1FFE707986FF35F200A9949
:108C6000096B013988421DD1FFE7BDF81C100A9835
:108C7000406B0138B0EB512F14D1FFE7079800F497
:108C8000FE010A98806B0138B0EB114F0AD1FFE763
:108C9000079800F0FE410A98C06B0138B0EB116FE5
:108CA00004D0FFE701208DF82F003DE044F234406E
:108CB000C5F60200006880B2C00808900A98806C6F
:108CC0000899884229D0FFE744F22C41C5F60201F9
:108CD000086820F001000860FDF706FB0990FFE737
:108CE000FDF702FB0999401A08B9FFE7F8E744F2DB
:108CF0003441C5F6020108684FF6F87290430A9AAB
:108D0000926C40EAC200086044F22C41C5F60201B0
:108D1000086840F001000860FFE7FFE7FFE7FFE7B2
:108D200000208DF82F00FFE79DF82F000CB080BDCC
:108D300080B582B00190019802F086FF02B080BD3C
:108D400081B0009001B0704781B0009001B07047D1
:108D500081B0009001B0704785B003900291FFE7A9
:108D6000039890F83C00012804D1FFE702208DF819
:108D70001300ABE00399012081F83C00FFE7FFE717
:108D80000399022081F83D00039800684068019033
:108D90000398006880680090039800680021C4F27E
:108DA0000101884209D0FFE70398006840F20041C2
:108DB000C4F2010188420AD1FFE7019820F4700053
:108DC000019002984168019808430190FFE70198DB
:108DD00020F070000190029801680198084301900A
:108DE0000198039909684860039800680021C4F25B
:108DF000010188424ED0FFE703980068B0F1804F30
:108E000048D0FFE70398006840F20041C4F2000137
:108E100088423FD0FFE70398006840F60001C4F2A3
:108E20000001884236D0FFE70398006840F6004111
:108E3000C4F2000188422DD0FFE70398006840F299
:108E40000041C4F20101884224D0FFE70398006882
:108E500041F60001C4F2000188421BD0FFE70398ED
:108E6000006844F20001C4F20101884212D0FFE719
:108E7000039800684EF20001C4F20001884209D054
:108E8000FFE7039800684EF20041C4F200018842F7
:108E90000ED1FFE7009820F08000009002988168D2
:108EA0000098084300900098039909688860FFE7DC
:108EB0000399012081F83D00FFE70399002081F824
:108EC0003C00FFE700208DF81300FFE79DF813003A
:108ED00005B070470000000080B582B00090009897
:108EE00020B9FFE701208DF8070045E0009890F8D1
:108EF0003D0040B9FFE70099002081F83C00009850
:108F000000F03EF8FFE70099022081F83D0000994B
:108F100051F8040B02F0E0FF0099012081F84800AD
:108F2000FFE70099012081F83E00009981F83F0099
:108F3000009981F84000009981F84100009981F87A
:108F40004200009981F84300FFE7FFE70099012004
:108F500081F84400009981F84500009981F84600A5
:108F6000009981F84700FFE70099012081F83D0052
:108F700000208DF80700FFE79DF8070002B080BDD4
:108F800080B586B005900598006840F60001C4F2EF
:108F90000001884219D1FFE7FFE744F2E840C5F637
:108FA0000200016841F004010160006800F0040063
:108FB00004900498FFE71E20029000221146FDF75E
:108FC0004FFA0298FDF740FA22E00598006840F653
:108FD0000041C4F20001884219D1FFE7FFE744F2E3
:108FE000E840C5F60200016841F008010160006830
:108FF00000F0080003900398FFE732200190002260
:109000001146FDF72DFA0198FDF71EFAFFE7FFE77D
:1090100006B080BD0000000083B00190019890F878
:109020003D00012804D0FFE701208DF80B0083E00C
:109030000199022081F83D0001980168C86840F05C
:109040000100C860019800680021C4F20101884253
:109050004ED0FFE701980068B0F1804F48D0FFE79D
:109060000198006840F20041C4F2000188423FD0FC
:10907000FFE70198006840F60001C4F20001884251
:1090800036D0FFE70198006840F60041C4F20001C5
:1090900088422DD0FFE70198006840F20041C4F2F9
:1090A0000101884224D0FFE70198006841F60001E1
:1090B000C4F2000188421BD0FFE70198006844F227
:1090C0000001C4F20101884212D0FFE70198006854
:1090D0004EF20001C4F20001884209D0FFE7019876
:1090E00000684EF20041C4F20001884219D1FFE746
:1090F0000198006880680721C0F2010108400090D3
:10910000009806280CD0FFE70098B0F5803F07D004
:10911000FFE701980168086840F001000860FFE778
:1091200006E001980168086840F001000860FFE768
:1091300000208DF80B00FFE79DF80B0003B070478F
:1091400080B586B00490039100208DF80B00FFE7F6
:10915000049890F83C00012804D1FFE702208DF824
:109160001700D1E00499012081F83C00FFE7FFE7F8
:109170000499022081F83D000498006880680190FD
:1091800001984FF68871CFF6CE7108400190019892
:1091900020F47F4001900198049909688860039841
:1091A00000680090002800F09580FFE700981028E4
:1091B00000F09080FFE70098202800F08B80FFE708
:1091C0000098302800F08680FFE70098402874D08F
:1091D000FFE70098502856D0FFE7009860285FD03E
:1091E000FFE7009870282AD0FFE70098B0F5805F6D
:1091F00024D0FFE70098B0F5005F35D0FFE7009876
:10920000B0F5801F66D0FFE70098B0F1101F61D065
:10921000FFE700982021C0F2100188425AD0FFE7F2
:1092200000983021C0F21001884253D0FFE7009827
:109230004021C0F2100188424CD052E055E0049821
:109240000068039B5A689968DB6802F049FF04983C
:10925000006880680190019840F0770001900198C3
:1092600004990968886040E004980068039B5A6884
:109270009968DB6802F034FF04980168886840F45C
:109280008040886031E004980068039A5168D26891
:1092900003F0B6FA04980068502102F03DFF24E084
:1092A00004980068039A5168D26803F0D1FA0498D0
:1092B0000068602102F030FF17E004980068039A0C
:1092C0005168D26803F09CFA04980068402102F0CB
:1092D00023FF0AE0049800680399096802F01CFF64
:1092E00003E001208DF80B00FFE70499012081F8CD
:1092F0003D00FFE70499002081F83C00FFE79DF85E
:109300000B008DF81700FFE79DF8170006B080BD31
:1093100081B0009001B0704780B584B0039003988D
:109320000068C068029003980068006901909DF889
:1093300004008007002824D5FFE79DF80800800777
:1093400000281DD5FFE7039801686FF0020008614F
:10935000039901200877039800688069800720B18D
:10936000FFE70398FFF7D4FF06E0039800F058F9F1
:10937000039800F0BDFAFFE7039900200877FFE7A4
:10938000FFE79DF804004007002825D5FFE79DF87A
:109390000800400700281ED5FFE7039801686FF01A
:1093A0000400086103990220087703980068806927
:1093B00010F4407F04D0FFE70398FFF7A9FF06E011
:1093C000039800F02DF9039800F092FAFFE7039953
:1093D00000200877FFE7FFE79DF80400000700285A
:1093E00024D5FFE79DF80800000700281DD5FFE7FA
:1093F000039801686FF0080008610399042008775A
:1094000003980068C069800720B1FFE70398FFF761
:109410007FFF06E0039800F003F9039800F068FA74
:10942000FFE7039900200877FFE7FFE79DF80400B6
:10943000C006002825D5FFE79DF80800C0060028D3
:109440001ED5FFE7039801686FF0100008610399CB
:109450000820087703980068C06910F4407F04D0A2
:10946000FFE70398FFF754FF06E0039800F0D8F8F1
:10947000039800F03DFAFFE7039900200877FFE723
:10948000FFE79DF80400C00778B1FFE79DF80800EA
:10949000C00748B1FFE7039801686FF00100086159
:1094A000039800F07DFBFFE7FFE7019800F08000E4
:1094B000802806D0FFE79DF805008006002810D51B
:1094C000FFE79DF808000006002809D5FFE703988C
:1094D00001686FF4025008610398FFF735FCFFE75D
:1094E000FFE79DF80500C00780B1FFE79DF8080081
:1094F0000006002809D5FFE7039801686FF4807023
:1095000008610398FFF71CFCFFE7FFE79DF80400E4
:109510004006002810D5FFE79DF808004006002807
:1095200009D5FFE7039801686FF0400008610398D0
:1095300000F0D2FCFFE7FFE79DF80400800600285A
:1095400010D5FFE79DF808008006002809D5FFE741
:10955000039801686FF0200008610398FFF7F8FB9B
:10956000FFE7FFE704B080BD80B588B0079000201A
:10957000069005900490039002900798006840F2CE
:109580000041C4F2000188421ED1FFE7FFE744F228
:10959000E040C5F60200016841F002010160006888
:1095A00000F0020001900198FFE702200290039072
:1095B000002104910591069040F20040C5F602009A
:1095C00002A9FCF78DFC29E00798006841F600012C
:1095D000C4F20001884220D1FFE7FFE744F2E040F7
:1095E000C5F60200016841F002010160006800F068
:1095F000020000900098FFE74FF400400290022024
:109600000390002104910591069040F20040C5F6B8
:10961000020002A9FCF764FCFFE7FFE708B080BD89
:1096200081B0009001B0704780B586B0049003917E
:10963000029200208DF80700FFE7049890F83C00A4
:10964000012804D1FFE702208DF81700C0E004993B
:10965000012081F83C00FFE7FFE702980090142802
:1096600000F2A7800099DFE801F00BA4A4A424A4D1
:10967000A4A43EA4A4A457A4A4A471A4A4A48A004E
:1096800004980068039902F05FFD049801688869F6
:1096900040F00800886104980168886920F004009F
:1096A0008861039802690498016888691043886199
:1096B00083E004980068039902F0EEFD04980168C5
:1096C000886940F40060886104980168886920F422
:1096D000806088610398026904980168886940EA9B
:1096E0000220886169E004980068039902F08CFE0A
:1096F00004980168C86940F00800C86104980168CE
:10970000C86920F00400C8610398026904980168E0
:10971000C8691043C86150E004980068039902F0DA
:109720002BFF04980168C86940F40060C861049880
:109730000168C86920F48060C861039802690498D0
:109740000168C86940EA0220C86136E004980068F0
:10975000039902F081FF04980168486D40F0080009
:10976000486504980168486D20F004004865039836
:10977000026904980168486D104348651DE004982B
:109780000068039902F0D0FF04980168486D40F426
:109790000060486504980168486D20F48060486561
:1097A0000398026904980168486D40EA0220486500
:1097B00003E001208DF80700FFE7FFE70499002090
:1097C00081F83C00FFE79DF807008DF81700FFE7E0
:1097D0009DF8170006B080BD80B582B0009000985B
:1097E00020B9FFE701208DF8070045E0009890F8C8
:1097F0003D0040B9FFE70099002081F83C00009847
:1098000000F03EF8FFE70099022081F83D00009942
:1098100051F8040B02F060FB0099012081F8480028
:10982000FFE70099012081F83E00009981F83F0090
:10983000009981F84000009981F84100009981F871
:109840004200009981F84300FFE7FFE700990120FB
:1098500081F84400009981F84500009981F846009C
:10986000009981F84700FFE70099012081F83D0049
:1098700000208DF80700FFE79DF8070002B080BDCB
:1098800083B002900298006840F20041C4F20001E7
:10989000884210D1FFE7FFE744F2E840C5F6020036
:1098A000016841F002010160006800F002000190CF
:1098B0000198FFE719E00298006841F60001C4F240
:1098C0000001884210D1FFE7FFE744F2E840C5F607
:1098D0000200016841F040010160006800F04000B2
:1098E00000900098FFE7FFE7FFE703B07047000034
:1098F00081B0009001B0704780B590B00E900D918E
:109900000D9828B9FFE70E9890F83E000B9034E0D0
:109910000D98042805D1FFE70E9890F83F000A90B3
:1099200028E00D98082805D1FFE70E9890F8400030
:1099300009901CE00D980C2805D1FFE70E9890F8CF
:109940004100089010E00D98102805D1FFE70E980F
:1099500090F84200079004E00E9890F843000790BA
:10996000FFE707980890FFE708980990FFE7099834
:109970000A90FFE70A980B90FFE70B98012804D0A4
:10998000FFE701208DF83F0003E10D9828B9FFE7BC
:109990000E99022081F83E0038E00D98042806D187
:1099A000FFE70E99022081F83F0006902CE00D9809
:1099B000082806D1FFE70E99022081F840000590A3
:1099C0001FE00D980C2806D1FFE70E99022081F8C0
:1099D0004100049012E00D98102806D1FFE70E997F
:1099E000022081F84200039005E00E99022081F8E0
:1099F00043000390FFE703980490FFE70498059065
:109A0000FFE705980690FFE70698FFE70E980068C5
:109A10000D990122019202F047FB01980E99096805
:109A20000022C4F20102914202902DD0FFE70E986D
:109A30000168012040F20042C4F20102914202900A
:109A400022D0FFE70E980168012044F20002C4F220
:109A500001029142029017D0FFE70E9801680120A1
:109A600044F20042C4F20102914202900CD0FFE79E
:109A70000E9800684BF60001CBF6FE710844B0FA70
:109A800080F040090290FFE70298C00738B1FFE775
:109A90000E980168486C40F400404864FFE70E9857
:109AA00000680021C4F2010188424ED0FFE70E9801
:109AB0000068B0F1804F48D0FFE70E98006840F290
:109AC0000041C4F2000188423FD0FFE70E980068D1
:109AD00040F60001C4F20001884236D0FFE70E983C
:109AE000006840F60041C4F2000188422DD0FFE733
:109AF0000E98006840F20041C4F20101884224D06F
:109B0000FFE70E98006841F60001C4F200018842A8
:109B10001BD0FFE70E98006844F20001C4F2010177
:109B2000884212D0FFE70E9800684EF20001C4F29E
:109B30000001884209D0FFE70E9800684EF200410C
:109B4000C4F20001884219D1FFE70E9800688068CE
:109B50000721C0F2010108400C900C9806280CD097
:109B6000FFE70C98B0F5803F07D0FFE70E9801683B
:109B7000086840F001000860FFE706E00E98016801
:109B8000086840F001000860FFE700208DF83F0002
:109B9000FFE79DF83F0010B080BD0000000000000E
:109BA00080B582B0019042F6A840C2F20040007831
:109BB000C00708B9FFE78AE1019800680021C4F2F4
:109BC000010188420FD1FFE740F26020C2F200405D
:109BD000406838B1FFE740F26020C2F200404068C0
:109BE0008047FFE773E101980068B0F1804F0FD123
:109BF000FFE740F27820C2F20040406838B1FFE74A
:109C000040F27820C2F2004040688047FFE75DE103
:109C10000198006840F20041C4F2000188420FD16F
:109C2000FFE740F28020C2F20040406838B1FFE711
:109C300040F28020C2F2004040688047FFE744E1E4
:109C40000198006840F60001C4F2000188420FD17B
:109C5000FFE740F28820C2F20040406838B1FFE7D9
:109C600040F28820C2F2004040688047FFE72BE1C5
:109C70000198006840F60041C4F2000188420FD10B
:109C8000FFE740F29020C2F20040406838B1FFE7A1
:109C900040F29020C2F2004040688047FFE712E1A6
:109CA0000198006841F20001C4F2000188420FD11E
:109CB000FFE740F29820C2F20040406838B1FFE769
:109CC00040F29820C2F2004040688047FFE7F9E088
:109CD0000198006841F20041C4F2000188420FD1AE
:109CE000FFE740F2A020C2F20040406838B1FFE731
:109CF00040F2A020C2F2004040688047FFE7E0E069
:109D00000198006840F20041C4F2010188420FD17D
:109D1000FFE740F2A820C2F20040406838B1FFE7F8
:109D200040F2A820C2F2004040688047FFE7C7E049
:109D30000198006841F60001C4F2000188420FD189
:109D4000FFE740F23020C2F20040406838B1FFE740
:109D500040F23020C2F2004040688047FFE7AEE0AA
:109D60000198006841F60041C4F2000188420FD119
:109D7000FFE740F23820C2F20040406838B1FFE708
:109D800040F23820C2F2004040688047FFE795E08B
:109D90000198006842F20001C4F2000188420FD12C
:109DA000FFE740F24020C2F20040406838B1FFE7D0
:109DB00040F24020C2F2004040688047FFE77CE06C
:109DC0000198006844F20001C4F2010188420FD1F9
:109DD000FFE740F24820C2F20040406838B1FFE798
:109DE00040F24820C2F2004040688047FFE763E04D
:109DF0000198006844F20041C4F2010188420FD189
:109E0000FFE740F25020C2F20040406838B1FFE75F
:109E100040F25020C2F2004040688047FFE74AE02D
:109E20000198006844F60001C4F2010188420FD194
:109E3000FFE740F25820C2F20040406838B1FFE727
:109E400040F25820C2F2004040688047FFE731E00E
:109E5000019800684EF20001C4F2000188420FD15F
:109E6000FFE740F26820C2F20040406838B1FFE7E7
:109E700040F26820C2F2004040688047FFE718E0E7
:109E8000019800684EF20041C4F2000188420FD1EF
:109E9000FFE740F27020C2F20040406838B1FFE7AF
:109EA00040F27020C2F2004040688047FFE7FFE7C1
:109EB000FFE7FFE7FFE7FFE7FFE7FFE7FFE7FFE772
:109EC000FFE7FFE7FFE7FFE7FFE7FFE7FFE702B096
:109ED00080BD00000000000081B0009001B070471C
:109EE00083B00190FFE7019890F88400012804D125
:109EF000FFE702208DF80B002CE00199012081F88A
:109F00008400FFE7FFE701992420C1F88800019849
:109F100000680068009001980168086820F001005E
:109F20000860009820F000500090019900204866D9
:109F3000009801990968086001992020C1F88800FB
:109F4000FFE70199002081F88400FFE700208DF8E9
:109F50000B00FFE79DF80B0003B070470000000006
:109F600080B586B004900391ADF80A200498D0F82B
:109F70008C00202844D1FFE7039820B1FFE7BDF80B
:109F80000A0020B9FFE701208DF817003CE0049992
:109F90000120C86604990020086704980399BDF859
:109FA0000A2003F02DFD8DF809009DF8090010BB73
:109FB000FFE70498C06E012818D1FFE704980168F4
:109FC00010200862FFE7FFE70498006850E8000FE0
:109FD00040F010000190FFE701990498026842E800
:109FE00000100028F0D1FFE7FFE703E001208DF823
:109FF0000900FFE7FFE79DF809008DF8170003E06F
:10A0000002208DF81700FFE79DF8170006B080BD0D
:10A0100080B582B00190ADF802100198006841F25D
:10A020000001C4F20101884220D1FFE740F2BC40A8
:10A03000C2F20040D0F8080260B1FFE740F2BC4035
:10A04000C2F20040D0F80822BDF8021000F582707C
:10A050009047FFE7019840F2BC41C2F20041B1F8DD
:10A06000042201F58271FFF77BFF79E10198006816
:10A0700044F20041C4F20001884220D1FFE740F2DF
:10A08000C860C2F20040D0F8080260B1FFE740F2B9
:10A09000C860C2F20040D0F80822BDF8021000F5F6
:10A0A00082709047FFE7019840F2C861C2F2004118
:10A0B000B1F8042201F58271FFF752FF4FE10198D8
:10A0C000006844F60001C4F20001884220D1FFE795
:10A0D00040F6D400C2F20040D0F8080260B1FFE7B9
:10A0E00040F6D400C2F20040D0F80822BDF80210B9
:10A0F00000F582709047FFE7019840F6D401C2F264
:10A100000041B1F8042201F58271FFF729FF25E132
:10A110000198006844F60041C4F20001884220D151
:10A12000FFE740F6E020C2F20040D0F8080260B13C
:10A13000FFE740F6E020C2F20040D0F80822BDF868
:10A14000021000F582709047FFE7019840F6E02189
:10A15000C2F20041B1F8042201F58271FFF700FF5D
:10A16000FBE00198006845F20001C4F2000188425A
:10A1700020D1FFE740F6EC40C2F20040D0F80802E0
:10A1800060B1FFE740F6EC40C2F20040D0F8082290
:10A19000BDF8021000F582709047FFE7019840F685
:10A1A000EC41C2F20041B1F8042201F58271FFF7DF
:10A1B000D7FED1E00198006841F20041C4F20101EC
:10A1C000884220D1FFE740F6F860C2F20040D0F8A4
:10A1D000080260B1FFE740F6F860C2F20040D0F834
:10A1E0000822BDF8021000F582709047FFE7019841
:10A1F00040F6F861C2F20041B1F8042201F5827123
:10A20000FFF7AEFEA7E00198006847F60001C4F230
:10A210000001884220D1FFE741F20410C2F2004061
:10A22000D0F8080260B1FFE741F20410C2F200402A
:10A23000D0F80822BDF8021000F582709047FFE7C1
:10A24000019841F20411C2F20041B1F8042201F573
:10A250008271FFF785FE7DE00198006847F60041B6
:10A26000C4F20001884220D1FFE741F21030C2F26F
:10A270000040D0F8080260B1FFE741F21030C2F2AE
:10A280000040D0F80822BDF8021000F58270904717
:10A29000FFE7019841F21031C2F20041B1F8042207
:10A2A00001F58271FFF75CFE53E00198006841F60A
:10A2B0000001C4F20101884220D1FFE741F21C50A5
:10A2C000C2F20040D0F8080260B1FFE741F21C5032
:10A2D000C2F20040D0F80822BDF8021000F58270EA
:10A2E0009047FFE7019841F21C51C2F20041B1F8DA
:10A2F000042201F58271FFF733FE29E0019800681E
:10A3000041F60041C4F20101884220D1FFE740F24A
:10A31000B020C2F20040D0F8080260B1FFE740F27E
:10A32000B020C2F20040D0F80822BDF8021000F5BB
:10A3300082709047FFE7019840F2B021C2F20041DD
:10A34000B1F8042201F58271FFF70AFEFFE7FFE78B
:10A35000FFE7FFE7FFE7FFE7FFE7FFE7FFE7FFE7CD
:10A3600002B080BD0000000081B0009001B07047D5
:10A3700080B584B002900191FFE7029890F88400C4
:10A38000012804D1FFE702208DF80F0032E0029986
:10A39000012081F88400FFE7FFE702992420C1F83B
:10A3A00088000298006800680090029801680868B8
:10A3B00020F00100086002980068806820F060606A
:10A3C00001990843029909688860029802F0D4FA5A
:10A3D000009802990968086002992020C1F8880055
:10A3E000FFE70299002081F88400FFE700208DF844
:10A3F0000F00FFE79DF80F0004B080BD00000000D3
:10A4000080B584B002900191FFE7029890F8840033
:10A41000012804D1FFE702208DF80F0032E00299F5
:10A42000012081F88400FFE7FFE702992420C1F8AA
:10A430008800029800680068009002980168086827
:10A4400020F00100086002980068806820F06040F9
:10A4500001990843029909688860029802F08CFA11
:10A46000009802990968086002992020C1F88800C4
:10A47000FFE70299002081F88400FFE700208DF8B3
:10A480000F00FFE79DF80F0004B080BD0000000042
:10A4900081B0009001B0704781B0009001B070476A
:10A4A00081B0009001B0704780B592B011901198C2
:10A4B0000068C06910901198006800680F901198AA
:10A4C000006880680E90109840F60F0108400D90CB
:10A4D0000D98E0B9FFE79DF840008006002815D5EB
:10A4E000FFE79DF83C008006002806D4FFE79DF8B2
:10A4F0003B00C006002809D5FFE71198406F20B146
:10A50000FFE71198416F8847FFE72FE3FFE70D98BA
:10A51000002800F00C81FFE70E980121C1F2000134
:10A52000084209D1FFE70F9840F22011C0F2004124
:10A53000084200F0FC80FFE79DF84000C00788B1AA
:10A54000FFE79DF83D00C00760B1FFE71198016883
:10A55000012008621199D1F8900040F00100C1F883
:10A560009000FFE79DF840008007002811D5FFE725
:10A570009DF83800C00760B1FFE71198016802201C
:10A5800008621199D1F8900040F00400C1F89000E1
:10A59000FFE79DF840004007002811D5FFE79DF830
:10A5A0003800C00760B1FFE7119801680420086215
:10A5B0001199D1F8900040F00200C1F89000FFE737
:10A5C0009DF840000007002819D5FFE79DF83C00E2
:10A5D0008006002807D4FFE70E980121C1F2000190
:10A5E00008420CD0FFE71198016808200862119911
:10A5F000D1F8900040F00800C1F89000FFE79DF806
:10A6000041000007002813D5FFE79DF83F004007F1
:10A6100000280DD5FFE7119801684FF4006008622B
:10A620001199D1F8900040F02000C1F89000FFE7A8
:10A630001198D0F89000002878D0FFE79DF84000EE
:10A640008006002815D5FFE79DF83C00800600280D
:10A6500006D4FFE79DF83B00C006002809D5FFE7B8
:10A660001198406F20B1FFE71198416F8847FFE7CD
:10A67000FFE71198D0F890000C901198006880685E
:10A6800000F04000402806D0FFE79DF8300010F0B1
:10A69000280F42D0FFE7119802F0E6FB11980068FE
:10A6A00080684006002833D5FFE7FFE7FFE71198F1
:10A6B000006850E8020F20F040000B90FFE70B9974
:10A6C0001198026842E802100028F0D1FFE7FFE786
:10A6D0001198D0F88000B0B1FFE71198D0F8801041
:10A6E0004CF69140C0F6000008651198D0F8800043
:10A6F000F7F7F6FB30B1FFE71198D0F88000016D55
:10A700008847FFE703E01198FFF7CAFEFFE703E081
:10A710001198FFF7C5FEFFE707E01198FFF7C0FEAD
:10A7200011990020C1F89000FFE7FFE71EE21198A1
:10A73000C06E012840F0BB81FFE79DF84000C006D5
:10A74000002840F1B481FFE79DF83C00C0060028D6
:10A7500040F1AD81FFE7119801681020086211985F
:10A76000006880684006002840F13F81FFE71198AB
:10A77000D0F8800000681021C4F20201884200F085
:10A78000A280FFE71198D0F8800000682821C4F269
:10A790000201884200F09780FFE71198D0F880000E
:10A7A00000684021C4F20201884200F08C80FFE77B
:10A7B0001198D0F8800000685821C4F20201884244
:10A7C00000F08180FFE71198D0F8800000687021C8
:10A7D000C4F20201884276D0FFE71198D0F88000D9
:10A7E00000688821C4F2020188426CD0FFE711980A
:10A7F000D0F880000068A021C4F20201884262D033
:10A80000FFE71198D0F880000068B821C4F2020177
:10A81000884258D0FFE71198D0F88000006840F2D5
:10A820001041C4F2020188424DD0FFE71198D0F8E0
:10A830008000006840F22841C4F20201884242D000
:10A84000FFE71198D0F88000006840F24041C4F260
:10A850000201884237D0FFE71198D0F880000068E5
:10A8600040F25841C4F2020188422CD0FFE711980F
:10A87000D0F88000006840F27041C4F202018842C2
:10A8800021D0FFE71198D0F88000006840F288419D
:10A89000C4F20201884216D0FFE71198D0F8800078
:10A8A000006840F2A041C4F2020188420BD0FFE7E9
:10A8B0001198D0F88000006840F2B841C4F202015B
:10A8C000884207D1FFE71198D0F8800000684068FF
:10A8D000019006E01198D0F880000068406801906F
:10A8E000FFE70198ADF82A00BDF82A0000287BD0C8
:10A8F000FFE7BDF82A001199B1F85C10884273DABD
:10A90000FFE7BDF82A001199A1F85E001198D0F870
:10A910008000C069B0F5807F59D0FFE7FFE7FFE70F
:10A920001198006850E8000F20F480700990FFE74C
:10A9300009991198026842E800100028F0D1FFE759
:10A94000FFE7FFE7FFE71198006850E8020F20F0EB
:10A9500001000890FFE708991198026842E8021088
:10A960000028F0D1FFE7FFE7FFE7FFE71198006855
:10A9700050E8020F20F040000790FFE70799119878
:10A98000026842E802100028F0D1FFE7FFE71199C2
:10A990002020C1F88C0011990020C866FFE7FFE76E
:10A9A0001198006850E8000F20F010000690FFE7B3
:10A9B00006991198026842E800100028F0D1FFE7DC
:10A9C000FFE71198D0F88000F6F7CEFDFFE7119968
:10A9D000022008671198B0F85C10B0F85E20891A60
:10A9E00089B2FFF715FBFFE7C0E01199B1F85C00F1
:10A9F000B1F85E10401AADF816001198B0F85E007C
:10AA0000002853D0FFE7BDF8160000284ED0FFE71E
:10AA1000FFE7FFE71198006850E8000F20F49070FE
:10AA20000490FFE704991198026842E8001000289A
:10AA3000F0D1FFE7FFE7FFE7FFE71198006850E874
:10AA4000020F4FF6FE71CEF6FF7108400390FFE74C
:10AA500003991198026842E802100028EDD1FFE73F
:10AA6000FFE711992020C1F88C0011990020C866D9
:10AA700011994867FFE7FFE71198006850E8000F59
:10AA800020F010000290FFE702991198026842E856
:10AA900000100028F0D1FFE7FFE7119902200867B6
:10AAA0001198BDF81610FFF7B3FAFFE75EE09DF8C6
:10AAB0004200C00600280FD5FFE79DF83A00400687
:10AAC000002809D5FFE7119801684FF4801008624B
:10AAD0001198FFF7E1FC49E09DF8400000060028CE
:10AAE00015D5FFE79DF83C000006002806D4FFE7D7
:10AAF0009DF83A000006002809D5FFE71198806FFD
:10AB000020B1FFE71198816F8847FFE72EE09DF89D
:10AB10004000400600280AD5FFE79DF83C004006AB
:10AB2000002804D5FFE7119802F0EEF91EE09DF829
:10AB30004200000600280AD5FFE79DF83F004006C6
:10AB4000002804D5FFE71198FFF7A2FC0EE09DF85E
:10AB50004300C00750B1FFE79DF83F000006002802
:10AB600004D5FFE71198FFF7FFFBFFE712B080BDA8
:10AB700080B582B00090009820B9FFE701208DF8E1
:10AB8000070046E00098806908B1FFE700E0FFE7B2
:10AB90000098D0F8880040B9FFE70099002081F8BC
:10ABA0008400009800F03CF8FFE700992420C1F8E9
:10ABB000880000980168086820F00100086000988B
:10ABC000806A20B1FFE7009801F01AFFFFE70098C4
:10ABD00002F0EEF9012804D1FFE701208DF807000B
:10ABE00017E000980168486820F490404860009899
:10ABF0000168886820F02A00886000980168086869
:10AC000040F001000860009801F09EFF8DF80700F9
:10AC1000FFE79DF8070002B080BD000000000000C3
:10AC200080B5CCB04B9000204A9049904890479016
:10AC3000469018A8B821F5F7AAFC4B98006845F291
:10AC40000001C4F20001884240F09680FFE7002036
:10AC5000199002211891359018A8FBF739FF18B107
:10AC6000FFE7F6F7A1FAFFE7FFE744F2E840C5F691
:10AC70000200016841F480110160006800F4801056
:10AC800017901798FFE7FFE744F2E040C5F602008F
:10AC9000016841F002010160006800F002001690B6
:10ACA0001698FFE7FFE744F2E040C5F602000168AE
:10ACB00041F008010160006800F008001590159847
:10ACC000FFE74FF40050469002200D90479000207F
:10ACD0000F90489049900E204A9040F20040C5F6EF
:10ACE000020046A90E91FBF7FBF80D9A0E990F98FA
:10ACF0000423469347924890499008204A9040F692
:10AD00000040C5F60200FBF7EBF80F9942F28450C1
:10AD1000C2F20040109040F21042C4F202020260FF
:10AD2000412242608160C1604FF4806202614161F2
:10AD300081614FF48072C2614FF44032026241621D
:10AD4000F8F706FD18B1FFE7F6F72EFAFFE7FFE781
:10AD50004B9842F28451C2F20041C0F880104B98E7
:10AD60008863FFE735200C9000221146FBF778FB43
:10AD70000C98FBF769FB52E14B98006841F2000127
:10AD8000C4F20101884240F09780FFE7002019904B
:10AD900001211891369018A8FBF79AFE18B1FFE729
:10ADA000F6F702FAFFE7FFE744F2F040C5F60200CB
:10ADB000016841F010010160006800F0100014907B
:10ADC0001498FFE7FFE744F2E040C5F6020001688F
:10ADD00041F001010160006800F001001390139838
:10ADE000FFE74FF4C06046900220479000200A9091
:10ADF0004890499007204A900020C5F6020046A9D5
:10AE0000FBF76EF80A9942F2EC60C2F200400B9038
:10AE10002822C4F202020260292242608160C160DD
:10AE20004FF48062026141618161C16101624162EE
:10AE3000F8F78EFC18B1FFE7F6F7B6F9FFE7FFE782
:10AE40004B9842F2EC61C2F20041C0F880104B987E
:10AE50008863FFE742F26470C2F20040099040212B
:10AE6000C4F2020101602A21416040218160002179
:10AE7000C1604FF48062026141618161C161016220
:10AE80004162F8F765FC18B1FFE7F6F78DF9FFE7C7
:10AE9000FFE74B9842F26471C2F20041C1674B98E0
:10AEA0008863FFE72520089000221146FBF7D8FAB7
:10AEB0000898FBF7C9FAB1E04B98006841F60041E9
:10AEC000C4F20101884240F0A880FFE700201990F9
:10AED00001211891369018A8FBF7FAFD18B1FFE789
:10AEE000F6F762F9FFE7FFE744F2F040C5F602002B
:10AEF000016841F080010160006800F0800012905C
:10AF00001298FFE7FFE744F2E040C5F6020001684F
:10AF100041F010010160006800F0100011901198DC
:10AF2000FFE70420469002210391479100210691FA
:10AF3000489149914A9041F20000C5F60200049000
:10AF400046A90591FAF7CCFF039B04980599069A48
:10AF50004FF0080CCDF818C14793489249920B2244
:10AF60004A92FAF7BDFF069942F2FC50C2F2004045
:10AF700007905822C4F20202026076224260816089
:10AF8000C1604FF48062026141618161C16101620F
:10AF90004162F8F7DDFB18B1FFE7F6F705F9FFE7C7
:10AFA000FFE74B9842F2FC51C2F20041C0F880101A
:10AFB0004B988863FFE742F27460C2F2004002904F
:10AFC0007021C4F20201016077214160402181605B
:10AFD0000021C1604FF48062026141618161C16101
:10AFE00001624162F8F7B4FB18B1FFE7F6F7DCF84D
:10AFF000FFE7FFE74B9842F27461C2F20041C1677C
:10B000004B988863FFE79C20019000221146FBF7D4
:10B0100027FA0198FBF718FAFFE7FFE7FFE74CB0C4
:10B0200080BD00000000000081B0009001B07047BA
:10B0300081B0009001B0704781B0009001B07047BE
:10B04000FFE7FEE70000000080B588B0FFE744F2AC
:10B05000D840C5F60200016841F0010101600068B6
:10B0600000F0010007900798FFE7FFE744F2D8409F
:10B07000C5F60200016841F002010160006800F0BD
:10B08000020006900698FFE70C2000900022049230
:10B090001146FBF7E5F90098FBF7D6F9049A0D2065
:10B0A00001901146FBF7DCF90198FBF7CDF9049A02
:10B0B0000E2002901146FBF7D3F90298FBF7C4F972
:10B0C000049A0F2003901146FBF7CAF90398FBF787
:10B0D000BBF9049A382005901146FBF7C1F9059891
:10B0E000FBF7B2F908B080BD80B582B042F2DC70E7
:10B0F000C2F2004001904AF20001C4F20001016076
:10B1000000228260C26001210174427481740321B3
:10B1100041610A2383614FF01D0CC0F81CC003621B
:10B1200041628362C0F82CC0036340F2A4634363AE
:10B1300081630421C1630823036441648364C1649F
:10B14000026541658265C2652023036642668166A9
:10B15000FAF75EF918B1FFE7F6F726F8FFE702B055
:10B1600080BD00000000000080B582B042F67C0087
:10B17000C2F2004001904AF20041C4F200010160B5
:10B1800000228260C2600121017442748174032133
:10B1900041610A2383614FF01D0CC0F81CC003629B
:10B1A00041628362C0F82CC0036340F2A46343632E
:10B1B00081630421C1630823036441648364C1641F
:10B1C000026541658265C265202303664266816629
:10B1D000FAF71EF918B1FFE7F5F7E6FFFFE702B04F
:10B1E00080BD00000000000080B582B042F61C1057
:10B1F000C2F2004001904DF20041C4F20001016032
:10B2000000228260C26001210174427481740321B2
:10B2100041610A2383614FF01D0CC0F81CC003621A
:10B2200041628362C0F82CC0036340F2A4634363AD
:10B2300081630421C1630823036441648364C1649E
:10B24000026541658265C2652023036642668166A8
:10B25000FAF7DEF818B1FFE7F5F7A6FFFFE702B04F
:10B2600080BD00000000000080B592B00020119069
:10B2700010900F900E900D90FFE744F2E040C5F65D
:10B280000200016841F010010160006800F0100048
:10B290000C900C98FFE7FFE744F2E040C5F602008F
:10B2A000016841F004010160006800F004000B90A7
:10B2B0000B98FFE7FFE744F2E040C5F602000168A3
:10B2C00041F080010160006800F080000A900A9857
:10B2D000FFE7FFE744F2E040C5F60200016841F0F5
:10B2E00001010160006800F0010009900998FFE782
:10B2F000FFE744F2E040C5F60200016841F00201B8
:10B300000160006800F0020008900898FFE7FFE77E
:10B3100044F2E040C5F60200016841F00801016016
:10B32000006800F0080007900798FFE740F600006B
:10B33000C5F6020003904FF4204100220592FAF76F
:10B34000BBFF03984FF48041009101220292FAF76B
:10B35000B3FF029A039805994FF4C0430D930E92E0
:10B3600002220F9210910DA90491FAF7B9FD029BE8
:10B3700003980499059A4FF4004CCDF834C00E930D
:10B380000F931092FAF7ACFD02980499059A0523E1
:10B390000D930E920F900020C5F60200FAF7A0FD63
:10B3A000009A029804990D924FF4041201920E92A1
:10B3B0000F9041F20000C5F60200FAF791FD019BE3
:10B3C000029A039804994FF4E05CCDF834C00E93D0
:10B3D0000F92FAF785FD059A282006901146FBF793
:10B3E0003FF80698FBF730F812B080BD000000006F
:10B3F00080B58CB0002101910B910A9109910891BF
:10B4000007910691059104910391029142F6BC10B7
:10B41000C2F2004041F60002C4F200020260EF22D4
:10B420004260816040F2E732C26001618021816147
:10B43000FEF7D2F918B1FFE7F5F7B6FEFFE70020F7
:10B4400009900B9042F6BC10C2F2004009A9FDF72A
:10B4500083FC18B1FFE7F5F7A7FEFFE76020029035
:10B46000002003900490069042F6BC10C2F2004007
:10B4700002A90422FEF7D8F818B1FFE7F5F794FE09
:10B48000FFE742F6BC10C2F20040FEF76DF80CB0C8
:10B4900080BD00000000000080B58CB0002101914B
:10B4A0000B910A91099108910791069105910491D8
:10B4B0000391029142F60820C2F2004040F200429D
:10B4C000C4F20002026041608160FF22C26001613B
:10B4D0008161FEF781F918B1FFE7F5F765FEFFE737
:10B4E000002009900B9042F60820C2F2004009A902
:10B4F000FDF732FC18B1FFE7F5F756FEFFE76020D5
:10B5000002900020039004900420069042F6082048
:10B51000C2F2004002A90C22FEF786F818B1FFE73C
:10B52000F5F742FEFFE742F60820C2F20040FEF7C0
:10B530001BF80CB080BD000080B588B000210091E0
:10B54000079106910591049103910291019142F6B0
:10B550005420C2F2004040F60002C4F20002026031
:10B56000EF22426081606322C26001618161FDF768
:10B57000B3FC18B1FFE7F5F717FEFFE74FF4805073
:10B58000049042F65420C2F2004004A9FDF7D8FD11
:10B5900018B1FFE7F5F708FEFFE7002001900390E0
:10B5A00042F65420C2F2004001A9FDF7D5FB18B1C4
:10B5B000FFE7F5F7F9FDFFE708B080BD00000000E8
:10B5C00080B588B000210091079106910591049102
:10B5D00003910291019142F6A020C2F2004040F690
:10B5E0000042C4F200020260EF224260816040F239
:10B5F000E732C26001618161FDF76EFC18B1FFE7BF
:10B60000F5F7D2FDFFE74FF48050049042F6A020FA
:10B61000C2F2004004A9FDF793FD18B1FFE7F5F76A
:10B62000C3FDFFE700200190039042F6A020C2F284
:10B63000004001A9FDF790FB18B1FFE7F5F7B4FD55
:10B64000FFE708B080BD000080B582B042F614402C
:10B65000C2F20040019045F20001C4F20001016015
:10B6600048F2A061C0F2010141604FF48051816055
:10B670004FF40051C1604FF48061016104214161C8
:10B6800000218161C161016241628162FFF770FA4C
:10B6900018B1FFE7F5F788FDFFE742F61440C2F264
:10B6A00000400021FEF7ACFE18B1FFE7F5F77CFD86
:10B6B000FFE742F61440C2F200400021FEF758FEB8
:10B6C00018B1FFE7F5F770FDFFE742F61440C2F24C
:10B6D0000040FEF705FC18B1FFE7F5F765FDFFE751
:10B6E00002B080BD0000000080B582B042F680301C
:10B6F000C2F20040009041F60041C4F20101016035
:10B700004FF416514160002101918160C1600161D7
:10B710000C2242618161C161016241628162FFF775
:10B7200027FA18B1FFE7F5F73FFDFFE742F6803053
:10B73000C2F200400021FEF763FE18B1FFE7F5F703
:10B7400033FDFFE742F68030C2F200400021FEF7F1
:10B750000FFE18B1FFE7F5F727FDFFE742F680304F
:10B76000C2F20040FEF7BCFB18B1FFE7F5F71CFD85
:10B77000FFE702B080BD000080B582B042F6EC2049
:10B78000C2F20040019041F20001C4F201010160E7
:10B7900048F2A061C0F201014160002181604FF4D4
:10B7A0000052C2604FF4806202610C2242618161EA
:10B7B000C16101624162022181624FF48031016303
:10B7C000FFF7D6F918B1FFE7F5F7EEFCFFE742F611
:10B7D000EC20C2F200400021FEF712FE18B1FFE794
:10B7E000F5F7E2FCFFE742F6EC20C2F20040002150
:10B7F000FEF7BEFD18B1FFE7F5F7D6FCFFE742F60E
:10B80000EC20C2F20040FEF76BFB18B1FFE7F5F742
:10B81000CBFCFFE702B080BDFFE7FEE700000000C1
:10B82000FFE7FEE70000000088B007900691059250
:10B83000079800F0070004900498C0F1070005285D
:10B8400003D3FFE70420019004E00498C0F107004F
:10B850000190FFE70198039004980430062803D86C
:10B86000FFE70020009003E0049803380090FFE712
:10B870000098029006980399012202FA01F1013919
:10B880000840029B984005999A40013A11400843AC
:10B8900008B0704700000000704700000000000082
:10B8A00080B586B00490039100208DF8070044F223
:10B8B0002840C5F60200006800F00300032804D108
:10B8C000FFE701208DF81700CBE044F20041C5F6F8
:10B8D0000201086820F080600860FAF705FD029018
:10B8E000FFE744F20040C5F60200006800F0006186
:10B8F0000020B0EBD16F0CD0FFE7FAF7F5FC02990E
:10B90000401A032804D3FFE703208DF81700A8E0AE
:10B91000E7E7FFE744F22841C5F60201086820F492
:10B920007C30049A126840EA023008600499486842
:10B93000D1F808C0CB680A6901386FF35F204FF671
:10B940000061CFF6FF7101EB4C2189B20844002160
:10B95000CFF6FF7101EB034101F4FE0108444FF003
:10B960007F4101EB026101F0FE41084444F238419D
:10B97000C5F602010860FFE744F22C41C5F602015A
:10B980000091086820F0C000049A526910430860D2
:10B99000086820F02000049A926910430860086843
:10B9A00020F01000086044F23C42C5F60202106824
:10B9B0004FF6F8739843049BDB6940EAC3001060BC
:10B9C000086840F010000860039848B9FFE744F2A7
:10B9D0002C41C5F60201086840F40020086016E01A
:10B9E0000398012809D1FFE744F22C41C5F6020172
:10B9F000086840F48010086008E044F22C41C5F665
:10BA00000201086840F400100860FFE7FFE744F215
:10BA10000041C5F60201086840F080600860FAF74E
:10BA200063FC0290FFE744F20040C5F602000068A4
:10BA300000F000610020B0EBD16F0CD1FFE7FAF706
:10BA400053FC0299401A032804D3FFE703208DF822
:10BA5000170006E0E7E7FFE79DF807008DF81700FD
:10BA6000FFE79DF8170006B080BD00000000000051
:10BA700080B586B00490039100208DF8070044F251
:10BA80002840C5F60200006800F00300032804D136
:10BA9000FFE701208DF81700CBE044F20041C5F626
:10BAA0000201086820F080500860FAF71DFC02903F
:10BAB000FFE744F20040C5F60200006800F00051C4
:10BAC0000020B0EB517F0CD0FFE7FAF70DFC029994
:10BAD000401A032804D3FFE703208DF81700A8E0DD
:10BAE000E7E7FFE744F22841C5F60201086820F0C5
:10BAF0007C70049A126840EA025008600499486811
:10BB0000D1F808C0CB680A6901386FF35F204FF69F
:10BB10000061CFF6FF7101EB4C2189B2084400218E
:10BB2000CFF6FF7101EB034101F4FE0108444FF031
:10BB30007F4101EB026101F0FE41084444F24041C3
:10BB4000C5F602010860FFE744F22C41C5F6020188
:10BB50000091086820F44060049A5269104308601C
:10BB6000086820F40070049A92691043086008681D
:10BB700020F48070086044F24442C5F60202106866
:10BB80004FF6F8739843049BDB6940EAC3001060EA
:10BB9000086840F480700860039848B9FFE744F2F1
:10BBA0002C41C5F60201086840F48000086016E0E8
:10BBB0000398012809D1FFE744F22C41C5F60201A0
:10BBC000086840F40000086008E044F22C41C5F623
:10BBD0000201086840F080700860FFE7FFE744F268
:10BBE0000041C5F60201086840F080500860FAF78D
:10BBF0007BFB0290FFE744F20040C5F602000068BC
:10BC000000F000510020B0EB517F0CD1FFE7FAF7B4
:10BC10006BFB0299401A032804D3FFE703208DF839
:10BC2000170006E0E7E7FFE79DF807008DF817002B
:10BC3000FFE79DF8170006B080BD0000000000007F
:10BC4000704700000000000080B582B000900098AE
:10BC50000138B0F1807F03D3FFE70120019019E0A4
:10BC6000009801384EF21401CEF2000108604FF046
:10BC7000FF300F2106F004FE4EF21801CEF2000153
:10BC8000002008604EF21002CEF20002072111607F
:10BC90000190FFE7019802B080BD000000000000A5
:10BCA00080B5FAF729FB80BD80B59EB00BA84C216A
:10BCB000F4F76DFC002001900A900990089007901D
:10BCC00006900590049003900220FAF7E9FBFFE745
:10BCD0000020029044F61800C5F60200016821F425
:10BCE00040410160006800F4404002900298FFE784
:10BCF000FFE744F61800C5F60200006800F40050A3
:10BD0000B0F5005F01D0FFE7F3E701210B914FF49D
:10BD100080300C90022014901590169028221792D3
:10BD20001891042119911A900C201B9000201C904E
:10BD30001D900BA8FCF7ECFA18B1FFE7F5F734FA01
:10BD4000FFE73F2003900321049100200590082085
:10BD500006904020079008904FF4806209920A9064
:10BD600003A8FBF7ADFE18B1FFE7F5F71DFAFFE7F3
:10BD70001EB080BD000000004EF68851CEF20001DA
:10BD8000086840F47000086042F20000C5F200202C
:10BD9000006800F00F0006280AD8FFE742F2000111
:10BDA000C5F200210868072262F303000860FFE77C
:10BDB00044F20041C5F60201086840F00100086045
:10BDC00044F21042C5F602020020106008684EF6E8
:10BDD0007F52CEF6F6221040086042F20000C5F213
:10BDE0000020006800F00F0008280AD3FFE742F2A5
:10BDF0000001C5F200210868072262F30300086011
:10BE0000FFE744F21841C5F602010020086044F241
:10BE10001C41C5F60201086044F22041C5F602014A
:10BE2000086044F22842C5F6020240F20021C0F246
:10BE30000221116044F22C42C5F602020021C0F238
:10BE4000FF11116044F23042C5F6020240F2802137
:10BE5000C0F20111116044F23442C5F602021060D2
:10BE600044F23842C5F60202116044F23C42C5F683
:10BE70000202106044F24042C5F60202116044F230
:10BE80004441C5F60201086044F20042C5F60202D0
:10BE9000116821F48021116044F26041C5F602016D
:10BEA000086044F20001C5F2002143F2D2000860AC
:10BEB000704700000000000080B542F65420C2F236
:10BEC0000040FDF729FA80BD80B542F6A020C2F2FD
:10BED0000040FDF721FA80BD83B0029001910298E5
:10BEE0000068009002980021C4F20101884225D028
:10BEF000FFE70298B0F1804F20D0FFE7029840F2B0
:10BF00000041C4F20001884218D0FFE7029840F6D1
:10BF10000001C4F20001884210D0FFE7029840F609
:10BF20000041C4F20001884208D0FFE7029840F2C5
:10BF30000041C4F2010188420AD1FFE7009820F0D5
:10BF40007000009001984168009808430090FFE756
:10BF500002980021C4F2010188424DD0FFE7029807
:10BF6000B0F1804F48D0FFE7029840F20041C4F2A0
:10BF70000001884240D0FFE7029840F60001C4F279
:10BF80000001884238D0FFE7029840F60041C4F231
:10BF90000001884230D0FFE7029840F20041C4F22D
:10BFA0000101884228D0FFE7029844F20001C4F260
:10BFB0000101884220D0FFE7029844F20041C4F218
:10BFC0000101884218D0FFE7029844F60001C4F24C
:10BFD0000101884210D0FFE702984EF20001C4F23E
:10BFE0000001884208D0FFE702984EF20041C4F2F7
:10BFF000000188420AD1FFE7009820F440700090C9
:10C000000198C168009808430090FFE7009820F06D
:10C0100080000199496908430090009802990860DE
:10C02000019880680299C862019800680299886244
:10C0300002980021C4F20101884220D0FFE7029853
:10C0400040F20041C4F20101884218D0FFE7029893
:10C0500044F20001C4F20101884210D0FFE70298C7
:10C0600044F20041C4F20101884208D0FFE702987F
:10C0700044F60001C4F20101884205D1FFE70198AE
:10C08000006902990863FFE702990120486102985C
:10C090000069C00730B1FFE70299086920F001008C
:10C0A0000861FFE703B0704784B0039002910192EA
:10C0B000029800F01F01012088400090009A039927
:10C0C000086A904308620198029901F01F0100FA82
:10C0D00001F20399086A1043086204B07047000037
:10C0E00085B00490039102920193049880680090B7
:10C0F000009820F47F40009003980299019A41EA49
:10C100000221014300980843009000980499886038
:10C1100005B070470000000083B0029001910298C2
:10C120008068009000984FF68F71CFF6CF7108406D
:10C13000009001980099084340F007000090009893
:10C140000299886003B0704785B004900391049809
:10C15000006A01900499086A20F0010008620498BE
:10C160004068009004988069029002984FF68F71A1
:10C17000CFF6FE7108400290029820F00300029072
:10C1800003980168029808430290019820F0020089
:10C190000190039881680198084301900498002158
:10C1A000C4F20101884220D0FFE7049840F2004128
:10C1B000C4F20101884218D0FFE7049844F200015C
:10C1C000C4F20101884210D0FFE7049844F2004114
:10C1D000C4F20101884208D0FFE7049844F6000148
:10C1E000C4F2010188420ED1FFE7019820F0080057
:10C1F00001900398C168019808430190019820F0CC
:10C2000004000190FFE704980021C4F20101884274
:10C2100020D0FFE7049840F20041C4F201018842B7
:10C2200018D0FFE7049844F20001C4F201018842EB
:10C2300010D0FFE7049844F20041C4F201018842A3
:10C2400008D0FFE7049844F60001C4F201018842D7
:10C2500013D1FFE7009820F480700090009820F43C
:10C26000007000900398416900980843009003987B
:10C270008169009808430090FFE70098049948609E
:10C28000029804998861039840680499486301986A
:10C290000499086205B0704785B004900391049832
:10C2A000006A01900499086A20F01000086204985E
:10C2B00040680090049880690290029848F6FF71E7
:10C2C000CFF6FF6108400290029820F4407002907F
:10C2D00003980168029840EA01200290019820F03A
:10C2E0002000019003988168019840EA01100190B4
:10C2F00004980021C4F20101884229D0FFE7049884
:10C3000040F20041C4F20101884221D0FFE70498C5
:10C3100044F20001C4F20101884203D1FFE700208A
:10C32000B0B9FFE7049844F20041C4F20101884229
:10C3300003D1FFE7002058B9FFE7049844F6000155
:10C34000C4F20101884212D1FFE7012078B9FFE76A
:10C35000019820F0800001900398C168019840EA9C
:10C3600001100190019820F040000190FFE704982F
:10C370000021C4F20101884220D0FFE7049840F276
:10C380000041C4F20101884218D0FFE7049844F24A
:10C390000001C4F20101884210D0FFE7049844F282
:10C3A0000041C4F20101884208D0FFE7049844F636
:10C3B0000001C4F20101884215D1FFE7009820F482
:10C3C00080600090009820F400600090039841691C
:10C3D000009840EA8100009003988169009840EA43
:10C3E00081000090FFE70098049948600298049942
:10C3F00088610398406804998863019804990862E9
:10C4000005B070470000000085B0049003910498C7
:10C41000006A01900499086A20F480700862049808
:10C42000406800900498C069029002984FF68F719E
:10C43000CFF6FE7108400290029820F003000290AF
:10C4400003980168029808430290019820F4007054
:10C45000019003988168019840EA012001900498B6
:10C460000021C4F20101884229D0FFE7049840F27C
:10C470000041C4F20101884221D0FFE7049844F250
:10C480000001C4F20101884203D1FFE70020B0B9E6
:10C49000FFE7049844F20041C4F20101884203D14D
:10C4A000FFE7002058B9FFE7049844F60001C4F202
:10C4B0000101884212D1FFE7012078B9FFE7019816
:10C4C00020F4006001900398C168019840EA0120BF
:10C4D0000190019820F480600190FFE7049800210A
:10C4E000C4F20101884220D0FFE7049840F20041E5
:10C4F000C4F20101884218D0FFE7049844F2000119
:10C50000C4F20101884210D0FFE7049844F20041D0
:10C51000C4F20101884208D0FFE7049844F6000104
:10C52000C4F20101884215D1FFE7009820F4805041
:10C530000090009820F40050009003984169009802
:10C5400040EA0110009003988169009840EA0110C8
:10C550000090FFE700980499486002980499C86128
:10C56000039840680499C86301980499086205B06B
:10C57000704700000000000085B00490039104980B
:10C58000006A01900499086A20F4805008620498B7
:10C59000406800900498C0690290029848F6FF71C4
:10C5A000CFF6FF6108400290029820F4407002909C
:10C5B00003980168029840EA01200290019820F453
:10C5C0000050019003988168019840EA0130019081
:10C5D00004980021C4F20101884220D0FFE70498AA
:10C5E00040F20041C4F20101884218D0FFE70498EC
:10C5F00044F20001C4F20101884210D0FFE7049820
:10C6000044F20041C4F20101884208D0FFE70498D7
:10C6100044F60001C4F2010188420BD1FFE7009803
:10C6200020F48040009003984169009840EA81100E
:10C630000090FFE700980499486002980499C86147
:10C64000039840680499086401980499086205B049
:10C65000704700000000000085B00490039104982A
:10C66000006A01900499086A20F4803008620498F6
:10C67000406800900498406D029002984FF68F71C8
:10C68000CFF6FE71084002900398016802980843B3
:10C690000290019820F4003001900398816801987D
:10C6A00040EA0140019004980021C4F2010188424F
:10C6B00020D0FFE7049840F20041C4F20101884213
:10C6C00018D0FFE7049844F20001C4F20101884247
:10C6D00010D0FFE7049844F20041C4F201018842FF
:10C6E00008D0FFE7049844F60001C4F20101884233
:10C6F0000BD1FFE7009820F4803000900398416947
:10C70000009840EA01200090FFE7009804994860F3
:10C7100002980499486503984068049988650198CF
:10C720000499086205B0704785B00490039104989D
:10C73000006A01900499086A20F480100862049845
:10C74000406800900498406D0290029848F6FF718E
:10C75000CFF6FF610840029003980168029840EA12
:10C7600001200290019820F4001001900398816844
:10C77000019840EA0150019004980021C4F201019F
:10C78000884220D0FFE7049840F20041C4F2010142
:10C79000884218D0FFE7049844F20001C4F2010176
:10C7A000884210D0FFE7049844F20041C4F201012E
:10C7B000884208D0FFE7049844F60001C4F2010162
:10C7C00088420BD1FFE7009820F480200090039866
:10C7D0004169009840EA81200090FFE700980499A1
:10C7E0004860029804994865039840680499C865B0
:10C7F00001980499086205B070470000000000002D
:10C8000085B00490039102920498006A0090049904
:10C81000086A20F00100086204988069019001987C
:10C8200020F0F00001900299019840EA0110019077
:10C83000009820F00A0000900399009808430090A7
:10C8400001980499886100980499086205B07047BE
:10C8500085B00490039102920498006A00900499B4
:10C86000086A20F01000086204988069019001981D
:10C8700020F4704001900299019840EA0130019043
:10C88000009820F0A00000900399009840EA011061
:10C89000009001980499886100980499086205B095
:10C8A000704700000000000080B582B002F08CF8F4
:10C8B0000420DFED280AB0EE600A02F055F842F2DB
:10C8C000DC70C2F200404EF26161C0F6000101F07E
:10C8D00027FA42F67C00C2F200404EF20171C0F627
:10C8E000000101F01DFA42F61440C2F200404EF27F
:10C8F0003951C0F60001402202F0D6F942F6542028
:10C90000C2F2004000904EF2C971C0F6000102F080
:10C910009BF842F6A020C2F2004001904EF2D9519D
:10C92000C0F6000102F090F841F24070C2F20040FF
:10C930009FED090A03F0D8FF0098FCF76DFB019802
:10C94000FCF76AFB42F6A841C2F2004101200870E0
:10C9500002B080BD000000008FC2F53C0000000066
:10C96000704700000000000080B542F61440C2F29B
:10C970000040FDF799FD80BD82B001900198406EA6
:10C9800040B9FFE701990120A1F86A000199A1F8D7
:10C99000680032E010208DF803008DF80200019845
:10C9A00000688068C0F342608DF80100019800685B
:10C9B0008068400F8DF800009DF802009DF800206F
:10C9C00042F63423C0F60103995C484342F62C2119
:10C9D000C0F601018A5CB0FBF2F0019AA2F86A008D
:10C9E0009DF803009DF801209B5C5843895CB0FBD7
:10C9F000F1F00199A1F86800FFE702B0704700006C
:10CA000081B00090009890F82800000700280BD50E
:10CA1000FFE700980068406820F40040009A116821
:10CA2000926B10434860FFE7009890F82800C00719
:10CA300058B1FFE700980068406820F40030009A81
:10CA40001168D26A10434860FFE7009890F8280008
:10CA5000800700280BD5FFE700980068406820F4A5
:10CA60008030009A1168126B10434860FFE700980D
:10CA700090F82800400700280BD5FFE700980068D1
:10CA8000406820F48020009A1168526B104348607F
:10CA9000FFE7009890F82800C00600280BD5FFE7B4
:10CAA00000980068806820F48050009A1168D26B6A
:10CAB00010438860FFE7009890F82800800600285F
:10CAC0000BD5FFE700980068806820F40050009ABA
:10CAD0001168126C10438860FFE7009890F82800F6
:10CAE000400600281CD5FFE700980068406820F445
:10CAF0008010009A1168526C104348600098406C96
:10CB0000B0F5801F0BD1FFE700980068406820F463
:10CB1000C000009A1168926C10434860FFE7FFE77D
:10CB2000009890F82800000600280BD5FFE7009831
:10CB30000068406820F40020009A1168D26C10430D
:10CB40004860FFE701B0704780B588B0069006994D
:10CB50000020C1F89000F9F7C7FB0590069800681F
:10CB60000068000700282FD5FFE70698059B6A4656
:10CB70006FF07E4111604FF40011002200F0D8FFE9
:10CB800008B3FFE7FFE7FFE70698006850E8000FEB
:10CB900020F080000490FFE704990698026842E8BC
:10CBA00000100028F0D1FFE7FFE706992020C1F828
:10CBB0008800FFE70699002081F88400FFE7032042
:10CBC0008DF81F005FE0FFE70698006800684007E7
:10CBD000002842D5FFE70698059B6A466FF07E4124
:10CBE00011604FF48001002200F0A2FFA0B3FFE724
:10CBF000FFE7FFE70698006850E8000F20F4907008
:10CC00000390FFE703990698026842E800100028A5
:10CC1000F0D1FFE7FFE7FFE7FFE70698006850E87D
:10CC2000020F20F001000290FFE7029906980268C7
:10CC300042E802100028F0D1FFE7FFE70699202024
:10CC4000C1F88C00FFE70699002081F88400FFE717
:10CC500003208DF81F0016E0FFE706992020C1F899
:10CC600088000699C1F88C0006990020C8660699CC
:10CC70000867FFE70699002081F88400FFE700209D
:10CC80008DF81F00FFE79DF81F0008B080BD000071
:10CC900080B582B001900198806B009000990020CF
:10CCA000A1F85E000099A1F856000098FDF7F8FB86
:10CCB00002B080BD0000000080B584B003900398EE
:10CCC000806B02900298D0F8880001900298D0F80A
:10CCD0008C000090029800688068000600280CD53F
:10CCE000FFE70198212808D1FFE702990020A1F869
:10CCF0005600029800F02CF9FFE70298006880685F
:10CD0000400600280CD5FFE70098222808D1FFE74D
:10CD100002990020A1F85E00029800F0A5F8FFE754
:10CD20000299D1F8900040F01000C1F890000298EC
:10CD3000FDF7B6FB04B080BD80B586B005900598C0
:10CD4000806B04900598C069B0F5807F5BD0FFE7E9
:10CD500004990020A1F85E00FFE7FFE7049800684F
:10CD600050E8000F20F480700390FFE703990498C7
:10CD7000026842E800100028F0D1FFE7FFE7FFE774
:10CD8000FFE70498006850E8020F20F001000290CD
:10CD9000FFE702990498026842E802100028F0D1E7
:10CDA000FFE7FFE7FFE7FFE70498006850E8020F9E
:10CDB00020F040000190FFE701990498026842E8E2
:10CDC00002100028F0D1FFE7FFE704992020C1F806
:10CDD0008C000498C06E012814D1FFE7FFE7FFE73D
:10CDE0000498006850E8000F20F010000090FFE762
:10CDF00000990498026842E800100028F0D1FFE78B
:10CE0000FFE7FFE7FFE70499002008670498C06E7A
:10CE1000012806D1FFE70498B0F85C10FDF7F8F898
:10CE200003E00498FEF700F9FFE706B080BD0000BC
:10CE300080B582B001900198806B0090009901202C
:10CE400008670098C06E012807D1FFE70098B0F886
:10CE50005C104908FDF7DCF803E00098FEF7E8F8FD
:10CE6000FFE702B080BD000084B00390FFE7FFE75A
:10CE70000398006850E8000F20F490700290FFE7DC
:10CE800002990398026842E800100028F0D1FFE7F9
:10CE9000FFE7FFE7FFE70398006850E8020F4FF64F
:10CEA000FE71CEF6FF7108400190FFE701990398EB
:10CEB000026842E802100028EDD1FFE7FFE703987F
:10CEC000C06E012814D1FFE7FFE7FFE70398006871
:10CED00050E8000F20F010000090FFE70099039841
:10CEE000026842E800100028F0D1FFE7FFE7FFE703
:10CEF00003992020C1F88C0003990020C86603998B
:10CF0000486704B07047000080B582B00190FFE729
:10CF1000FFE70198006850E8000F20F04000009003
:10CF2000FFE700990198026842E800100028F0D15C
:10CF3000FFE7FFE701992020C1F888000199002050
:10CF400088670198FEF778F802B080BD0000000005
:10CF500083B00290FFE7FFE70298006850E8000FF7
:10CF600020F0C0000190FFE701990298026842E8B2
:10CF700000100028F0D1FFE7FFE7FFE7FFE7029886
:10CF8000006850E8020F20F400000090FFE70099CD
:10CF90000298026842E802100028F0D1FFE7FFE79C
:10CFA00002992020C1F8880003B0704700000000FB
:10CFB00080B59EB01D9000208DF867001D98006818
:10CFC00040F60041C5F60001884201D1FFE700E0CC
:10CFD000FFE71D9988680B694A69C96918431043BE
:10CFE00008431C901D980068006846F6F311CCF6C3
:10CFF000FF7108401C9908431D99096808601D9835
:10D000000068406820F440501D9A1168D2681043AF
:10D0100048601D9880691C901D98006840F600418A
:10D02000C5F60001884206D0FFE71D98016A1C98EA
:10D0300008431C90FFE71D98006880684FF2FF418D
:10D04000C1F2FF1108401C9908431D9909688860C6
:10D050001D980068C06A20F00F001D9A1168526A7E
:10D060001043C862FFE71D98006841F20001C4F256
:10D070000101884240F04180FFE744F25440C5F688
:10D080000200006800F038000146109128282FD8CF
:10D090001099DFE801F0152D2D2D2D2D2D2D192D99
:10D0A0002D2D2D2D2D2D1D2D2D2D2D2D2D2D212DCC
:10D0B0002D2D2D2D2D2D252D2D2D2D2D2D2D2900D9
:10D0C00001208DF86D0017E004208DF86D0013E04D
:10D0D00008208DF86D000FE010208DF86D000BE03A
:10D0E00020208DF86D0007E040208DF86D0003E0F2
:10D0F00080208DF86D00FFE76CE21D98006844F217
:10D100000041C4F2000188422ED1FFE744F25440AE
:10D11000C5F60200006800F0070001460F910528DF
:10D120001DD80F99DFE801F003070B0F131700203C
:10D130008DF86D0017E004208DF86D0013E00820D5
:10D140008DF86D000FE010208DF86D000BE02020B1
:10D150008DF86D0007E040208DF86D0003E0802021
:10D160008DF86D00FFE734E21D98006844F6000179
:10D17000C4F2000188422ED1FFE744F25440C5F6C4
:10D180000200006800F0070001460E9105281DD836
:10D190000E99DFE801F003070B0F131700208DF83D
:10D1A0006D0017E004208DF86D0013E008208DF865
:10D1B0006D000FE010208DF86D000BE020208DF841
:10D1C0006D0007E040208DF86D0003E080208DF8B1
:10D1D0006D00FFE7FCE11D98006844F60041C4F2D1
:10D1E000000188422ED1FFE744F25440C5F6020008
:10D1F000006800F0070001460D9105281DD80D9923
:10D20000DFE801F003070B0F131700208DF86D0006
:10D2100017E004208DF86D0013E008208DF86D00F4
:10D220000FE010208DF86D000BE020208DF86D00D0
:10D2300007E040208DF86D0003E080208DF86D0040
:10D24000FFE7C4E11D98006845F20001C4F2000147
:10D2500088422ED1FFE744F25440C5F60200006830
:10D2600000F0070001460C9105281DD80C99DFE855
:10D2700001F003070B0F131700208DF86D0017E066
:10D2800004208DF86D0013E008208DF86D000FE08C
:10D2900010208DF86D000BE020208DF86D0007E068
:10D2A00040208DF86D0003E080208DF86D00FFE7D1
:10D2B0008CE11D98006841F20041C4F201018842EE
:10D2C00040F04180FFE744F25440C5F60200006898
:10D2D00000F0380001460B9128282FD80B99DFE881
:10D2E00001F0152D2D2D2D2D2D2D192D2D2D2D2D03
:10D2F0002D2D1D2D2D2D2D2D2D2D212D2D2D2D2D7A
:10D300002D2D252D2D2D2D2D2D2D290001208DF894
:10D310006D0017E004208DF86D0013E008208DF8F3
:10D320006D000FE010208DF86D000BE020208DF8CF
:10D330006D0007E040208DF86D0003E080208DF83F
:10D340006D00FFE741E11D98006847F60001C4F257
:10D35000000188422ED1FFE744F25440C5F6020096
:10D36000006800F0070001460A9105281DD80A99B7
:10D37000DFE801F003070B0F131700208DF86D0095
:10D3800017E004208DF86D0013E008208DF86D0083
:10D390000FE010208DF86D000BE020208DF86D005F
:10D3A00007E040208DF86D0003E080208DF86D00CF
:10D3B000FFE709E11D98006847F60041C4F200014B
:10D3C00088422ED1FFE744F25440C5F602000068BF
:10D3D00000F007000146099105281DD80999DFE8EA
:10D3E00001F003070B0F131700208DF86D0017E0F5
:10D3F00004208DF86D0013E008208DF86D000FE01B
:10D4000010208DF86D000BE020208DF86D0007E0F6
:10D4100040208DF86D0003E080208DF86D00FFE75F
:10D42000D1E01D98006841F60001C4F20101884274
:10D4300040F04180FFE744F25440C5F60200006826
:10D4400000F038000146089128282FD80899DFE815
:10D4500001F0152D2D2D2D2D2D2D192D2D2D2D2D91
:10D460002D2D1D2D2D2D2D2D2D2D212D2D2D2D2D08
:10D470002D2D252D2D2D2D2D2D2D290001208DF823
:10D480006D0017E004208DF86D0013E008208DF882
:10D490006D000FE010208DF86D000BE020208DF85E
:10D4A0006D0007E040208DF86D0003E080208DF8CE
:10D4B0006D00FFE786E01D98006841F60041C4F268
:10D4C0000101884240F04180FFE744F25440C5F634
:10D4D0000200006800F038000146079128282FD884
:10D4E0000799DFE801F0152D2D2D2D2D2D2D192D4E
:10D4F0002D2D2D2D2D2D1D2D2D2D2D2D2D2D212D78
:10D500002D2D2D2D2D2D252D2D2D2D2D2D2D290084
:10D5100001208DF86D0017E004208DF86D0013E0F8
:10D5200008208DF86D000FE010208DF86D000BE0E5
:10D5300020208DF86D0007E040208DF86D0003E09D
:10D5400080208DF86D00FFE73BE01D98006840F6F5
:10D550000041C5F6000188422ED1FFE744F2584051
:10D56000C5F60200006800F0070001460691052894
:10D570001DD80699DFE801F003070B0F13170220EF
:10D580008DF86D0017E004208DF86D0013E0082081
:10D590008DF86D000FE010208DF86D000BE020205D
:10D5A0008DF86D0007E040208DF86D0003E08020CD
:10D5B0008DF86D00FFE703E080208DF86D00FFE738
:10D5C000FFE7FFE7FFE7FFE7FFE7FFE7FFE7FFE72B
:10D5D000FFE7FFE7FFE71D98006840F60041C5F64A
:10D5E0000001884240F0B480FFE79DF86D000146DD
:10D5F0000591022814D0FFE70598042814D0FFE70E
:10D600000598082816D0FFE70598102818D0FFE7DE
:10D610000598202835D0FFE70598402837D03AE014
:10D62000F8F792FF11903CE015A8F8F7A1FF1698C3
:10D63000119036E012A8F9F7F3F81398119030E042
:10D6400044F20040C5F60200006800F0200100200E
:10D65000B0EB511F0ED0FFE744F20040C5F60200C8
:10D660000068C0F3C10149F20000C0F2D030C840E8
:10D67000119005E049F20000C0F2D0301190FFE7B0
:10D680000FE040F60010C0F23D00119009E04FF4A9
:10D690000040119005E00020119001208DF86700F6
:10D6A000FFE71198002852D0FFE711981D994A6AA8
:10D6B00042F63C21C0F6010131F81210B0FBF1F046
:10D6C000189018981D99496801EB4101884207D3C9
:10D6D000FFE718981D994968B0EB013F04D9FFE7AF
:10D6E00001208DF8670031E011981D994A68039276
:10D6F0004A6A42F63C21C0F6010131F812200023AB
:10D7000004931946F2F754FE039A049B090241EA76
:10D710001061000210EB520041F10001F2F748FEE7
:10D720001A901A98B0F5407F0BD3FFE71A990020A2
:10D73000B0EB115F05D1FFE71A981D990968C86021
:10D7400003E001208DF86700FFE7FFE7FFE746E110
:10D750001D98C069B0F5004F40F0A880FFE79DF824
:10D760006D0001460291402800F263800299DFE8D3
:10D7700001F021256060296060602F60606060605A
:10D7800060603560606060606060606060606060C4
:10D790006060566060606060606060606060606093
:10D7A0006060606060606060606060606060606079
:10D7B00060605C00FAF7FCFB119040E0FAF70CFCAB
:10D7C00011903CE015A8F8F7D3FE1698119036E0BA
:10D7D00012A8F9F725F81398119030E044F20040B0
:10D7E000C5F60200006800F020010020B0EB511FD8
:10D7F0000ED0FFE744F20040C5F602000068C0F317
:10D80000C10149F20000C0F2D030C840119005E0DB
:10D8100049F20000C0F2D0301190FFE70FE040F66F
:10D820000010C0F23D00119009E04FF4004011904B
:10D8300005E00020119001208DF86700FFE71198A6
:10D8400098B3FFE711981D9A5168536A42F63C223B
:10D85000C0F6010232F81320B0FBF2F0400000EBFA
:10D860005100B0FBF1F01A901A98102818D3FFE776
:10D87000BDF86A00A0B9FFE71A9820F00F00ADF8D4
:10D880006E001A9800F00E01BDF86E0040EA5100DB
:10D89000ADF86E00BDF86E001D990968C86003E020
:10D8A00001208DF86700FFE7FFE797E09DF86D0026
:10D8B00001460191402800F263800199DFE801F000
:10D8C00021256060296060602F606060606060603A
:10D8D0003560606060606060606060606060606073
:10D8E0005660606060606060606060606060606042
:10D8F0006060606060606060606060606060606028
:10D900005C00FAF755FB119040E0FAF765FB1190C7
:10D910003CE015A8F8F72CFE1698119036E012A8F6
:10D92000F8F77EFF1398119030E044F20040C5F6FE
:10D930000200006800F020010020B0EB511F0ED063
:10D94000FFE744F20040C5F602000068C0F3C101E1
:10D9500049F20000C0F2D030C840119005E049F211
:10D960000000C0F2D0301190FFE70FE040F6001049
:10D97000C0F23D00119009E04FF40040119005E025
:10D980000020119001208DF86700FFE7119820B367
:10D99000FFE711981D9A5168536A42F63C22C0F67F
:10D9A000010232F81320B0FBF2F000EB5100B0FBA3
:10D9B000F1F01A901A9810280AD3FFE7BDF86A0010
:10D9C00030B9FFE7BDF868001D990968C86003E039
:10D9D00001208DF86700FFE7FFE7FFE7FFE71D99EC
:10D9E0000120A1F86A001D99A1F868001D99002086
:10D9F00048671D9988679DF867001EB080BD0000CC
:10DA000080B588B006900591ADF81220059806996A
:10DA10008865BDF812000699A1F85C0006990020FF
:10DA2000C1F8900006992220C1F88C000698D0F821
:10DA30008000B0B3FFE70698D0F880104CF639505C
:10DA4000C0F60000C8630698D0F880104CF631602C
:10DA5000C0F6000008640698D0F880104CF6B94073
:10DA6000C0F60000C8640698D0F880100020086551
:10DA700006980168826DD0F880002431BDF812301C
:10DA8000F6F716FB60B1FFE706991020C1F8900089
:10DA900006992020C1F88C0001208DF81F0042E07B
:10DAA000FFE706980069A0B1FFE7FFE7FFE70698E8
:10DAB000006850E8000F40F480700390FFE703997E
:10DAC0000698026842E800100028F0D1FFE7FFE75F
:10DAD000FFE7FFE7FFE70698006850E8020F40F015
:10DAE00001000290FFE702990698026842E80210DE
:10DAF0000028F0D1FFE7FFE7FFE7FFE7069800689F
:10DB000050E8020F40F040000190FFE701990698AD
:10DB1000026842E802100028F0D1FFE7FFE700208A
:10DB20008DF81F00FFE79DF81F0008B080BD0000C2
:10DB300080B586B0DDF820C0049003918DF80B20ED
:10DB40000193FFE704980068C06903990840401AF0
:10DB5000B0FA80F040099DF80B10884266D1FFE7CB
:10DB600008980130002860D0FFE7F8F7BDFB019965
:10DB7000401A0899884203D8FFE7089820B9FFE7C0
:10DB800003208DF8170055E00498006800684007EE
:10DB9000002849D5FFE70398802845D0FFE7039880
:10DBA000402841D0FFE704980068C06900F00801F0
:10DBB0000120B0EBD10F16D1FFE7049801680820CF
:10DBC000009008620498FFF74FF900980499C1F893
:10DBD0009000FFE70499002081F88400FFE701200E
:10DBE0008DF8170026E004980068C06900F4006111
:10DBF0000120B0EBD12F16D1FFE7049801684FF454
:10DC0000006008620498FFF72FF904992020C1F8FA
:10DC10009000FFE70499002081F88400FFE70320CB
:10DC20008DF8170006E0FFE7FFE78BE700208DF88F
:10DC30001700FFE79DF8170006B080BD0000000048
:10DC400080B542F68030C2F20040FCF72DFC80BD6A
:10DC500080B542F6EC20C2F20040FCF725FC80BD06
:10DC6000FFE7FEE70000000080B504F04DFE80BD38
:10DC700080B586B0FAF7C4F90590059808B9FFE7B2
:10DC80004CE041F20400CEF20000006804900498D9
:10DC900041F22872C2F200421168401A0390DDF886
:10DCA0000CC041F23071C2F2004100910B6848682B
:10DCB00013EB0C0340F100000B6048600498106007
:10DCC00008684968059A00230193F2F771FB0099EF
:10DCD000019B40F22422C2F20042029210600868C6
:10DCE0004968059A44F6D35CC1F2620CA2FB0CC2EF
:10DCF0009209F2F75DFB0099019B029A5060086857
:10DD00004968059A4DF6836CC4F21B3CA2FB0CC219
:10DD1000920CF2F74DFB02998860FFE706B080BDD8
:10DD200080B586B005900491059800684AF200011C
:10DD3000C4F20001884216D1FFE7059840F2A8011D
:10DD4000C2F20041086004984863059800230393D9
:10DD500019461A4600F054FD039B05980E211A46F9
:10DD600000F04EFD3FE0059800684AF20041C4F221
:10DD70000001884216D1FFE7059840F20811C2F26F
:10DD8000004108600498486305982021002302930D
:10DD90001A4600F035FD029B05982E211A4600F028
:10DDA0002FFD1FE0059800684DF20041C4F200010C
:10DDB000884216D1FFE7059840F26811C2F200418F
:10DDC00008600498486305981021002301931A46BF
:10DDD00000F016FD019B05981A211A4600F010FD6F
:10DDE000FFE7FFE7FFE70598F7F712FF06B080BDF2
:10DDF00080B582B08DF807009DF8072040F600003E
:10DE0000C5F602004FF40041F8F756FA02B080BDA3
:10DE100080B582B08DF807009DF8072040F600001D
:10DE2000C5F602004FF40051F8F746FA02B080BD83
:10DE300080B582B08DF807009DF8072040F60000FD
:10DE4000C5F602004FF48041F8F736FA02B080BD03
:10DE500083B002908DED010ACDED000A029890ED9D
:10DE6000000A9DED011AB4EE410AF1EE10FA04DA4F
:10DE7000FFE70198029908600FE0029890ED000A10
:10DE80009DED001AB4EE410AF1EE10FA04DDFFE751
:10DE9000009802990860FFE7FFE7029890ED000AFA
:10DEA00003B070470000000080B58EB08446109823
:10DEB000CDF834C00C910B928DF82B308DF82A00E0
:10DEC0000C9801909DF82B0018B9FFE700200290F4
:10DED00009E09DF82B00012804D1FFE74FF08040B6
:10DEE0000290FFE7FFE7002003909DF82A00013829
:10DEF0000146009107281ED80099DFE801F00407C9
:10DF00000A0D101316190120049014E00220049049
:10DF100011E0032004900EE0042004900BE00520A3
:10DF2000049008E00620049005E00720049002E039
:10DF300008200490FFE700200590069007900890C5
:10DF400009900D980B9A01A9F6F7B6FC0EB080BDAA
:10DF500086B08DED050ACDED040A8DED031ACDEDE9
:10DF6000021A8DED012ACDED002A9DED050A9DEDE9
:10DF7000012A20EE021A9DED003A9DED040A20EEE2
:10DF8000030A20EE030AA1EE030A9DED031A21EE17
:10DF9000021AA1EE020A9DED021A30EE010A06B045
:10DFA000704700000000000086B005908DF8131047
:10DFB0008DF81220059842F2DC71C2F200418842CD
:10DFC00040F0D980FFE79DF8130001380146029127
:10DFD0000A2800F2CF800299DFE801F0060C131A3C
:10DFE0002138516A839AB30040F29000C2F2004097
:10DFF0000390BFE040F29000C2F200400230039074
:10E00000B8E040F29000C2F2004004300390B1E06A
:10E0100040F29000C2F2004006300390AAE09DF862
:10E02000120030B9FFE740F28800C2F200400390CE
:10E030000BE09DF81200012806D1FFE740F28000B6
:10E04000C2F200400390FFE7FFE793E09DF8120063
:10E0500038B9FFE740F28800C2F200400230039076
:10E060000CE09DF81200012807D1FFE740F2800084
:10E07000C2F2004002300390FFE7FFE77AE09DF82C
:10E08000120038B9FFE740F28800C2F200400430C5
:10E0900003900CE09DF81200012807D1FFE740F241
:10E0A0008000C2F2004004300390FFE7FFE761E028
:10E0B0009DF8120038B9FFE740F28800C2F2004034
:10E0C000063003900CE09DF81200012807D1FFE70D
:10E0D00040F28000C2F2004006300390FFE7FFE705
:10E0E00048E09DF8120030B9FFE740F2A000C2F20C
:10E0F000004003900BE09DF81200012806D1FFE7D5
:10E1000040F29800C2F200400390FFE7FFE731E0E1
:10E110009DF8120038B9FFE740F2A000C2F20040BB
:10E12000023003900CE09DF81200012807D1FFE7B0
:10E1300040F29800C2F2004002300390FFE7FFE790
:10E1400018E09DF8120038B9FFE740F2A000C2F2D3
:10E150000040043003900CE09DF81200012807D124
:10E16000FFE740F29800C2F2004004300390FFE75E
:10E17000FFE7FFE7C3E1059842F67C01C2F20041E8
:10E18000884240F0D980FFE79DF81300013801462E
:10E1900001910A2800F2CF800199DFE801F0060C16
:10E1A000131A2138516A839AB30040F2F000C2F288
:10E1B00000400390BFE040F2F000C2F200400230A5
:10E1C0000390B8E040F2F000C2F200400430039047
:10E1D000B1E040F2F000C2F2004006300390AAE045
:10E1E0009DF8120030B9FFE740F2E800C2F20040AB
:10E1F00003900BE09DF81200012806D1FFE740F2E2
:10E20000E000C2F200400390FFE7FFE793E09DF8D3
:10E21000120038B9FFE740F2E800C2F200400230D5
:10E2200003900CE09DF81200012807D1FFE740F2AF
:10E23000E000C2F2004002300390FFE7FFE77AE01F
:10E240009DF8120038B9FFE740F2E800C2F2004042
:10E25000043003900CE09DF81200012807D1FFE77D
:10E2600040F2E000C2F2004004300390FFE7FFE715
:10E2700061E09DF8120038B9FFE740F2E800C2F211
:10E280000040063003900CE09DF81200012807D1F1
:10E29000FFE740F2E000C2F2004006300390FFE7E3
:10E2A000FFE748E09DF8120030B9FFE740F20010A8
:10E2B000C2F2004003900BE09DF81200012806D145
:10E2C000FFE740F2F800C2F200400390FFE7FFE7EB
:10E2D00031E09DF8120038B9FFE740F20010C2F2B9
:10E2E0000040023003900CE09DF81200012807D195
:10E2F000FFE740F2F800C2F2004002300390FFE76F
:10E30000FFE718E09DF8120038B9FFE740F200106F
:10E31000C2F20040043003900CE09DF81200012886
:10E3200007D1FFE740F2F800C2F20040043003904A
:10E33000FFE7FFE7FFE7E1E0059842F61C11C2F2B4
:10E340000041884240F0D980FFE79DF81300013872
:10E35000014600910A2800F2CF800099DFE801F021
:10E36000060C131A2138516A839AB30040F25010F8
:10E37000C2F200400390BFE040F25010C2F20040F1
:10E3800002300390B8E040F25010C2F20040043076
:10E390000390B1E040F25010C2F20040063003900A
:10E3A000AAE09DF8120030B9FFE740F24810C2F22F
:10E3B000004003900BE09DF81200012806D1FFE712
:10E3C00040F24010C2F200400390FFE7FFE793E005
:10E3D0009DF8120038B9FFE740F24810C2F2004041
:10E3E000023003900CE09DF81200012807D1FFE7EE
:10E3F00040F24010C2F2004002300390FFE7FFE716
:10E400007AE09DF8120038B9FFE740F24810C2F2F6
:10E410000040043003900CE09DF81200012807D161
:10E42000FFE740F24010C2F2004004300390FFE7E3
:10E43000FFE761E09DF8120038B9FFE740F24810AD
:10E44000C2F20040063003900CE09DF81200012853
:10E4500007D1FFE740F24010C2F2004006300390BF
:10E46000FFE7FFE748E09DF8120030B9FFE740F210
:10E470006010C2F2004003900BE09DF812000128EA
:10E4800006D1FFE740F25810C2F200400390FFE7C8
:10E49000FFE731E09DF8120038B9FFE740F2601065
:10E4A000C2F20040023003900CE09DF812000128F7
:10E4B00007D1FFE740F25810C2F20040023003904B
:10E4C000FFE7FFE718E09DF8120038B9FFE740F2D8
:10E4D0006010C2F20040043003900CE09DF812007E
:10E4E000012807D1FFE740F25810C2F20040043083
:10E4F0000390FFE7FFE7FFE7FFE7FFE7FFE703988A
:10E5000006B070470000000081B08DED000A9DED5F
:10E51000000A9FED071A20EE010A42F6BC10C2F273
:10E5200000400068BCEEC00A80ED0E0A01B07047E2
:10E5300000007A440000000080B584B00390ADF87C
:10E540000A100399BDF80A2041F24070C2F200405F
:10E55000019001F099FD019802F05AF904B080BDD4
:10E5600087B006908DF81710069804909DF8170054
:10E570000B21484303900399012000EBD100029046
:10E58000039800F0070001900498029A8118805ABD
:10E59000897840EA0140009000980199C8406FF3E3
:10E5A000DF2007B07047000082B08DF807009DF8AB
:10E5B00007100120009051B1FFE79DF8070000F01F
:10E5C0000F000438B0FA80F040090090FFE700988F
:10E5D00000F0010002B0704780B5FFF749FB42F23E
:10E5E0008051C2F2004108680130086042F6AA403A
:10E5F000C2F20040017801310170007864280DDB1F
:10E60000FFE741F24070C2F2004002F05DF942F6CD
:10E61000AA41C2F2004100200870FFE741F24070B9
:10E62000C2F2004002F0F4F880BD000000000000DB
:10E6300081B08DED000A9DED000A9FED071A20EED6
:10E64000010A42F60820C2F200400068BCEEC00A8F
:10E6500080ED100A01B0704700FF7F470000000006
:10E6600080B582B0019001980068A0F201200146B7
:10E670000091042841D80099DFE801F0030F1B271F
:10E680003300019800F1280141F24070C2F20040CD
:10E6900000F5C67003F098FB30E0019800F1280106
:10E6A00041F24070C2F2004000F52C7003F08CFB88
:10E6B00024E0019800F1280141F24070C2F20040CC
:10E6C00000F5757003F080FB18E0019800F1280157
:10E6D00041F24070C2F2004000F59F6003F074FB0D
:10E6E0000CE0019800F1280141F24070C2F20040B4
:10E6F00000F5496003F010F900E0FFE702B080BDCB
:10E7000080B582B0019001980068A0F20120014616
:10E710000091032834D80099DFE801F0020E1A2690
:10E72000019800F1280141F24070C2F2004000F56A
:10E73000EF6003F049FB23E0019800F1280141F26A
:10E740004070C2F2004000F69C0003F03DFB17E071
:10E75000019800F1280141F24070C2F2004000F53A
:10E760001C6003F0D9F80BE0019800F1280141F298
:10E770004070C2F2004000F6C82003F0CDF8FFE779
:10E7800002B080BD0000000086B00590049105989D
:10E79000039003980178407840EA0120ADF80A0020
:10E7A000049868B1FFE705980190049800900198DB
:10E7B0004078009908700198007800994870FFE748
:10E7C000BDF80A0006B0704780B542F6A940C2F213
:10E7D000004001780131017000780A2809DBFFE769
:10E7E00042F6A941C2F200410020087000F07CF816
:10E7F000FFE741F24070C2F2004002F04DF880BDE8
:10E8000080B58EB00D908DF833100B920A939DF861
:10E8100033008007002803D4FFE7002002900AE0BD
:10E820009DF833008007002804D5FFE74FF08040B3
:10E830000290FFE7FFE79DF83300C0080390022035
:10E8400004909DF833004007002803D4FFE701201F
:10E85000059009E09DF833004007002803D5FFE745
:10E8600002200590FFE7FFE70B9806900A980790B3
:10E870000D9802A9F6F790F89DF83300C00748B943
:10E88000FFE70D98694600230B6002221146F6F758
:10E890000FF90EE09DF83300C00748B1FFE70D986F
:10E8A000694601230B6002221146F6F701F9FFE7E2
:10E8B000FFE79DF833004007002806D4FFE70D98D6
:10E8C00001210022F5F778FF0CE09DF833004007A6
:10E8D000002806D5FFE70D9810210022F5F76CFF00
:10E8E000FFE7FFE70EB080BD80B586B0694608201F
:10E8F0000590086042F2DC70C2F20040029040F2E3
:10E900009002C2F200424FF400710391002304937D
:10E91000FFF7CAFA0599049B02986A46116040F213
:10E920008802C2F2004240F2FF11FFF7BDFA0399DC
:10E93000049B05986A46106042F67C00C2F20040D3
:10E9400040F2F002C2F20042FFF7AEFA06B080BD1C
:10E9500080B582B08DED010A9DED010A04F002F848
:10E9600002B080BD0000000080B584B003908DED42
:10E97000020ACDED010A039800F00100FFF748FA02
:10E980000398C0F34000FFF753FA0398C0F38000E8
:10E99000FFF72EFA42F60820C2F200400C21FAF7E7
:10E9A000ABFF42F6BC10C2F200400421FAF7A4FF0C
:10E9B0009DED020AFFF73CFE9DED010AFFF7A4FD65
:10E9C00004B080BD000000004EF6FC51CEF2000104
:10E9D000086840F08070086041F20401CEF2000146
:10E9E0000020086041F20003CEF200031A6842F0F2
:10E9F00001021A60096841F22872C2F200421160F5
:10EA000041F23071C2F20041486008607047000076
:10EA100082B08DED010A9DED010AB5EE400AF1EEDE
:10EA200010FA05DDFFE79DED010A8DED000A06E015
:10EA30009DED010AB1EE400A8DED000AFFE79DED64
:10EA4000000A02B07047000082B001900091019866
:10EA500000680021C4F20101884209D1FFE7019852
:10EA600040F26021C2F2004108600098486019E15C
:10EA700001980068B0F1804F09D1FFE7019840F29A
:10EA80007821C2F2004108600098486009E10198CD
:10EA9000006840F20041C4F20001884209D1FFE75A
:10EAA000019840F28021C2F200410860009848605D
:10EAB000F6E00198006840F60001C4F200018842C7
:10EAC00009D1FFE7019840F28821C2F200410860B5
:10EAD00000984860E3E00198006840F60041C4F205
:10EAE0000001884209D1FFE7019840F29021C2F26B
:10EAF0000041086000984860D0E00198006841F249
:10EB00000001C4F20001884209D1FFE7019840F2F8
:10EB10009821C2F20041086000984860BDE0019869
:10EB2000006841F20041C4F20001884209D1FFE7C8
:10EB3000019840F2A021C2F20041086000984860AC
:10EB4000AAE00198006840F20041C4F20101884245
:10EB500009D1FFE7019840F2A821C2F20041086004
:10EB60000098486097E00198006841F60001C4F2FF
:10EB70000001884209D1FFE7019840F23021C2F23A
:10EB8000004108600098486084E00198006841F600
:10EB90000041C4F20001884209D1FFE7019840F228
:10EBA0003821C2F2004108600098486071E0019885
:10EBB000006842F20001C4F20001884209D1FFE777
:10EBC000019840F24021C2F200410860009848607C
:10EBD0005EE00198006844F20001C4F2010188423D
:10EBE00009D1FFE7019840F24821C2F200410860D4
:10EBF000009848604BE00198006844F20041C4F27C
:10EC00000101884209D1FFE7019840F25021C2F288
:10EC1000004108600098486038E00198006844F6B8
:10EC20000001C4F20101884209D1FFE7019840F2D6
:10EC30005821C2F2004108600098486025E0019820
:10EC400000684EF20001C4F20001884209D1FFE7DA
:10EC5000019840F26821C2F20041086000984860C3
:10EC600012E0019800684EF20041C4F200018842AF
:10EC700009D1FFE7019840F27021C2F2004108601B
:10EC800000984860FFE7FFE7FFE7FFE7FFE7FFE7E0
:10EC9000FFE7FFE7FFE7FFE7FFE7FFE7FFE7FFE744
:10ECA000FFE7FFE702B0704780B584B003900291A0
:10ECB000ADF806200398006841F20001C4F201019A
:10ECC000884215D1FFE7039840F2BC41C2F20041EF
:10ECD00008600298C1F80802BDF80600A1F8040215
:10ECE0000398B1F8042201F58271FBF739F916E1B6
:10ECF0000398006844F20041C4F20001884215D133
:10ED0000FFE7039840F2C861C2F200410860029830
:10ED1000C1F80802BDF80600A1F804020398B1F892
:10ED2000042201F58271FBF71BF9F7E003980068F4
:10ED300044F60001C4F20001884215D1FFE70398B0
:10ED400040F6D401C2F2004108600298C1F80802FE
:10ED5000BDF80600A1F804020398B1F8042201F5F9
:10ED60008271FBF7FDF8D8E00398006844F6004193
:10ED7000C4F20001884215D1FFE7039840F6E02174
:10ED8000C2F2004108600298C1F80802BDF806000E
:10ED9000A1F804020398B1F8042201F58271FBF78F
:10EDA000DFF8B9E00398006845F20001C4F2000101
:10EDB000884215D1FFE7039840F6EC41C2F20041CA
:10EDC00008600298C1F80802BDF80600A1F8040224
:10EDD0000398B1F8042201F58271FBF7C1F89AE0BB
:10EDE0000398006841F20041C4F20101884215D144
:10EDF000FFE7039840F6F861C2F20041086002980C
:10EE0000C1F80802BDF80600A1F804020398B1F8A1
:10EE1000042201F58271FBF7A3F87BE003980068F8
:10EE200047F60001C4F20001884215D1FFE70398BC
:10EE300041F20411C2F2004108600298C1F80802D0
:10EE4000BDF80600A1F804020398B1F8042201F508
:10EE50008271FBF785F85CE00398006847F6004193
:10EE6000C4F20001884215D1FFE7039841F2103146
:10EE7000C2F2004108600298C1F80802BDF806001D
:10EE8000A1F804020398B1F8042201F58271FBF79E
:10EE900067F83DE00398006841F60001C4F2010103
:10EEA000884215D1FFE7039841F21C51C2F200419C
:10EEB00008600298C1F80802BDF80600A1F8040233
:10EEC0000398B1F8042201F58271FBF749F81EE0BE
:10EED0000398006841F60041C4F20101884215D14F
:10EEE000FFE7039840F2B021C2F2004108600298A7
:10EEF000C1F80802BDF80600A1F804020398B1F8B1
:10EF0000042201F58271FBF72BF8FFE7FFE7FFE72B
:10EF1000FFE7FFE7FFE7FFE7FFE7FFE7FFE704B0F3
:10EF200080BD00000000000080B582B00190019813
:10EF300000F04EFE0120B5EE400AF1EE10FA00900E
:10EF400022D1FFE7019800F04BFE0120B5EE400A08
:10EF5000F1EE10FA009017D1FFE7019800F048FE9B
:10EF60000120B5EE400AF1EE10FA00900CD1FFE757
:10EF7000019800F045FE0020B5EE400AF1EE10FACF
:10EF800018BF01200090FFE7009800F0010002B0D8
:10EF900080BD00000000000083B002908DED010AEA
:10EFA000CDED000A02990198C1F8C0050098C1F89A
:10EFB000C40503B07047000080B584B00390039887
:10EFC000019000F55A709FED070A8DED020A02F0DC
:10EFD00097FC01989DED020A00F58E6002F090FC0E
:10EFE00004B080BD0000000081B0009000990120B5
:10EFF00081F8780501B0704782B001908DED000A6C
:10F00000019A009902F5B960C2F8C8159DED000A91
:10F01000B1EE400A80ED010A02B070470000000026
:10F0200080B586B005900598009000F5907002902C
:10F030000321019102F0BCFE0098019900F51170C6
:10F04000039002F0B5FE02989FED060A8DED040ACA
:10F0500002F0A2FE03989DED040A02F09DFE06B0A8
:10F0600080BD00BF0000000081B00090009800F259
:10F070007C5090ED000A01B07047000000000000D5
:10F0800080B584B003900398019000218DF80B1097
:10F0900000F5B06090ED000AFFF7BAFC019800F2AD
:10F0A0009C5090ED001AB4EE410AF1EE10FA16DC15
:10F0B000FFE7019800F2845090ED000AFFF7A8FCEA
:10F0C000019800F29C5090ED001AB4EE410AF1EE66
:10F0D00010FA04DCFFE701208DF80B00FFE79DF834
:10F0E0000B0000F0010004B080BD00000000000033
:10F0F00080B584B003900398029000F5907002F000
:10F10000D3FDFFF785FC9FED361AB4EE410AF1EE10
:10F1100010FA22DCFFE7029800F5907002F034FE4E
:10F12000FFF776FCB2EE031AB4EE410AF1EE10FAE4
:10F1300013DBFFE7029800F5B06090ED000A9FED49
:10F14000291AB4EE410AF1EE10FA05DDFFE7029943
:10F15000012081F8A605FFE7FFE7029800F511708E
:10F1600002F0A2FDFFF754FC9FED1D1AB4EE410A18
:10F17000F1EE10FA22DCFFE7029800F5117002F0C0
:10F1800003FEFFF745FCB2EE031AB4EE410AF1EEBE
:10F1900010FA13DBFFE7029800F2845090ED000AAA
:10F1A0009FED101AB4EE410AF1EE10FA05DDFFE70B
:10F1B0000299012081F8A705FFE7FFE7029890F880
:10F1C000A6150120C907019029B9FFE7029890F818
:10F1D000A7050190FFE7019800F0010004B080BD91
:10F1E000CDCC4C3ECDCC4C3D80B586B0059005983D
:10F1F000039000F5907002F04FFD0398B0EE401AB6
:10F2000000F2E451019191ED002A00F5B8610291FC
:10F2100091ED000A91EE020A00F5B061049181EDD2
:10F22000000A00F5117002F037FD019B029A039865
:10F230000499B0EE401A93ED002A92ED010A91EE86
:10F24000020A81ED010A803091ED000A03F004FA10
:10F2500003980499D03091ED010A03F0FDF906B04E
:10F2600080BD00000000000081B00090009800F513
:10F27000B06090ED000A01B070470000000000008F
:10F2800081B00090009800F2845090ED000A01B027
:10F29000704700000000000081B00090009901203C
:10F2A00081F8790501B0704780B584B00390039868
:10F2B000019000218DF80B1000F5B06191ED000A6E
:10F2C00000F5B16090ED001A30EE410AFFF7A0FBA7
:10F2D000019800F29C5090ED001AB4EE410AF1EE54
:10F2E00010FA3BDCFFE7019800F2845191ED000A2F
:10F2F00000F28C5090ED001A30EE410AFFF788FBC7
:10F30000019800F29C5090ED001AB4EE410AF1EE23
:10F3100010FA23DCFFE7019800F5907002F0C4FCBE
:10F32000B7EEC00A9FED101BB4EE410BF1EE10FAE0
:10F3300013DCFFE7019800F5117002F0B5FCB7EEA1
:10F34000C00A9FED091BB4EE410BF1EE10FA04DC8C
:10F35000FFE701208DF80B00FFE7FFE79DF80B00AA
:10F3600000F0010004B080BD9A9999999999A93F3C
:10F3700081B000900099002081F8790501B07047B4
:10F3800080B584B003900398029000F5B06090EDD2
:10F39000000AFFF73DFB029800F5B46090ED001AFB
:10F3A000B4EE410AF1EE10FA17DBFFE7029800F520
:10F3B000907002F079FCFFF72BFB029800F5B76024
:10F3C00090ED001AB4EE410AF1EE10FA05DCFFE709
:10F3D0000299012081F8A405FFE7029800F2845009
:10F3E00090ED000AFFF714FB029800F5B46090ED71
:10F3F000001AB4EE410AF1EE10FA17DBFFE70298AB
:10F4000000F5117002F050FCFFF702FB029800F2C9
:10F41000BC5090ED001AB4EE410AF1EE10FA05DC92
:10F42000FFE70299012081F8A505FFE7029890F80F
:10F43000A4150020C907019029B1FFE7029890F8B0
:10F44000A5050190FFE7019800F0010004B080BD20
:10F4500080B584B003900398019000218DF80B10C3
:10F4600000F5B06191ED000A00F5B26090ED001A70
:10F4700030EE410AFFF7CCFA019800F29C5090ED73
:10F48000001AB4EE410AF1EE10FA3BDCFFE70198F6
:10F4900000F2845191ED000A00F2945090ED001AB0
:10F4A00030EE410AFFF7B4FA019800F29C5090ED5B
:10F4B000001AB4EE410AF1EE10FA23DCFFE70198DE
:10F4C00000F5907002F0F0FBB7EEC00A9FED101B44
:10F4D000B4EE410BF1EE10FA13DCFFE7019800F5F2
:10F4E000117002F0E1FBB7EEC00A9FED091BB4EE0C
:10F4F000410BF1EE10FA04DCFFE701208DF80B0060
:10F50000FFE7FFE79DF80B0000F0010004B080BDAD
:10F510009A9999999999A93F80B58CB00B908DEDE6
:10F520000A0ACDED090A0B9806909DED0A0A00F52E
:10F53000B06090ED001A30EE410AFFF769FA0698C4
:10F5400000F5B36090ED001AB4EE410AF1EE10FA46
:10F5500005DAFFE79DED0A0A8DED050A07E006983A
:10F5600000F5B36090ED000A8DED050AFFE70698FF
:10F570009DED050A8DED080A9DED090A00F2845003
:10F5800090ED001A30EE410AFFF742FA069800F5B6
:10F59000B36090ED001AB4EE410AF1EE10FA05DA0C
:10F5A000FFE79DED090A8DED040A07E0069800F5D6
:10F5B000B36090ED000A8DED040AFFE706989DED1B
:10F5C000040A8DED070A803000909DED080A02F0D4
:10F5D0008FFE0698D03002909DED070A02F088FE5B
:10F5E000009802F09DFE029802F09AFE009806999B
:10F5F00001F59071019103F027F8019802F0CCFB1E
:10F600000699029801F51171039103F01DF8039812
:10F6100002F0C2FB0CB080BD80B584B003900398AB
:10F620000290FFF7E1FD0298043001F0ADF9029875
:10F6300000F5907002F0E4FB029800F5117002F002
:10F64000DFFB029800F55A7002F076F9029800F597
:10F650008E6002F071F90298FFF74AFD01460298A8
:10F6600080F87A1590F87A05C00788B1FFE702980C
:10F6700000F590709FED070A8DED010A02F08CFBFA
:10F6800002989DED010A00F5117002F085FBFFE77D
:10F6900004B080BD0000000080B582B001900198E8
:10F6A0000090FFF725FD009800F5907002F0E0FB58
:10F6B000009800F5117002F0DBFB009800F55A701D
:10F6C00002F066F9009800F58E6002F061F902B070
:10F6D00080BD00000000000080B588B0079007984A
:10F6E0000490803002909FED140A8DED010A02F023
:10F6F000FFFD9DED010A0498D030059002F0F8FD61
:10F70000029802F00DFE059802F00AFE0298049994
:10F7100001F59071039102F097FF039802F03CFB12
:10F720000499059801F51171069102F08DFF069874
:10F7300002F032FB08B080BD0000000000000000B5
:10F7400080B598B017901798149000F590700A90B3
:10F750006A4600211691116042F67C01C2F2004116
:10F7600004910122032305939FED820A8DED020A85
:10F77000F3EE040ACDED030A02F0AEFB9DED020AA2
:10F78000DDED030A0499059B1498169A00F5117093
:10F790000B90EC46CCF80020022202F09DFB04996D
:10F7A000059B149800F55A709FED730A8DED060ABB
:10F7B000F2EE040ACDED070A1A4602F015F9049993
:10F7C000059B9DED060ADDED070A149800F58E6095
:10F7D0000422159202F008F91498169900F5B870F1
:10F7E000B1EE080A8DED080ADFED640ACDED090AD5
:10F7F0009FED633A8DED123A9FED625A8DED135AEB
:10F80000B0EE451AF0EE451AB0EE452AF0EE452A64
:10F81000F0EE453AB0EE454AF0EE454A02F0D8FE29
:10F820009DED080ADDED090A9DED123A9DED135A92
:10F830001498169900F52570B0EE451AF0EE451AA9
:10F84000B0EE452AF0EE452AF0EE453AB0EE454AD4
:10F85000F0EE454A02F0BCFE0A989FED4B0A8DED92
:10F860000C0A02F0C1FA0B989DED0C0A02F0BCFAEA
:10F870009DED123A9DED135A1498169980309FED24
:10F88000430A8DED0D0ADFED420ACDED0E0A9FED24
:10F89000411A8DED0F1AF0EE082ACDED102AF0EE88
:10F8A000451AB0EE452AF0EE453AB0EE454AF0EE84
:10F8B000454A02F08DFE9DED0D0ADDED0E0A9DED2F
:10F8C0000F1ADDED102A9DED123A9DED135A149892
:10F8D0001699D030F0EE451AB0EE452AF0EE453AD2
:10F8E000B0EE454AF0EE454A02F072FE9DED123A46
:10F8F0009DED135A1498169900F56E70B0EE000A3B
:10F900008DED110AF0EE450AB0EE451AF0EE451AFB
:10F91000B0EE452AF0EE452AF0EE453AB0EE454A03
:10F92000F0EE454A02F054FE9DED110A9DED123AAB
:10F930009DED135A1498169900F59860F0EE450A5B
:10F94000B0EE451AF0EE451AB0EE452AF0EE452A23
:10F95000F0EE453AB0EE454AF0EE454A02F038FE88
:10F96000149B1599169A181D9B6702F089FC18B014
:10F9700080BD00BF2CA0994100001042CDCCCC3DF1
:10F980006F12833A000000009A99193F000070C27C
:10F99000295C8F3D0AD7A33C80B584B003900399BE
:10F9A000019101F55A7001F5B961029191ED000ADA
:10F9B00001F0A6FF0198029900F58E6091ED010A11
:10F9C00001F09EFF04B080BD80B588B00790079815
:10F9D000019000F5907003900521029102F0E8F982
:10F9E0000198029900F51170069002F0E1F9039870
:10F9F00040F20001C2F20041049191ED000A40F290
:10FA00007801C2F20041059191ED001A30EE010A31
:10FA100002F0E2FA049A0599069892ED000A91ED37
:10FA2000011A30EE010A02F0D7FA08B080BD0000DA
:10FA300080B584B003900398019000F590709FED1D
:10FA4000070A8DED020A02F0A7F901989DED020A5E
:10FA500000F5117002F0A0F904B080BD00000000B4
:10FA600080B584B003900398019000210291017049
:10FA7000043001F099F80198803002F0F9FD019806
:10FA8000D03002F0F5FD019800F5907002F0B0FA68
:10FA9000019800F5117002F0ABFA019800F55A7068
:10FAA00002F01AF8019800F58E6002F015F801983E
:10FAB000029980F8781580F8791580F87A15002277
:10FAC000C4F24832C0F87C25C0F88015C0F884150F
:10FAD00045F62942CBF68F62C0F88825C0F88C2500
:10FAE00048F65C72CBF6C262C0F89025C0F8942547
:10FAF0004CF6CD42C3F6CC62C0F898254CF28F226A
:10FB0000C3F6F542C0F89C25C0F8A02580F8A415DE
:10FB100080F8A51580F8A61580F8A7150022CCF26C
:10FB20002002C0F8A825C0F8AC250022C4F2A0022B
:10FB3000C0F8B025C0F8B4254FF07E52C0F8B82503
:10FB4000C0F8BC25C0F8C015C0F8C415C0F8C81569
:10FB5000C0F8CC1500F5BA6244F25E31C3F6F97113
:10FB6000C0F8D01543F24C71C3F68951C0F8D415D2
:10FB700000F5BB6C0021C4F2C011C0F8D815FF21FC
:10FB800080F8DC1500F5BC6341F26F21C3F6034138
:10FB9000C0F8E01500F2E45190F9DCE500EE10EA5F
:10FBA000B8EEC00A9CED001A20EE010A93ED001A8F
:10FBB00020EE010A92ED001A9FED042A21EE021AAE
:10FBC00080EE010A81ED000A04B080BDDB0FC94060
:10FBD00081B00090009890ED120A01B070470000CB
:10FBE00081B00090009890ED130A01B070470000BA
:10FBF00081B00090009890ED100A01B070470000AD
:10FC000081B00090009890ED110A01B0704700009B
:10FC100081B00090009890F85C0001B0704700003F
:10FC200081B00090009890F85D0001B0704700002E
:10FC300081B00090009890F85E0001B0704700001D
:10FC400081B00090009890F85F0001B0704700000C
:10FC500084B0039002910192039800900298008C66
:10FC60000199098C884248D1FFE70298408C01999C
:10FC7000498C884241D1FFE70298C08C0199C98C18
:10FC800088423AD1FFE70298808C0199898C88429A
:10FC900033D1FFE70298008D0199098D88422CD15C
:10FCA000FFE70298408D0199498D884225D1FFE7F1
:10FCB000009890F8DD1090F8E10088421DD1FFE730
:10FCC000009890F8DE1090F8E200884215D1FFE726
:10FCD000009890F8DF1090F8E30088420DD1FFE71C
:10FCE000009890F8E01090F8E400884205D1FFE712
:10FCF0000099002081F8E60004E00099012081F8D5
:10FD0000E600FFE704B0704781B00090009890F8DB
:10FD1000E50001B07047000080B588B006900591FD
:10FD2000ADF8122006980090BDF81200182804D8EB
:10FD3000FFE700208DF81F003FE04FF0FF300390F9
:10FD40000020ADF80A00FFE7BDF80A001930BDF841
:10FD5000121088421CD8FFE70598BDF80A10084425
:10FD60000190019800780F2801D0FFE70AE0019880
:10FD7000007EFEF719FC08B9FFE703E0BDF80A00B2
:10FD80000390FFE7BDF80A000130ADF80A00DBE799
:10FD90000398B0F1FF3F04DCFFE700208DF81F005F
:10FDA0000BE000980C300599039A11441922F0F7E2
:10FDB00077FB01208DF81F00FFE79DF81F0008B0BA
:10FDC00080BD00000000000080B586B00590059859
:10FDD000039000208DF81300FFE79DF813000F2813
:10FDE00014D8FFE703980C309DF81310FEF7B8FB0A
:10FDF00003999DF8132001EB4201A1F86000FFE791
:10FE00009DF8130001308DF81300E6E7039890F891
:10FE1000231000F14002029280F8841090F88410C0
:10FE200001F00101002918BF40F2FF71A0F8801015
:10FE300090F8841001F00201002918BF40F2FF7110
:10FE4000A0F8821090F88410C1F3800180F885102A
:10FE500090F88410C1F3C00180F88610012102F0EF
:10FE60002FFC01460398B7EE000A8DED010A02F05F
:10FE70005BFC039880ED100A022102F021FC9DED4D
:10FE8000010A0146039802F04FFC039880ED110A25
:10FE9000042102F015FC9DED010A0146039802F0D1
:10FEA00043FC039880ED120A032102F009FC9DED4A
:10FEB000010A0146039802F037FC039880ED130A0B
:10FEC000052102F0FDFB9DED010A0146039802F0B9
:10FED0002BFC039880ED140A062102F0F1FB9DED46
:10FEE000010A0146039802F01FFC039880ED150AF1
:10FEF000016D8165072102F0E3FB0146039890F84C
:10FF0000E12002F039FC0146039880F8DD10082159
:10FF100002F0D6FB0146039890F8E22002F02CFC98
:10FF20000146039880F8DE10092102F0C9FB014662
:10FF3000039890F8E32002F053FC0146039880F800
:10FF4000DF100A2102F0BCFB0146039890F8E42080
:10FF500002F012FC0146039880F8E01090F8DD10E2
:10FF6000013918BF062180F85C1090F8DE100139C5
:10FF700018BF062180F85D1000F15E0190F8DF20C7
:10FF800090F8E33000F0F8F80398029A90F8E01047
:10FF9000013918BF062180F85F1000F18801FFF7D2
:10FFA00057FE06B080BD000080B584B00390039872
:10FFB00001900021029180F824100162C1618161E9
:10FFC00041610161C16080F83D10C0F83910C0F88E
:10FFD0003510C0F83110C0F82D10C0F82910C0F845
:10FFE0002510403048210091F0F7D1FA009901988E
:10FFF0008830F0F7CCFA01990298012281F8DD20CF
:020000040801F1
:1000000081F8DE2081F8DF2081F8E02081F8E1200E
:1000100081F8E22081F8E32081F8E42081F85C0097
:1000200081F85D0081F85E0081F85F0081F8A4002E
:1000300081F8A50081F8A60081F8A70081F8DC000E
:1000400004B080BD0000000080B582B0019001982E
:10005000009040304821F0F79AFA0099012081F889
:10006000DD0081F8DE0081F8DF0081F8E00000208B
:1000700081F85C0081F85D0081F85E0081F85F0026
:1000800081F8E60002B080BD80B584B00390029193
:10009000ADF80620039800900299BDF80620FFF7FE
:1000A0003BFE38B9FFE70099B1F8DA000130A1F85A
:1000B000DA005FE00098FFF787FE009890F885006F
:1000C000C00730B9FFE7009890F88600C00748B332
:1000D000FFE70098012180F8DC10002180F8E5108E
:1000E000FFF7B2FF009800F10C0125301922F0F75C
:1000F000D7F9009800F1400188304822F0F715FA4E
:10010000009991F8DD0081F8E10091F8DE0081F8B6
:10011000E20091F8DF0081F8E30091F8E00081F857
:10012000E40027E00098002180F8DC10D0F8D0101F
:100130000131C0F8D01000F10C0125301922F0F780
:10014000AFF9009800F1400188304822F0F7EDF94E
:10015000009991F8DD0081F8E10091F8DE0081F866
:10016000E20091F8DF0081F8E30091F8E00081F807
:10017000E400FFE704B080BD87B0069005918DF8DC
:1001800013208DF812309DF81200014603910128CA
:1001900008D0FFE70398022820D0FFE70398032840
:1001A00038D038E09DF8130001460291012808D0AC
:1001B000FFE70298022808D0FFE70298032808D03A
:1001C0000BE005990020087007E0059904200870ED
:1001D00003E0059901200870FFE739E09DF813005E
:1001E00001460191012808D0FFE70198022808D0B4
:1001F000FFE70198032808D00BE00599022008705A
:1002000007E005990620087003E0059905200870AD
:10021000FFE71DE0FFE79DF813000146009101286C
:1002200008D0FFE70098022808D0FFE700980328CD
:1002300008D008E005990220087008E0059904201C
:10024000087004E0FFE7059903200870FFE7FFE767
:1002500007B070470000000082B001900198009044
:1002600090F8DC00C00728B1FFE70099002081F872
:10027000E50017E00099D1F8D000D1F8D4108842F9
:100280000AD1FFE70099002081F8E500B1F8D80015
:100290000130A1F8D80004E00099012081F8E500C0
:1002A000FFE7FFE70099D1F8D000C1F8D40002B011
:1002B000704700000000000080B584B003900291F8
:1002C000039801900298006841F20001C4F2010114
:1002D000884207D1FFE7019940F2BC40C2F20040DA
:1002E000086054E00298006844F20041C4F2000142
:1002F000884207D1FFE7019940F2C860C2F200408E
:10030000086043E00298006844F60001C4F200016E
:10031000884207D1FFE7019940F6D400C2F20040BD
:10032000086032E00298006844F60041C4F200011F
:10033000884207D1FFE7019940F6E020C2F2004071
:10034000086021E00298006845F20001C4F2000153
:10035000884207D1FFE7019940F6EC40C2F2004025
:10036000086010E00298006841F20041C4F2010107
:10037000884207D1FFE7019940F6F860C2F20040D9
:100380000860FFE7FFE7FFE7FFE7FFE7FFE7019808
:100390000021C4F2784141604CF20001C4F24C41AA
:1003A0008160FFF701FE04B080BD00000000000086
:1003B00081B0009000980021016048F20002C4F270
:1003C000BB4242600022C4F2FA328260C0F8D01010
:1003D000C0F8D410A0F8D810A0F8DA1080F8DC101B
:1003E000012280F8DD2080F8DE2080F8DF2080F810
:1003F000E02080F8E12080F8E22080F8E32080F817
:10040000E42080F8E51080F8E61001B070470000A5
:1004100085B002AA009202460098049280ED010A7B
:10042000C0ED000A8DF8071004990398086102983E
:1004300048619DF80700087105B070470000000092
:1004400081B0009000980021016001718160C1605D
:1004500001614161816101B070470000000000004E
:1004600080B584B0039003990191086889880122BE
:100470000292F5F721FF01990298887104B080BDBE
:1004800080B582B0019001990091086889880022A6
:10049000F5F712FF00990220887102B080BD0000BC
:1004A00080B584B003900291ADF8062003980299BC
:1004B0000160BDF806108180FFF7E2FF04B080BD47
:1004C00081B0009000980021817101B07047000058
:1004D00080B59AB019901998109000F0A5F910986D
:1004E00000211891179190F8390E012840F083816E
:1004F000FFE7109890F8380E002840F07C81FFE765
:100500001098002113911291FFF76AFBFEF780FA11
:10051000109800F63C6090ED001AB4EE410AF1EE3E
:1005200010FA06DDFFE71098FFF75AFB8DED0F0A72
:1005300004E09FEDB50A8DED0F0AFFE710989DEDE1
:100540000F0A8DED160AFFF743FBFEF761FA1098CC
:1005500000F63C6090ED001AB4EE410AF1EE10FA9C
:100560000CDDFFE71098FFF733FBB0EE401A9FED6C
:10057000A70A30EE410A8DED0E0A04E09FEDA20AB3
:100580008DED0E0AFFE710989DED0E0A8DED150A10
:10059000FFF72EFBFEF73CFA109800F63C6090ED5A
:1005A000001AB4EE410AF1EE10FA0CDDFFE71098E4
:1005B000FFF71EFBB0EE401A9FED940A30EE410AA1
:1005C0008DED0D0A04E09FED900A8DED0D0AFFE719
:1005D0009DED0D0A8DED140A9DED160A8DED050AAF
:1005E0009DED150A20EE000AB0EE001A8DED071AF7
:1005F00080EE011AB7EE000A8DED080A30EE410ACE
:10060000FEF7A6F91098B0EE401A9DED050A20EE0F
:10061000010A8DED060A00F59C700A9000F064FD59
:100620009DED061A9DED072AB0EE403A9DED080AB1
:1006300021EE031A8DED131A9DED151A8DED091A91
:100640009DED161A21EE011A81EE021A30EE410AD2
:10065000FEF77EF90A98B0EE401A9DED090A20EEE9
:10066000010A8DED0B0A00F04BFD0A98B0EE401A1E
:100670009DED0B0A20EE010A8DED120A9DED140A84
:100680008DED0C0A00F078FC1098B0EE401A9DED4C
:100690000C0A20EE010A41F23C71C2F2004181EDE8
:1006A000000A91ED001A41F23871C2F2004191ED59
:1006B000000A30EE010A81ED000AFFF7A9FA0628C8
:1006C00007D1FFE7109800F59C70002100F054FD61
:1006D00020E01098FFF79CFAD8B9FFE7109800F5D2
:1006E0009C700490012100F047FD04989DED130AD1
:1006F00000F02AFD04989DED120A00F031FD0498E7
:1007000041F23C71C2F2004191ED000A00F0E0FCC0
:10071000FFE7FFE79DED160A8DED010A9DED150A35
:1007200020EE000AB8EE001A80EE010AB7EE001AB9
:1007300030EE010AFEF70CF91098B0EE401A9DED6C
:10074000010A20EE010A8DED030A00F5CB6002904C
:10075000FEF78AFC0298B0EE401A9DED030A20EEE7
:10076000010A8DED110A9DED110AFEF745FC109866
:10077000FFF766FAA0B9FFE71098FFF739FAB7EE6E
:10078000C00A9FED1F1BB4EE410BF1EE10FA06DD1F
:10079000FFE7109800F5CB60FEF726FCFFE7FFE7C8
:1007A0001098FFF745FA30B9FFE7109800F5CB60D5
:1007B000FEF772FD05E0109800F5CB60FEF7D8FD5E
:1007C000FFE71098FFF73CFA062813D1FFE71098CF
:1007D000FFF70EFAB7EEC00A9FED091BB4EE410B0E
:1007E000F1EE10FA05DDFFE71099012081F81C0EEB
:1007F000FFE7FFE7FFE71AB080BD00BF00BF00BF03
:10080000666666666666EE3F0000000000000080D7
:1008100080B582B001900198009000F005F8009832
:10082000FFF756FE02B080BD80B582B001900198FE
:10083000009000F019F80098FFF7F2F906280BD1A4
:10084000FFE70098FFF760FA012805D1FFE700995C
:10085000012081F8390E04E00099002081F8390E5A
:10086000FFE702B080BD000080B582B00190019822
:100870000090FEF759FB28B1FFE70099002081F8AE
:10088000380E04E00099022081F8380EFFE702B02C
:1008900080BD00000000000080B582B0019001988A
:1008A000009000F59C70012100F0BEFD009800F55D
:1008B000CB60FEF7B1FE009800F5446000F068FAE6
:1008C00002B080BD0000000080B582B001900198A8
:1008D0000090FFF7C1FC009800F5CB60FEF7DCFE4E
:1008E00002B080BD0000000080B584B003908DEDA3
:1008F000020A0398019042F61441C2F20041FFF748
:10090000DBFC019800F59C70F1EE000AB2EE001AD3
:10091000B0EE600A00F098FD019800F5CB60FEF79C
:100920000FFF019800F5446000F066FA0199029803
:10093000C1F83C0E04B080BD80B582B00190019832
:100940000090FFF735FD0098E83001F091FE009827
:1009500000F59C7000F088FE009800F5CB60FFF772
:100960007FF8009800F5446000F0D2FA0098022168
:1009700080F8381E002180F8391E012180F83A1EC7
:1009800002B080BD0000000080B586B005900598DB
:10099000039090F8711000EBC10251680131516071
:1009A00090F8710001460491042800F2F480049943
:1009B000DFE801F0037C4CACD1000398406FFEF7F8
:1009C000DFFC28B9FFE70398406FFEF7FDFF3CE02E
:1009D0000398406FFEF7D4FCB0B3FFE70398406F75
:1009E000FEF71EFB0398406F90F87805C00750B3E0
:1009F000FFE70398406F0190FEF736FC03988DEDFA
:100A0000020A406FFEF73CFC0198F0EE400A9DEDB3
:100A1000020AFEF7C1FA039890F8711000EBC102C8
:100A200000215160406F90F87905C00728B1FFE7B9
:100A30000398022101F008FC04E00398012101F071
:100A400003FCFFE7FFE7FFE7FFE7A4E00398406F41
:100A5000FEF7FEFC58B9FFE70398406F00F5B2615E
:100A600091ED000AD1ED010AFEF756FD1DE0039855
:100A7000406FFEF7EDFCB8B1FFE70398406FFEF75B
:100A8000D7FF0398406F90F87805C00758B1FFE78B
:100A9000039890F8711000EBC1020021516003210E
:100AA00001F0D2FBFFE7FFE7FFE774E00398406F38
:100AB000FEF7FAFB58B9FFE70398406F00F5B16104
:100AC00091ED000AD1ED010AFEF726FD1DE0039825
:100AD000406FFEF7E9FBB8B1FFE70398406FFEF700
:100AE000A7FF0398406F90F87805C00758B1FFE75B
:100AF000039890F8711000EBC102002151600321AE
:100B000001F0A2FBFFE7FFE7FFE744E00398406F37
:100B1000FEF742FF0398406F90F87805C007C8B110
:100B2000FFE7039890F8711000EBC1004068B0F542
:100B3000FA6F0FD9FFE70398406FFEF73DFA03986D
:100B400090F8711000EBC10200215160042101F006
:100B50007BFBFFE71FE00398406FFEF791FA28B98F
:100B6000FFE70398406FFEF7B7FD13E00398406F6F
:100B7000FEF786FA68B1FFE70398406F90F87805B2
:100B8000C00728B1FFE70398012101F05DFBFFE7F3
:100B9000FFE7FFE7FFE70398416F002081F8780542
:100BA00006B080BD0000000080B582B001900198C1
:100BB000009001F095FB0098002180F8781002B0B9
:100BC00080BD00000000000080B582B00190019857
:100BD00050309FED030A00F093FE02B080BD00BFCD
:100BE000000000000000000081B00090009890F824
:100BF000DC0100F0010001B07047000000000000BF
:100C000080B584B003900398019000218DF80B10FB
:100C100090ED7A0A90ED7B1A30EE410AFDF7F8FE6E
:100C20009FED0F1AB4EE410AF1EE10FA12DAFFE767
:100C30000198503000F0F8FDFDF7EAFE9FED091A2B
:100C4000B4EE410AF1EE10FA04DAFFE701208DF864
:100C50000B00FFE79DF80B0000F0010004B080BD21
:100C6000CDCCCC3ECDCC4C3D80B584B00390039828
:100C70000290503001909FED060A00F041FE01986D
:100C800000F0CAFD029880ED790A04B080BD00BF73
:100C9000000000000000000080B584B003900398BD
:100CA000019000218DF80B1090ED7A0A90ED7C1ADE
:100CB00030EE410AFDF7ACFE9FED0F1AB4EE410A8B
:100CC000F1EE10FA12DAFFE70198503000F0ACFDB7
:100CD000FDF79EFE9FED091AB4EE410AF1EE10FAFF
:100CE00004DAFFE701208DF80B00FFE79DF80B0009
:100CF00000F0010004B080BDCDCC4C3ECDCC4C3DCD
:100D000080B582B0019001980090503000F084FDD1
:100D1000009890ED781A90ED792A30EE420A20EE94
:100D2000010A9FED061A80EE010A80ED7A0A90ED25
:100D30007A0A01F091FC02B080BD00BFDB0FC94010
:100D400082B00190019890F8DD01B0FA80F040097E
:100D50008DF803009DF8030000F0010002B0704719
:100D600080B584B003900398019090ED7B0A01F068
:100D7000BFFA019801F0D4FA019800F150010291F4
:100D800001F062FC029800F0BBFD04B080BD0000E1
:100D900080B582B00190019800900020C5F6020055
:100DA0000121F5F771FA0146009880F8DD11FFF78F
:100DB000A7FF009800F5B07001F066F90098503078
:100DC00000F0BAFD02B080BD80B584B003900398F6
:100DD000019090ED7C0A01F08BFA019801F0A0FAE5
:100DE000019800F15001029101F02EFC029800F0F0
:100DF00087FD04B080BD000080B588B007900798DB
:100E00000590503042F2DC71C2F20041052203230A
:100E10009FED2D0AF2EE040ACDED000A00F0E4FD8C
:100E20000598B2EE080ADFED290ACDED010A9FED23
:100E3000283A8DED023ADFED274ACDED034AB7EEB1
:100E4000005A8DED045A00210691B0EE641AF0EEBE
:100E5000641AB0EE452AF0EE642AF0EE643AB0EE81
:100E6000644A01F0B5FB9DED000A9DED012A9DED60
:100E7000023ADDED034A9DED045A05980699A0302B
:100E8000F1EE082AF0EE420AB0EE431AF0EE641AD0
:100E9000F0EE643AB0EE644A01F09AFB059800F572
:100EA000AC7040F60001C5F602014FF40052FFF7A6
:100EB000F7FA0599069A01F5B070C1F8D41104212A
:100EC00001F0DEF908B080BD000010420AD7233CD3
:100ED0006F12833A0000000080B582B00190019942
:100EE00001F1500091ED7D0A00F00AFD02B080BDD5
:100EF00080B582B00190019850309FED030A00F058
:100F0000FFFC02B080BD00BF000000000000000038
:100F100080B582B001900198009001F0A9FB009883
:100F2000503000F0D9FD009800F5AC70FFF7C8FA1A
:100F3000009800F5B07001F077F90098002180F872
:100F4000DD114CF6CD42C3F6CC62C0F8E021C0F80A
:100F5000E411C0F8E8114FF04041C0F8EC11002155
:100F6000CCF26011C0F8F0110021C4F2A011C0F859
:100F7000F41102B080BD000081B00090009800F232
:100F8000EC4090ED000A01B0704700000000000046
:100F900082B001908DED000A01990098C1F81C05FE
:100FA00002B070470000000080B58CB00B900B9829
:100FB0000190002002900A900990089007900690F6
:100FC000059004900390FFE70398032814DCFFE7E3
:100FD000019A03984FF4927100FB0120543000F005
:100FE00063FE039904A800EB810080ED000AFFE78F
:100FF000039801300390E7E701989DED040A9DED09
:10100000053A9DED062A9DED071A30EE430A30EEB3
:10101000420A30EE010A9FED2C2A20EE020A9FEDD3
:101020002B1A20EE010A8DED0A0A9DED040A9DEDB2
:10103000055A9DED064A9DED073A30EE050A30EE61
:10104000440A30EE430A20EE020A20EE010A8DED3A
:10105000090A9DED040A9DED053A9DED062A9DEDD8
:10106000071A30EE030A30EE020A30EE010AB7EE3C
:10107000C00ABCEE001B20EE010B9FED0F1B20EE03
:10108000010B9FED0F1B80EE010BB7EEC00B8DED3A
:10109000080A9DED0A0A00F03FF801989DED090A43
:1010A00000F046F801989DED080AFFF771FF0CB0BB
:1010B00080BD00BF00BF00BF000000A045B6C33F19
:1010C00000000060B81ED13FF404353E2DB21D3E35
:1010D00082B001908DED000A01990098C1F81005C9
:1010E00002B070470000000081B00090009800F24C
:1010F000E44090ED000A01B07047000000000000DD
:1011000081B00090009800F59D6090ED000A01B05C
:10111000704700000000000082B001908DED000AD1
:1011200001990098C1F8140502B070470000000052
:1011300082B001908DED000A01990098C1F8180560
:1011400002B070470000000082B001908DED000AEF
:1011500001990098C1F8080502B07047000000002E
:1011600082B001908DED000A01990098C1F80C053C
:1011700002B070470000000082B001908DF80310AB
:1011800001999DF8030081F8040502B07047000042
:1011900080B592B011901198049090F80405014622
:1011A000059120B1FFE7059801282ED018E1002015
:1011B0001090FFE71098032826DCFFE7049800F161
:1011C0005402019210984FF49271029100FB012099
:1011D000032100F0EDFD019A0299109800FB012017
:1011E0009FED8F0A8DED030A01F08EF8019A0299A6
:1011F0009DED030A109800FB012000F0CDFDFFE7F4
:10120000109801301090D5E7EAE000200F90FFE73A
:101210000F9803280FDCFFE7049A0F984FF49271A0
:1012200000FB01205430032100F0C2FDFFE70F98BE
:1012300001300F90ECE7049800F2E44090ED000AD2
:10124000B5EE400AF1EE10FA0CD0FFE7049901F573
:10125000A16001F2E441D1ED000AB1EE600AFCF7B1
:10126000F7FDFFE7049800F59D6090ED000AB5EEEC
:10127000400AF1EE10FA0CD0FFE7049901F20C508D
:1012800001F59D61D1ED000AB1EE600AFCF7E0FDC9
:10129000FFE7049800F2EC4090ED000AB5EE400A3A
:1012A000F1EE10FA0CD0FFE7049901F5A26001F20B
:1012B000EC41D1ED000AB1EE600AFCF7C9FDFFE791
:1012C000049800F5A16393ED000A00F20C5292ED30
:1012D000001A30EE010AB7EEC01A00F5A26191EDD6
:1012E000000A9FED4D3A20EE030AB7EEC00A9FEDCB
:1012F000482B91EE020BB7EEC00B8DED0E0A93ED6D
:10130000000A92ED001A30EE410AB7EEC01A91EDD4
:10131000000A20EE030AB7EEC00A91EE420BB7EEC8
:10132000C00B8DED0D0A93ED001A92ED000A30EE20
:10133000010AB7EEC01A91ED000A20EE030AB7EEDB
:10134000C00A91EE420BB7EEC00B8DED0C0A93ED87
:10135000001A92ED000A30EE410AB7EEC01A91ED84
:10136000000A20EE030AB7EEC00A91EE420BB7EE78
:10137000C00B8DED0B0A9DED0E0A9FED281A20EE95
:10138000010A8DED0A0A9DED0D0A20EE010A8DED90
:10139000090A9DED0C0A20EE010A8DED080A9DED6B
:1013A0000B0A20EE010A8DED070A54309DED0A0A62
:1013B00000F0F2FC049800F5BC709DED090A00F005
:1013C000EBFC049800F527709DED080A00F0E4FCA2
:1013D000049800F570709DED070A00F0DDFCFFE752
:1013E00000200690FFE7069803280EDCFFE7049A2A
:1013F00006984FF4927100FB0120543000F000FD7C
:10140000FFE7069801300690EDE712B080BD00BFFF
:10141000000000809EA0E63FC3F5883ECECA4F4143
:10142000000000000000000080B584B003908DF83B
:101430000B1003980190FFF7B7FD0198FFF7A8FE86
:1014400004B080BD0000000080B598B017908DED0D
:10145000160ACDED150A8DED141A179804901699F9
:10146000C0F8E4141599C0F8E8141499C0F8EC1405
:101470009FED730A8DED020ADFED720ACDED030ACE
:1014800000210E91FEF7C4FF9DED020ADDED030A77
:1014900004980E991C30FEF7BBFF04980E99383063
:1014A000DFED690AB0EE600AFEF7B2FF04980E990C
:1014B00000F154020B92A430B1EE080A8DED050A3A
:1014C0009FED621A8DED061A9FED612A8DED072AB8
:1014D000DFED602ACDED082A9FED5F3A8DED093AE8
:1014E0009FED5E5A8DED0A5AF0EE450AF0EE451A70
:1014F000F0EE453AB0EE454AF0EE454A01F068F8A4
:1015000004989DED050A9DED061A9DED072ADDED77
:10151000082A9DED093A9DED0A5A0E9900F5BC7214
:101520000C9200F5E470F0EE450AF0EE451AF0EE8C
:10153000453AB0EE454AF0EE454A01F049F80498C4
:101540009DED050A9DED061A9DED072ADDED082AA1
:101550009DED093A9DED0A5A0E9900F527720D92FC
:1015600000F53B70F0EE450AF0EE451AF0EE453A14
:10157000B0EE454AF0EE454A01F02AF804989DED98
:10158000050A9DED061A9DED072ADDED082A9DED61
:10159000093A9DED0A5A0E9900F570720F9200F506
:1015A0008260F0EE450AF0EE451AF0EE453AB0EEF4
:1015B000454AF0EE454A01F00BF80B980E996A4641
:1015C000116042F2DC71C2F200411091012203234A
:1015D00011939FED230A8DED120AF3EE040ACDED6F
:1015E000130A00F079FC0C980E9A1099119B9DED4E
:1015F000120ADDED130AEC46CCF80020022200F0BE
:101600006BFC0D980E9A1099119B9DED120ADDED61
:10161000130AEC46CCF800201A4600F05DFC0E9A46
:101620000F981099119B9DED120ADDED130AEC46FF
:10163000CCF80020042200F04FFC18B080BD00BFA1
:10164000A69BC43BA69B443C0AD7233C8FC2F53CD7
:101650000000484200007A446F12833A0000000004
:101660002CA099410000000080B586B00490049839
:1016700001900590FEF7E4FE01981C30FEF7E0FEB5
:1016800001983830FEF7DCFE019901F1540001F2B7
:10169000E44102910390FFE70398009000F0A8FC5A
:1016A0000098029A00F59271084691420390F3D196
:1016B000FFE701994FF08D40C1F8F004002081F858
:1016C0000405C1F80805C1F80C05C1F81005C1F8FA
:1016D0001405C1F81805C1F81C05059806B080BDB1
:1016E00080B586B0059005980190D0F8A0002C3008
:1016F0000290029804A9FDF747F8029802300DF114
:101700000E01FDF741F80298043003A9FDF73CF8FB
:101710000199BDF81000D1F8E420801AADF812004C
:10172000BDF91200B1F8B4104A42C1EBD271B0EB6E
:10173000610F07DAFFE70199D1F8EC000130C1F839
:10174000EC0010E00199BDF91200B1F8B410B0EB53
:10175000510F07DDFFE70199D1F8EC000138C1F81E
:10176000EC00FFE7FFE70199D1F8EC00B1F8B420F5
:10177000BDF8103000FB0230C1F8E80091ED2B1AE3
:1017800091ED3A0AB8EEC00AB1F8B40002EE100AC0
:10179000B8EE422A80EE020A30EE000A9FED1A2AC5
:1017A00020EE020A80EE010A81ED340ABDF90E0036
:1017B00000EE100AB8EEC00A9FED141A20EE010ADE
:1017C00091ED2B1A80EE010A81ED350ABDF90C006E
:1017D00000EE100AB8EEC00A91ED2E1A80EE010A52
:1017E00081ED360A0298807900EE100AB8EEC00A40
:1017F0009FED071A30EE010A81ED370ABDF810009F
:10180000C1F8E40006B080BDDB0F49405077D63DFB
:10181000339388430000000081B00090009890ED61
:10182000340A01B07047000081B00090009890ED3C
:10183000350A01B07047000080B586B00590059864
:10184000039090F8F00001460491012808D0FFE7CA
:101850000498032805D0FFE7049804281DD045E02C
:1018600049E0039901F15000029091ED3E0A91ED9B
:10187000401A30EE010A00F03BFD0298039991ED09
:10188000350A00F0E9FE029800F04AFD029800F0E7
:10189000DBFE039880ED3F0A2DE0039890ED3D0AB2
:1018A00000F026FD039800F03BFD039800F0CCFE0D
:1018B000039981ED3E0A01F15000019091ED3E0A3D
:1018C00091ED401A30EE010A00F012FD01980399E3
:1018D00091ED350A00F0C0FE019800F021FD01985D
:1018E00000F0B2FE039880ED3F0A04E00399002067
:1018F000C1F8FC00FFE706B080BD0000000000005A
:1019000082B001908DED000A01990098C1F8F800AD
:1019100002B070470000000080B582B001900091D5
:101920000198D0F8C0100131C0F8C010FFF7D8FE00
:1019300002B080BD0000000080B584B00390039821
:101940000190FFF779FF019890ED3F0A90ED411A61
:1019500030EE010A8DED020AD0ED2C0AB1EE600ADC
:1019600002A8FCF775FA01989DED020A90ED2E1A77
:1019700020EE010A80ED320A00F096F8019900206D
:10198000C1F80401C1F8000104B080BD00000000EE
:1019900080B584B0039003990291D1F8C000D1F8CA
:1019A000C410884211D1FFE70298002180F8CC10C2
:1019B0009FED0C0A8DED010A00F0A6FC02989DED4A
:1019C000010A503000F0A0FC04E00299012081F8E7
:1019D000CC00FFE70299D1F8C000C1F8C40004B000
:1019E00080BD00BF0000000080B586B00590049166
:1019F0008DF80F208DF80E308DED020ACDED010A25
:101A000005980090049800684AF20001C4F20001B1
:101A1000884208D1FFE7009940F2A800C2F20040D6
:101A2000C1F8A00023E0049800684AF20041C4F223
:101A30000001884208D1FFE7009940F20810C2F285
:101A40000040C1F8A00011E0049800684DF2004188
:101A5000C4F20001884208D1FFE7009940F2681003
:101A6000C2F20040C1F8A000FFE7FFE7FFE70099DE
:101A70009DF80F0081F8A4009DF80E0081F8F00099
:101A80000298C1F8AC000198C1F8B00004989DF824
:101A90000F100022FCF788FA0099C1F8A80006B0E0
:101AA00080BD00000000000081B00090009991ED21
:101AB000320ABDEEC00A10EE100A000AD1F8A820C2
:101AC000107091ED320ABDEEC00A10EE100AD1F886
:101AD000A810487001B0704780B582B0019001989D
:101AE000009000F0C5FD0098503000F0C1FD009856
:101AF0004FF40051A0F8B4100021C4F27A41C0F8AC
:101B0000B8100021C4F22011C0F8BC100021C0F8A8
:101B1000C010C0F8C410C0F8C81080F8CC1004225F
:101B200080F8F020C0F8F410C0F8F810C0F8FC10ED
:101B3000C0F80011C0F8041102B080BD0000000020
:101B400080B586B0059005980190D0F8A0002C30A3
:101B50000290029804A9FCF717FE029802300DF1DA
:101B60000E01FCF711FE0298043003A9FCF70CFEED
:101B70000199BDF81000D1F8F820801AADF81200D4
:101B8000BDF91200B1F8C8104A42C1EBD271B0EBF6
:101B9000610F07DAFFE70199D1F800010130C1F8C0
:101BA000000110E00199BDF91200B1F8C810B0EBC6
:101BB000510F07DDFFE70199D1F800010138C1F8A5
:101BC0000001FFE7FFE70198D0F80011B0F8C82046
:101BD000BDF8103001FB0231C0F8FC1090ED2B1A5B
:101BE00090ED3F0AB8EEC00AB0F8C81002EE101A25
:101BF000B8EE422A80EE020A30EE000A9FED232A58
:101C000020EE020A80EE010A80ED390ABDF90E10BD
:101C100000EE101AB8EEC00A9FED1D1A20EE010A60
:101C200090ED2B1A80EE010A80ED3A0ABDF90C10F6
:101C300000EE101AB8EEC00A90ED331A80EE010AD9
:101C400080ED3B0A0299897900EE101AB8EEC00ABD
:101C50009FED101A30EE010A80ED3C0A90ED2E0A3D
:101C6000D0ED2F0A90ED301AD0ED311A90ED3B2ACD
:101C7000D0ED3A2AFCF76CF9019981ED3D0ABDF8E7
:101C80001000C1F8F80006B080BD00BFDB0F49406E
:101C90005077D63D3393884381B00090009890ED03
:101CA000390A01B07047000081B00090009890EDB3
:101CB0003A0A01B07047000080B586B005900598DB
:101CC000039090F8080101460491012808D0FFE72D
:101CD0000498032805D0FFE7049804281DD04AE0A3
:101CE0004EE0039901F15000029091ED440A91ED0C
:101CF000461A30EE010A00F0FBFA0298039991EDC2
:101D00003A0A00F0A9FC029800F00AFB029800F0E1
:101D10009BFC039880ED450A32E0039890ED430A5E
:101D200000F0E6FA039890ED390A00F095FC03986C
:101D300000F0F6FA039800F087FC039981ED440A5D
:101D400001F15000019091ED440A91ED461A30EEF8
:101D5000010A00F0CDFA0198039991ED3A0A00F0DA
:101D60007BFC019800F0DCFA019800F06DFC039810
:101D700080ED450A04E003990020C1F81401FFE753
:101D800006B080BD0000000081B00090009890ED8A
:101D90003B0A01B07047000082B001908DED000A4F
:101DA00001990098C1F8100102B0704700000000CE
:101DB00082B001908DF8031001999DF8030081F81D
:101DC000080102B07047000080B582B00190009118
:101DD0000198D0F8D4100131C0F8D410FFF7B0FE4C
:101DE00002B080BD0000000082B001908DED000ABD
:101DF00001990098C1F8180102B070470000000076
:101E000080B584B0039003980190FFF755FF0198C7
:101E100090ED450A90ED471A30EE010A8DED020A69
:101E2000D0ED2D0AB1EE600A02A8FCF711F8019876
:101E300090F8080105280AD0FFE701989DED020AF5
:101E400090ED331A20EE010A80ED370AFFE7019882
:101E500000F0AAF8019890F8B00038B9FFE70199AE
:101E60000020C1F81C01C1F81801FFE704B080BDD3
:101E700080B584B0039003990291D1F8D400D1F8D1
:101E8000D810884219D1FFE702980021019180F80B
:101E9000E010012180F808119FED0E0A8DED000A77
:101EA00000F032FA9DED000A0298503000F02CFA52
:101EB00002990198C1F8140104E00299012081F807
:101EC000E000FFE70299D1F8D400C1F8D80004B0CF
:101ED00080BD00BF0000000080B588B084460A982D
:101EE000CDF81CC006918DF817208DF816308DEDB9
:101EF000040A8DF80F00CDED020A079801900698AC
:101F000000684AF20001C4F20001884208D1FFE7EC
:101F1000019940F2A800C2F20040C1F8A00023E0FD
:101F2000069800684AF20041C4F20001884208D1D4
:101F3000FFE7019940F20810C2F20040C1F8A0008A
:101F400011E0069800684DF20041C4F20001884299
:101F500008D1FFE7019940F26810C2F20040C1F8D1
:101F6000A000FFE7FFE7FFE701999DF8170081F860
:101F7000A4009DF8160081F808019DF80F0081F873
:101F8000B0000498C1F8AC000298C1F8B4000698FB
:101F90009DF817100022FCF707F80199C1F8A80076
:101FA00008B080BD0000000081B00090009991ED64
:101FB000370ABDEEC00A10EE100A000AD1F8A820B8
:101FC000107091ED370ABDEEC00A10EE100AD1F87C
:101FD000A810487001B0704782B001908DED000AE2
:101FE00001990098C1F8DC0002B0704700000000C1
:101FF00080B582B001900198009000F039FB009804
:10200000503000F035FB00984AF28771C3F69761B3
:10201000C0F8B8100021C0F8BC1048F6AC32C3F6C6
:102020001B62C0F8C02045F6FB42C3F6AD72C0F893
:10203000C4204FF40052A0F8C8204CF6CD42C4F2A0
:102040004C42C0F8CC200022C4F2A012C0F8D0202C
:10205000C0F8D410C0F8D810C0F8DC1080F8E01038
:10206000042280F80821C0F80C11C0F81011C0F843
:102070001411C0F81811C0F81C114FF07E51C0F8AF
:10208000201102B080BD000080B584B00390039899
:10209000019090F8711000EBC1025168013151605C
:1020A00090F8710001460291032800F2B480029971
:1020B000DFE801F0023568860198406FFEF740FEC8
:1020C0000146019842F6AC42C2F200421170406FE4
:1020D000FEF736FE28B9FFE70198406FFEF7FCFED9
:1020E0001CE00198406FFEF72BFEB0B1FFE70198AE
:1020F000406FFEF7B9FD019890F8711000EBC10236
:1021000000215160406FFEF76FFD28B1FFE7019895
:10211000012100F099F8FFE7FFE7FFE77CE0019875
:10212000406FFEF76DFD0146019842F6AE42C2F2E5
:1021300000421170406FFEF763FD28B9FFE7019878
:10214000406FFEF70DFE1CE00198406FFEF758FD52
:10215000B0B1FFE70198406FFEF7CAFE019890F812
:10216000711000EBC10200215160406FFEF73CFD91
:1021700028B1FFE70198022100F066F8FFE7FFE7CA
:10218000FFE749E0019842F6AB42C2F2004201216A
:102190001170406F00F5AC70FEF762F9019890F88D
:1021A000711000EBC10200215160406FFEF71CFD71
:1021B00028B1FFE70198032100F046F8FFE72BE084
:1021C0000198406FFEF768FD28B9FFE70198406F5E
:1021D000FEF7FAFD1EE00198406FFEF75DFDC0B10D
:1021E000FFE70198406FFEF7EFFC019890F871103F
:1021F00000EBC1020021516042F6AD42C2F2004242
:1022000001211170406FFEF7EFFC08B1FFE7FFE717
:10221000FFE7FFE700E0FFE70198416F002081F84A
:10222000DC0104B080BD000080B582B0019001984F
:10223000009000F055F80098002180F8781002B066
:1022400080BD00000000000082B001908DF80310F6
:10225000019991F87120002001F8320091F8712065
:1022600001EBC20250609DF80320012001F832000A
:102270009DF8030081F8710002B070470000000073
:1022800084B003908DF80B108DF80A20039900910B
:102290009DF80B0081F870009DF80A0081F871002C
:1022A00000200190FFE70099019891F87010884292
:1022B0000EDAFFE70099019A002001F83200019A36
:1022C00001EBC2014860FFE7019801300190EAE7A5
:1022D00000999DF80A20012001F8320004B07047EF
:1022E00081B000900098002180F8711001B0704713
:1022F00082B001908DED000A01990098486402B007
:10230000704700000000000082B001908DED000ACF
:1023100001990098C86402B07047000000000000F6
:1023200080B58AB009900998019000210891079121
:102330000691059190ED110A90ED121A30EE410AC6
:102340008DED040A9DED040AFCF762FB01988DED0A
:10235000030A9DED030A90ED011AB4EE410AF1EE75
:1023600010FA07DAFFE70199886C486400200490AE
:102370000390FFE7019890ED080A9DED041A20EE06
:10238000010A8DED080A90ED0E0AB5EE400AF1EE55
:1023900010FA0DD1FFE7019890ED0F0AB5EE400A53
:1023A000F1EE10FA04D1FFE74FF07E50029049E0C1
:1023B00001989DED030A90ED0F1AB4EE410AF1EE7B
:1023C00010FA04DCFFE74FF07E50029039E00198EC
:1023D00090ED0F0A9DED031AB4EE410AF1EE10FAEA
:1023E0001FDAFFE701989DED030A90ED0E1A90EDBC
:1023F0000F2A31EE021AB4EE410AF1EE10FA10DAA9
:10240000FFE7019890ED0E1A90ED0F0A31EE000AE9
:102410009DED032A30EE420A80EE010A8DED020A9C
:102420000EE001989DED030A90ED0F1AB4EE410AFB
:10243000F1EE10FA03DBFFE700200290FFE7FFE771
:10244000FFE7FFE7019890ED0C0AB5EE400AF1EEC8
:1024500010FA10D0FFE7019901F14C0091ED092A23
:1024600091ED0C1AB1EE410A80EE020AC1EE020AA9
:10247000FBF7EEFCFFE7019890ED100AB5EE400A7D
:10248000F1EE10FA18D1FFE701989DED021A90EDD8
:10249000002A90ED130A21EE021A9DED042AA1EE06
:1024A000020A80ED130A90ED090A90ED131A20EE4E
:1024B000010A8DED070A28E001989DED030A90EDD1
:1024C000101AB4EE410AF1EE10FA18DAFFE701989B
:1024D0009DED021A90ED002A90ED130A21EE021AEA
:1024E0009DED042AA1EE020A80ED130A90ED090A7F
:1024F00090ED131A20EE010A8DED070A04E0019910
:102500000020C8640790FFE7FFE70198007A90B9C0
:10251000FFE7019890ED001A90ED063A90ED0A0A57
:102520009DED042A32EE432A20EE020A80EE010AD3
:102530008DED060A11E0019890ED001A90ED053A34
:1025400090ED072A90ED0A0A32EE432A20EE020AA5
:1025500080EE010A8DED060AFFE7019890ED042A4E
:1025600090ED0B1A90ED110A30EE420A20EE010AAE
:102570008DED050A9DED080A9DED071A30EE010A62
:102580009DED061A30EE010A9DED051A30EE010AA6
:1025900080ED070A90ED0D0AB5EE400AF1EE10FA53
:1025A0000AD0FFE7019901F11C00D1ED0D0AB1EE4F
:1025B000600AFBF74DFCFFE70199886CC860486C26
:1025C0000861C8694861049888610AB080BD00004C
:1025D0008EB002AA0092024600980D9280ED0A0A7F
:1025E000C0ED090A80ED081AC0ED071A80ED062A31
:1025F000C0ED052A80ED043AC0ED033A80ED024AB1
:10260000C0ED014A80ED005A8DF807100D990C9825
:1026100008620B9848620A9888620998C86208980C
:10262000086307984863069808600598486004980E
:1026300088630398C863029808649DF807000872CD
:102640000EB070470000000081B00090009890ED3F
:10265000070A01B07047000082B001908DED000ABA
:1026600001990098886402B07047000000000000E3
:1026700081B0009000980021C160016141618161D9
:10268000C161016241628162C16201634163816330
:10269000C163016441648164C16401B0704700009A
:1026A00082B00190ADF80210BDF802100020B1F523
:1026B000006F38BF012002B070470000000000002A
:1026C00080B584B002908DF80710029800909DF8B4
:1026D000070028B1FFE79DF80700132805D3FFE79F
:1026E0004FF47870ADF80E0018E000989DF80710D0
:1026F00000EB4101B1F85E10ADF80410BDF8041014
:10270000FFF7CEFF28B9FFE74FF47870ADF80E0061
:1027100004E0BDF80400ADF80E00FFE7BDF80E00C0
:1027200004B080BD0000000080B584B00390ADF817
:102730000A108DED010A0398BDF80A1000EE101A78
:10274000B8EE400A90ED012A90ED021A30EE420AEE
:1027500080EE010A8DED000A6846BFEE000AF7EE32
:10276000000AFBF775FB9DED000A9DED011A20EEB6
:10277000010A04B080BD000080B584B00290ADF8BD
:1027800006108DF805200298BDF80610FFF788FFA7
:1027900028B9FFE79DF805008DF80F0019E0BDF896
:1027A000060040F21451884204D3FFE701208DF85F
:1027B0000F000EE0BDF80600B0F52F7F04D8FFE74C
:1027C00002208DF80F0004E09DF805008DF80F0041
:1027D000FFE79DF80F0004B080BD0000000000007E
:1027E00080B584B00290ADF806108DF805200298EF
:1027F000BDF80610FFF754FF28B9FFE79DF8050064
:102800008DF80F0018E0BDF8060040F21451884220
:1028100004D3FFE701208DF80F000DE0BDF806009E
:10282000B0F52F7F04D8FFE702208DF80F0003E0FA
:1028300003208DF80F00FFE79DF80F0004B080BD66
:1028400081B0ADF80200BDF9020000280ED4FFE708
:10285000BDF9021001F01F02012090404A094EF21A
:102860000011CEF2000141F82200FFE701B07047ED
:102870004EF60C50CEF200000068C0F30220704704
:1028800082B0ADF806000091BDF9060000280AD418
:10289000FFE700980001BDF906104EF20042CEF2AB
:1028A000000288540BE000980001BDF8061001F00A
:1028B0000F014EF61452CEF200028854FFE702B028
:1028C000704700000000000083B00290029800F002
:1028D000070000904EF60C51CEF2000108680190FE
:1028E00001984FF6FF02104001900198009A40EACB
:1028F00002200022C0F2FA521043019001980860B1
:1029000003B070470000000080B541F24070C2F291
:102910000040FEF711F880BD80B582B00020019024
:10292000F3F7FAFCF9F7C0F9F8F79EFCF8F78CFB1F
:10293000F8F746FEF8F7D8FBF8F7AEFDF8F758FDC4
:10294000F8F712FCF8F750FCF8F77EFEF8F714FFE2
:10295000F8F7CAFEF8F7F0FDF9F7A6FFFFE7F9F779
:10296000FFFFFCE710B52DED028BB1EEC08A18EE2B
:10297000100A20F00040C0F1FF40C00F0AD010EE56
:10298000100A20F00040C0F1FF40C00F04BF01203A
:10299000EDF73FFEB0EE480ABDEC028B10BDF1EE44
:1029A000100A4FF6FF71C0F2C03120EA010040F07A
:1029B0004070E1EE100A70470000000000000000C7
:1029C0000000000000000000000000000100000006
:1029D00002000000030000000400000000000000EE
:1029E00005000000000000000000000000000000E2
:1029F00006000000000000000000000000000000D1
:102A000007000000000000000102030401020304AB
:102A1000060708090001020304050607080C101444
:102A20001820304000061016000610160804020494
:102A3000080101010101010307010000010002007A
:102A40000400060008000A000C00100020004000EE
:102A500080000001782A010800000024180000000E
:102A600008030008902A010818000024A032000082
:102A700024030008F5B1FFFF0080BBC40090D00321
:102A80000090D003010000001000000000000000D2
:04000005080002CD20
:00000001FF
