S31508000000B83200247103000821B8000841B000087E
S3150800001019B80008A106000861DC00080000000005
S3150800002000000000000000000000000041BC0008BD
S31508000030791100080000000099B80008A1BC000862
S315080000408B0300088B0300088B0300088B0300084A
S315080000508B0300088B0300088B0300088B0300083A
S315080000608B0300088B0300088B0300088B0300082A
S31508000070A9060008B9060008C9060008D906000836
S315080000808B0300088B0300088B030008B9110008CE
S31508000090C91100088B0300088B0300088B030008AE
S315080000A08B0300088B0300088B0300088B030008EA
S315080000B08B0300088B030008B9BE00088B030008F1
S315080000C08B0300088B0300088B0300088B030008CA
S315080000D08B03000851DC00088B0300088B0300081B
S315080000E0811100088B030008000000008B0300083C
S315080000F08B0300088B0300088B0300088B0300089A
S315080001008B0300088B030008C9BE00088B03000890
S315080001108B03000869C900088B0300088B030008D5
S31508000120E90600088B0300088B0300088B03000808
S315080001308B0300088B0300088B0300088B03000859
S3150800014000000000000000000000000000000000A1
S315080001508B0300088B0300088B0300088B03000839
S315080001608B0300088B0300088B0300088B03000829
S315080001708B0300088B0300088B03000800000000AF
S315080001808B0300088B0300088B0300088B03000809
S315080001908B0300088B0300088B0300088B030008F9
S315080001A08B0300088B0300088B030008000000007F
S315080001B08B0300088B0300088B0300088B030008D9
S315080001C08B0300088B0300080000000000000000F5
S315080001D000000000000000008B030008000000007B
S315080001E00000000000000000000000000000000001
S315080001F000000000000000008B0300088B030008C5
S315080002008B0300088B030008000000008B0300081E
S315080002108B0300088B0300088B0300088B03000878
S315080002208B030008000000008B0300080000000094
S315080002308B0300088B030008000000008B030008EE
S315080002408B0300088B0300088B0300088B03000848
S315080002508B0300088B0300088B0300088B03000838
S315080002608B0300088B0300088B0300088B03000828
S315080002708B0300088B0300088B03000800000000AE
S315080002808B0300088B0300088B0300088B03000808
S31508000290000000008B0300088B0300080000000024
S315080002A0000000008B0300088B0300088B0300087E
S315080002B041DC00088B0300088B030008D9110008ED
S315080002C08B0300088B0300088B03000800F002F874
S315080002D000F03EF80AA090E8000C82448344AAF194
S315080002E00107DA4501D100F033F8AFF2090EBAE892
S315080002F00F0013F0010F18BFFB1A43F0010318474C
S315080003005427010074270100103A24BF78C878C121
S31508000310FAD8520724BF30C830C144BF04680C60FD
S31508000320704700000023002400250026103A28BF45
S3150800033078C1FBD8520728BF30C148BF0B60704749
S315080003401FB512F02CFB00F04DF91FBD10B510BDFE
S3150800035000F075F91146FFF7F3FF12F0DDFA00F029
S3150800036093F903B4FFF7F2FF03BC00F059F9000054
S315080003700948804709480047FEE7FEE7FEE7FEE72B
S31508000380FEE7FEE7FEE7FEE7FEE7FEE70448054967
S31508000390054A064B7047000079BD0008CD020008E3
S315080003A0B82C0024B8320024B82E0024B82E002415
S315080003B053EA020C00F069802DE9F04B4FF0000675
S315080003C0002B1FBFB3FA83F503FA05F424FA05F6E2
S315080003D05E4012BF1643B2FA82F502FA05F4C5F179
S315080003E020051EBF22FA05FC44EA0C04203556EA0D
S315080003F0044C4FEA144418BF641C4FF000084FF031
S315080004000009904271EB030C39D3002919BFB1FAE0
S3150800041081F701FA07F6B0FA80F700FA07F6C7F18E
S3150800042020071EBF20FA07FC46EA0C062037B6FB53
S31508000430F4FCA7EB0507103F07F01F0BCBF12006CE
S315080004402CFA06F60CFA0BFB44BFB3460026202FFF
S31508000450A4BF5E464FF0000B5BEA060C08BF4FF0E0
S31508000460010B19EB0B0948EB0608ABFB027C06FBF4
S3150800047002CC0BFB03CCC01B71EB0C01C1E70B468E
S31508000480024641464846BDE8F08B13B5084318BFF7
S315080004904FF0FF300146AFF30080BDE81C407047BF
S315080004A0032A40F2308010F0030C00F0158011F892
S315080004B0013BBCF1020F624498BF11F801CB00F86A
S315080004C0013B38BF11F8013BA2F1040298BF00F8BE
S315080004D001CB38BF00F8013B11F0030300F025807B
S315080004E0083AC0F0088051F8043B083A51F804CBA2
S315080004F0A0E80810F5E7121D5CBF51F8043B40F868
S31508000500043BAFF30080D20724BF11F8013B11F872
S3150800051001CB48BF11F8012B24BF00F8013B00F8B6
S3150800052001CB48BF00F8012B704710B5203AC0F040
S315080005300B80B1E81850A0E81850B1E81850A0E8A8
S315080005401850203ABFF4F5AF5FEA027C24BFB1E841
S315080005501850A0E8185044BF18C918C0BDE8104084
S315080005605FEA827C24BF51F8043B40F8043B08BF8D
S315080005707047D20728BF31F8023B48BF11F8012B54
S3150800058028BF20F8023B48BF00F8012B70474FF000
S31508000590000200B5134694469646203922BFA0E8C5
S315080005A00C50A0E80C50B1F12001BFF4F7AF0907D1
S315080005B028BFA0E80C5048BF0CC05DF804EB8900C2
S315080005C028BF40F8042B08BF704748BF20F8022B05
S315080005D011F0804F18BF00F8012B7047704770471D
S315080005E07047000070B5064C7C44064D7D4404E017
S315080005F02046016808448047241DAC42F8D170BDE6
S31508000600882401008824010010B500F00FF800685E
S3150800061010BD10B5044600F009F8046010BD0000CE
S3150800062001491820ABBEFEE72600020000487047C5
S3150800063018000024004870471800002470477546C3
S31508000640FFF7F8FFAE4605006946534620F0070057
S31508000650854618B020B5FFF799FEBDE820404FF053
S3150800066000064FF000074FF000084FF0000BAC46AD
S31508000670ACE8C009ACE8C009ACE8C009ACE8C009F8
S3150800068021F007018D46704710B50446AFF3008088
S315080006902046BDE81040FFF764BE000000000000D9
S315080006A0FFE7FEE70000000080B542F2EC60C2F208
S315080006B0004001F06DFF80BD80B542F26470C2F261
S315080006C0004001F065FF80BD80B542F2FC50C2F2E1
S315080006D0004001F05DFF80BD80B542F27460C2F251
S315080006E0004001F055FF80BD80B542F28450C2F249
S315080006F0004001F04DFF80BD83B00290029801686A
S3150800070001201022C4F202029142009000F0A38058
S31508000710FFE70298016801202822C4F202029142EA
S31508000720009000F09880FFE70298016801204022B7
S31508000730C4F202029142009000F08D80FFE7029811
S31508000740016801205822C4F202029142009000F08A
S315080007508280FFE70298016801207022C4F2020233
S315080007609142009077D0FFE702980168012088221D
S31508000770C4F20202914200906DD0FFE70298016828
S315080007800120A022C4F202029142009063D0FFE742
S31508000790029801680120B822C4F202029142009030
S315080007A059D0FFE702980168012040F21042C4F2CE
S315080007B00202914200904ED0FFE70298016801209C
S315080007C040F22842C4F202029142009043D0FFE769
S315080007D002980168012040F24042C4F202029142A6
S315080007E0009038D0FFE702980168012040F258428D
S315080007F0C4F20202914200902DD0FFE702980168E8
S31508000800012040F27042C4F202029142009022D0C6
S31508000810FFE702980168012040F28842C4F202020A
S315080008209142009017D0FFE702980168012040F234
S31508000830A042C4F20202914200900CD0FFE702984F
S3150800084000684FF64831CBF6FD710844B0FA80F0DF
S3150800085040090090FFE70098C00740B3FFE70298F9
S31508000860007810384AF6AB21CAF6AA21A0FB011077
S3150800087000090190019800F0070142F62420C0F60D
S315080008800100405C0299C8650198042807D3FFE770
S3150800089002990868042262F30900886506E002994D
S315080008A0086840F2FF3290438865FFE705E0029941
S315080008B0086820F0FF008865FFE70298806D03B09E
S315080008C0704700000000000084B003900398006899
S315080008D0019003980168012045F20842C5F6020214
S315080008E0914200904ED0FFE703980168012045F237
S315080008F01C42C5F602029142009043D0FFE70398D6
S315080009000168012045F23042C5F602029142009084
S3150800091038D0FFE703980168012045F24442C5F63E
S315080009200202914200902DD0FFE70398016801204A
S3150800093045F25842C5F602029142009022D0FFE7DE
S3150800094003980168012045F26C42C5F602029142FD
S31508000950009017D0FFE703980168012045F280420E
S31508000960C5F60202914200900CD0FFE70398006892
S315080009704AF66C31CAF2FD710844B0FA80F04009B3
S315080009800090FFE70098C00710B3FFE703980078C8
S3150800099008384CF6CD41CCF6CC41A0FB0110000935
S315080009A00290029945F60000C5F6020000EB8100A8
S315080009B003990866039945F68000C5F6020048665D
S315080009C0029800F01F01012088400399886635E0E7
S315080009D00398007810384AF6AB21CAF6AA21A0FB7C
S315080009E0011000090290019840F2B841C4F20201D0
S315080009F088420CD8FFE7019840F21041C4F2020180
S31508000A00884204D3FFE7029808300290FFE702996C
S31508000A1040F60000C4F2020000EB81000399086664
S31508000A20039940F68000C4F202004866029800F076
S31508000A301F010120884003998866FFE704B07047C4
S31508000A4083B002900298007901900198002800F07E
S31508000A508A80FFE70198082800F28580FFE7029858
S31508000A600168012045F20842C5F60202914200904B
S31508000A704ED0FFE702980168012045F21C42C5F6F0
S31508000A8002029142009043D0FFE7029801680120D4
S31508000A9045F23042C5F602029142009038D0FFE78F
S31508000AA002980168012045F24442C5F602029142C5
S31508000AB000902DD0FFE702980168012045F25842C0
S31508000AC0C5F602029142009022D0FFE7029801681B
S31508000AD0012045F26C42C5F602029142009017D0F9
S31508000AE0FFE702980168012045F28042C5F6020236
S31508000AF0914200900CD0FFE7029800684AF66C31E4
S31508000B00CAF2FD710844B0FA80F040090090FFE788
S31508000B100098C00780B1FFE7019945F6FC00C5F6C5
S31508000B20020000EB81000299C866029945F640105A
S31508000B30C5F6020008670FE0019940F6FC00C4F20A
S31508000B40020000EB81000299C866029940F640103F
S31508000B50C4F202000867FFE70198411E0120884099
S31508000B6002994867FFE703B07047000000000000DD
S31508000B7085B0049000208DF80F000498806918BB92
S31508000B80FFE70498806A029003281BD80299DFE8D9
S31508000B9001F0020D0218049890F82F00C00720B142
S31508000BA0FFE701208DF80F00FFE70CE00498C06A04
S31508000BB0B0F1C07F04D1FFE701208DF80F00FFE7F1
S31508000BC001E000E0FFE747E004988069B0F5005FC0
S31508000BD026D1FFE70498806A019003281ED8019958
S31508000BE0DFE801F00206021101208DF80F0016E079
S31508000BF0049890F82F00C00720B1FFE701208DF870
S31508000C000F00FFE70BE00498C06AB0F1C07F04D17B
S31508000C10FFE701208DF80F00FFE700E0FFE71AE085
S31508000C200498806A0090032804D3FFE700980328F5
S31508000C3004D00EE001208DF80F000BE0049890F820
S31508000C402F00C00720B1FFE701208DF80F00FFE74E
S31508000C5000E0FFE7FFE7FFE79DF80F0005B07047E4
S31508000C6089B008900791069205930898806D0490BC
S31508000C700898806D03900898016801201022C4F234
S31508000C8002029142029000F00381FFE7089801688A
S31508000C9001202822C4F202029142029000F0F88054
S31508000CA0FFE70898016801204022C4F20202914237
S31508000CB0029000F0ED80FFE70898016801205822AD
S31508000CC0C4F202029142029000F0E280FFE708981F
S31508000CD0016801207022C4F202029142029000F0DB
S31508000CE0D780FFE70898016801208822C4F202022B
S31508000CF09142029000F0CC80FFE708980168012035
S31508000D00A022C4F202029142029000F0C180FFE7DD
S31508000D10089801680120B822C4F2020291420290A2
S31508000D2000F0B680FFE708980168012040F21042FB
S31508000D30C4F202029142029000F0AA80FFE70898E6
S31508000D400168012040F22842C4F202029142029050
S31508000D5000F09E80FFE708980168012040F24042B3
S31508000D60C4F202029142029000F09280FFE70898CE
S31508000D700168012040F25842C4F2020291420290F0
S31508000D8000F08680FFE708980168012040F270426B
S31508000D90C4F20202914202907AD0FFE708980168ED
S31508000DA0012040F28842C4F20202914202906FD0BA
S31508000DB0FFE708980168012040F2A042C4F2020247
S31508000DC09142029064D0FFE708980168012040F23A
S31508000DD0B842C4F202029142029059D0FFE708983D
S31508000DE00168012045F20842C5F6020291420290C6
S31508000DF04ED0FFE708980168012045F21C42C5F667
S31508000E0002029142029043D0FFE708980168012048
S31508000E1045F23042C5F602029142029038D0FFE709
S31508000E2008980168012045F24442C5F6020291423B
S31508000E3002902DD0FFE708980168012045F2584234
S31508000E40C5F602029142029022D0FFE7089801688F
S31508000E50012045F26C42C5F602029142029017D073
S31508000E60FFE708980168012045F28042C5F60202AC
S31508000E70914202900CD0FFE7089800684AF66C3158
S31508000E80CAF2FD710844B0FA80F040090290FFE703
S31508000E900298C00770B1FFE70898416E806E4860F7
S31508000EA00898C06E28B1FFE70898016F406F486040
S31508000EB0FFE7FFE70898016801201022C4F2020242
S31508000EC09142019000F0A380FFE70898016801208D
S31508000ED02822C4F202029142019000F09880FFE7AE
S31508000EE00898016801204022C4F20202914201904A
S31508000EF000F08D80FFE70898016801205822C4F2A7
S31508000F0002029142019000F08280FFE7089801688A
S31508000F1001207022C4F202029142019077D0FFE7C5
S31508000F200898016801208822C4F2020291420190C1
S31508000F306DD0FFE7089801680120A022C4F20202DA
S31508000F409142019063D0FFE7089801680120B82212
S31508000F50C4F202029142019059D0FFE7089801684D
S31508000F60012040F21042C4F20202914201904ED092
S31508000F70FFE708980168012040F22842C4F20202FD
S31508000F809142019043D0FFE708980168012040F29A
S31508000F904042C4F202029142019038D0FFE7089815
S31508000FA00168012040F25842C4F2020291420190BF
S31508000FB02DD0FFE708980168012040F27042C4F27C
S31508000FC002029142019022D0FFE7089801680120A9
S31508000FD040F28842C4F202029142019017D0FFE71C
S31508000FE008980168012040F2A042C4F20202914228
S31508000FF001900CD0FFE7089800684FF64831CBF609
S31508001000FD710844B0FA80F040090190FFE70198A5
S31508001010C00750B3FFE70898C06D00F01F013F20D6
S3150800102088400499886008980168086820F4802038
S3150800103008600598089909684860089880684028F3
S3150800104009D1FFE7069808990968886007980899FA
S315080010500968C86008E007980899096888600698CA
S3150800106008990968C860FFE782E0089801680120C6
S3150800107045F20842C5F60202914200904ED0FFE7BB
S3150800108008980168012045F21C42C5F60202914201
S31508001090009043D0FFE708980168012045F23042E6
S315080010A0C5F602029142009038D0FFE70898016819
S315080010B0012045F24442C5F60202914200902DD025
S315080010C0FFE708980168012045F25842C5F6020272
S315080010D09142009022D0FFE708980168012045F266
S315080010E06C42C5F602029142009017D0FFE70898B5
S315080010F00168012045F28042C5F60202914200903D
S315080011000CD0FFE7089800684AF66C31CAF2FD7100
S315080011100844B0FA80F040090090FFE70098C0073D
S3150800112020B3FFE70898C06D00F01F010120884032
S31508001130039948600598089909684860089880687E
S31508001140402809D1FFE70698089909688860079832
S3150800115008990968C86008E00798089909688860C6
S31508001160069808990968C860FFE700E0FFE7FFE707
S3150800117009B070470000000070470000000000003A
S3150800118080B54FF4806004F08FFE4FF4006004F0E1
S315080011908BFE4FF4805004F087FE4FF4804004F035
S315080011A083FE80BD0000000081B0EFF3108072B6A8
S315080011B00090FFE7FEE7000080B542F2DC70C2F25D
S315080011C0004003F031FE80BD80B542F67C00C2F2D5
S315080011D0004003F029FE80BD80B542F61C10C2F21D
S315080011E0004003F021FE80BD84B002900298406B57
S315080011F0009002980068D0F884004FF6FC71884386
S31508001200009940EA810002990968C1F884000298A9
S315080012100068D0F8840020F47F00029A1168926B67
S3150800122040EA0240C1F884000298816B009808449D
S31508001230009002980068D0F888006FF38F00009934
S3150800124040EA810002990968C1F888000298006896
S31508001250D0F8880020F4FE00029A1168D26B40EAA2
S315080012600240C1F888000298C16B009800EB410063
S31508001270009002980068D0F8A0006FF38F000099DC
S3150800128040EA810002990968C1F8A000029800683E
S31508001290D0F8A00020F4FE00029A1168126C40EA09
S315080012A00240C1F8A0000299086C496C009A00FB3C
S315080012B00120009002980068D0F8B0006FF38F0004
S315080012C0009940EA810002990968C1F8B0000298BD
S315080012D00068D0F8B00020F4FE00029A1168926CFB
S315080012E040EA0240C1F8B0000299886CC96C009ABD
S315080012F000FB0120009002980068D0F8AC006FF35C
S315080013008F00009940EA810002990968C1F8AC008B
S315080013100299086D496D009A00FB01200090029819
S315080013200068D0F8F0006FF38F00009940EA81005A
S3150800133002990968C1F8F00002980068D0F8F00030
S3150800134020F47C10029A1168926D40EA0240C1F8B6
S31508001350F0000298816D009800EB41000090029819
S315080013600068D0F8C0006FF38F00009940EA81004A
S3150800137002990968C1F8C00002980068D0F8C00050
S3150800138020F47C10029A1168D26D40EA0240C1F836
S31508001390C00002980068D0F8C00020F07C50029A7D
S315080013A01168126E40EA0260C1F8C00002994A6BE1
S315080013B04AF60040C4F2000000EB8200C8660299B3
S315080013C08A6BC86E00EB820008670299CA6B086FC1
S315080013D000EBC200486702990A6C4B6C486F5A4387
S315080013E000EB8200886702998A6CCB6C886F5A4337
S315080013F000EB8200C86702990A6D4B6DC86F5A43A5
S3150800140000EB8200C1F8800002998A6DD1F880004D
S3150800141000EBC200C1F884000299CA6D8B6ED1F840
S3150800142084005A4300EB8200C1F8880002990A6ECC
S315080014308B6ED1F888005A4300EB8200C1F8900001
S315080014400298D0F890004DF2FD31C4F200018842AE
S315080014500FD3FFE70299D1F89C0040F02000C1F8AD
S315080014609C000299032081F8980001208DF80F004E
S3150800147017E00298C06E0190FFE701980299D1F82B
S315080014809010884208D2FFE7019900200860FFE71C
S31508001490019804300190F0E7FFE700208DF80F006F
S315080014A0FFE79DF80F0004B0704700000000000039
S315080014B088B007900691059204930698406848B943
S315080014C0FFE70698016882680069104340EA814090
S315080014D0039009E00698016882680069104308438A
S315080014E040F080400390FFE70698D0F820C0C16816
S315080014F042698369C06940EA0C601843104340EAB0
S31508001500014002900798826ED0F8840004995143EE
S3150800151000EB810001900398019908600198043056
S315080015200190029801990860019804300190002002
S315080015300090FFE700980699CA6842F61421C0F69B
S315080015400101895C88420DD2FFE705980099405849
S3150800155001990860019804300190FFE7009804306B
S315080015600090E7E708B0704780B58AB0089004F0A5
S31508001570BBFE0490089828B9FFE701208DF82700DC
S3150800158000F0AABC089890F8350002280ED0FFE7AC
S31508001590089980204865FFE70899002081F83400FB
S315080015A0FFE701208DF8270000F096BC089801682F
S315080015B001201022C4F202029142039000F0A38097
S315080015C0FFE70898016801202822C4F20202914226
S315080015D0039000F09880FFE70898016801204022F0
S315080015E0C4F202029142039000F08D80FFE708984A
S315080015F0016801205822C4F202029142039000F0C9
S315080016008280FFE70898016801207022C4F202026E
S315080016109142039077D0FFE7089801680120882255
S31508001620C4F20202914203906DD0FFE70898016860
S315080016300120A022C4F202029142039063D0FFE780
S31508001640089801680120B822C4F202029142039068
S3150800165059D0FFE708980168012040F21042C4F209
S315080016600202914203904ED0FFE7089801680120D4
S3150800167040F22842C4F202029142039043D0FFE7A7
S3150800168008980168012040F24042C4F202029142E1
S31508001690039038D0FFE708980168012040F25842C5
S315080016A0C4F20202914203902DD0FFE70898016820
S315080016B0012040F27042C4F202029142039022D005
S315080016C0FFE708980168012040F28842C4F2020246
S315080016D09142039017D0FFE708980168012040F26D
S315080016E0A042C4F20202914203900CD0FFE7089888
S315080016F000684FF64831CBF6FD710844B0FA80F021
S3150800170040090390FFE70398C00780B1FFE70898F0
S315080017100168086820F01E00086008980168486992
S3150800172020F08000486108980068059009E008984C
S315080017300168086820F00E0008600898006805909F
S31508001740FFE70898016801201022C4F202029142BC
S31508001750029000F00381FFE708980168012028221B
S31508001760C4F202029142029000F0F880FFE708985E
S31508001770016801204022C4F202029142029000F060
S31508001780ED80FFE70898016801205822C4F202029A
S315080017909142029000F0E280FFE708980168012074
S315080017A07022C4F202029142029000F0D780FFE74D
S315080017B00898016801208822C4F202029142029028
S315080017C000F0CC80FFE7089801680120A022C4F247
S315080017D002029142029000F0C180FFE70898016872
S315080017E00120B822C4F202029142029000F0B680AB
S315080017F0FFE708980168012040F21042C4F202028D
S315080018009142029000F0AA80FFE70898016801203B
S3150800181040F22842C4F202029142029000F09E80F1
S31508001820FFE708980168012040F24042C4F202022C
S315080018309142029000F09280FFE708980168012023
S3150800184040F25842C4F202029142029000F08680A9
S31508001850FFE708980168012040F27042C4F20202CC
S31508001860914202907AD0FFE708980168012040F279
S315080018708842C4F20202914202906FD0FFE70898AC
S315080018800168012040F2A042C4F20202914202908D
S3150800189064D0FFE708980168012040F2B842C4F214
S315080018A002029142029059D0FFE708980168012088
S315080018B045F20842C5F60202914202904ED0FFE771
S315080018C008980168012045F21C42C5F602029142B9
S315080018D0029043D0FFE708980168012045F230429C
S315080018E0C5F602029142029038D0FFE708980168CF
S315080018F0012045F24442C5F60202914202902DD0DB
S31508001900FFE708980168012045F25842C5F6020229
S315080019109142029022D0FFE708980168012045F21B
S315080019206C42C5F602029142029017D0FFE708986A
S315080019300168012045F28042C5F6020291420290F2
S315080019400CD0FFE7089800684AF66C31CAF2FD71B8
S315080019500844B0FA80F040090290FFE70298C007F1
S3150800196038B1FFE70898016E086820F480700860AF
S31508001970FFE7089800681021C4F20201884200F0C7
S315080019808180FFE7089800682821C4F2020188428E
S3150800199078D0FFE7089800684021C4F2020188421F
S315080019A070D0FFE7089800685821C4F202018842FF
S315080019B068D0FFE7089800687021C4F202018842DF
S315080019C060D0FFE7089800688821C4F202018842BF
S315080019D058D0FFE708980068A021C4F2020188429F
S315080019E050D0FFE708980068B821C4F2020188427F
S315080019F048D0FFE70898006840F21041C4F2020197
S31508001A0088423FD0FFE70898006840F22841C4F2B0
S31508001A100201884236D0FFE70898006840F2404144
S31508001A20C4F2020188422DD0FFE70898006840F208
S31508001A305841C4F20201884224D0FFE7089800689A
S31508001A4040F27041C4F2020188421BD0FFE70898B1
S31508001A50006840F28841C4F20201884212D0FFE7CA
S31508001A600898006840F2A041C4F20201884209D0F1
S31508001A70FFE70898006840F2B841C4F202018842BC
S31508001A8007D1FFE708980168086820F00100086098
S31508001A9006E008980168086820F001000860FFE77A
S31508001AA0FFE705980068C007C8B1FFE704F01CFC0B
S31508001AB00499401A062811D3FFE70899202048659B
S31508001AC00899032081F83500FFE70899002081F876
S31508001AD03400FFE701208DF82700FDE1E1E70898CB
S31508001AE0016801201022C4F202029142019000F01E
S31508001AF0A380FFE70898016801202822C4F20202A1
S31508001B009142019000F09880FFE70898016801204B
S31508001B104022C4F202029142019000F08D80FFE754
S31508001B200898016801205822C4F2020291420190E5
S31508001B3000F08280FFE70898016801207022C4F24D
S31508001B4002029142019077D0FFE7089801680120C8
S31508001B508822C4F20202914201906DD0FFE70898EC
S31508001B6001680120A022C4F202029142019063D0CA
S31508001B70FFE7089801680120B822C4F202029142E0
S31508001B80019059D0FFE708980168012040F21042F9
S31508001B90C4F20202914201904ED0FFE7089801680C
S31508001BA0012040F22842C4F202029142019043D039
S31508001BB0FFE708980168012040F24042C4F2020299
S31508001BC09142019038D0FFE708980168012040F259
S31508001BD05842C4F20202914201902DD0FFE70898BC
S31508001BE00168012040F27042C4F20202914201905B
S31508001BF022D0FFE708980168012040F28842C4F223
S31508001C0002029142019017D0FFE708980168012067
S31508001C1040F2A042C4F20202914201900CD0FFE7C2
S31508001C20089800684FF64831CBF6FD710844B0FABB
S31508001C3080F040090190FFE70198C00760B1FFE70F
S31508001C400898806D07900898C06D00F01F013F2026
S31508001C508840079988600BE00898806D0690089878
S31508001C60C06D00F01F010120884006994860FFE713
S31508001C700898016801201022C4F2020291420090DD
S31508001C8000F00381FFE70898016801202822C4F2C2
S31508001C9002029142009000F0F880FFE70898016878
S31508001CA001204022C4F202029142009000F0ED8029
S31508001CB0FFE70898016801205822C4F202029142FF
S31508001CC0009000F0E280FFE7089801680120702282
S31508001CD0C4F202029142009000F0D780FFE708980C
S31508001CE0016801208822C4F202029142009000F0A5
S31508001CF0CC80FFE7089801680120A022C4F20202FE
S31508001D009142009000F0C180FFE708980168012021
S31508001D10B822C4F202029142009000F0B680FFE7B2
S31508001D2008980168012040F21042C4F2020291426A
S31508001D30009000F0AA80FFE708980168012040F2A9
S31508001D402842C4F202029142009000F09E80FFE70A
S31508001D5008980168012040F24042C4F2020291420A
S31508001D60009000F09280FFE708980168012040F291
S31508001D705842C4F202029142009000F08680FFE7C2
S31508001D8008980168012040F27042C4F202029142AA
S31508001D9000907AD0FFE708980168012040F288424F
S31508001DA0C4F20202914200906FD0FFE708980168DA
S31508001DB0012040F2A042C4F202029142009064D08F
S31508001DC0FFE708980168012040F2B842C4F202020F
S31508001DD09142009059D0FFE708980168012045F222
S31508001DE00842C5F60202914200904ED0FFE70898D5
S31508001DF00168012045F21C42C5F602029142009094
S31508001E0043D0FFE708980168012045F23042C5F63D
S31508001E1002029142009038D0FFE708980168012035
S31508001E2045F24442C5F60202914200902DD0FFE7E2
S31508001E3008980168012045F25842C5F60202914207
S31508001E40009022D0FFE708980168012045F26C420D
S31508001E50C5F602029142009017D0FFE7089801687C
S31508001E60012045F28042C5F60202914200900CD04C
S31508001E70FFE7089800684AF66C31CAF2FD71084413
S31508001E80B0FA80F040090090FFE70098C007A0B1BB
S31508001E90FFE70898416E806E48600898C06E58B192
S31508001EA0FFE70898C16E086820F4807008600898F3
S31508001EB0016F406F4860FFE7FFE70899012081F846
S31508001EC03500FFE70899002081F83400FFE7FFE7AF
S31508001ED000208DF82700FFE79DF827000AB080BD8F
S31508001EE080B586B00490049820B9FFE701208DF8E4
S31508001EF0170046E3049890F83500022807D0FFE754
S31508001F0004998020486501208DF8170039E3049864
S31508001F10016801201022C4F202029142029000F0E8
S31508001F20A380FFE70498016801202822C4F2020270
S31508001F309142029000F09880FFE70498016801201A
S31508001F404022C4F202029142029000F08D80FFE71F
S31508001F500498016801205822C4F2020291420290B4
S31508001F6000F08280FFE70498016801207022C4F21D
S31508001F7002029142029077D0FFE704980168012097
S31508001F808822C4F20202914202906DD0FFE70498BB
S31508001F9001680120A022C4F202029142029063D095
S31508001FA0FFE7049801680120B822C4F202029142B0
S31508001FB0029059D0FFE704980168012040F21042C8
S31508001FC0C4F20202914202904ED0FFE704980168DB
S31508001FD0012040F22842C4F202029142029043D004
S31508001FE0FFE704980168012040F24042C4F2020269
S31508001FF09142029038D0FFE704980168012040F228
S315080020005842C4F20202914202902DD0FFE704988A
S315080020100168012040F27042C4F202029142029025
S3150800202022D0FFE704980168012040F28842C4F2F2
S3150800203002029142029017D0FFE704980168012036
S3150800204040F2A042C4F20202914202900CD0FFE78D
S31508002050049800684FF64831CBF6FD710844B0FA8B
S3150800206080F040090290FFE70298C007002800F0B8
S315080020709D80FFE70499042081F8350004980068DC
S315080020801021C4F20201884200F08180FFE704981B
S3150800209000682821C4F20201884278D0FFE7049834
S315080020A000684021C4F20201884270D0FFE7049814
S315080020B000685821C4F20201884268D0FFE70498F4
S315080020C000687021C4F20201884260D0FFE70498D4
S315080020D000688821C4F20201884258D0FFE70498B4
S315080020E00068A021C4F20201884250D0FFE7049894
S315080020F00068B821C4F20201884248D0FFE7049874
S31508002100006840F21041C4F2020188423FD0FFE75E
S315080021100498006840F22841C4F20201884236D089
S31508002120FFE70498006840F24041C4F20201884281
S315080021302DD0FFE70498006840F25841C4F2020126
S31508002140884224D0FFE70498006840F27041C4F240
S31508002150020188421BD0FFE70498006840F28841D4
S31508002160C4F20201884212D0FFE70498006840F2E0
S31508002170A041C4F20201884209D0FFE7049800682A
S3150800218040F2B841C4F20201884207D1FFE7049839
S315080021900168086820F00100086006E004980168F4
S315080021A0086820F001000860FFE7E5E10498016887
S315080021B0086820F00E000860049800681021C4F230
S315080021C00201884200F08180FFE704980068282110
S315080021D0C4F20201884278D0FFE7049800684021DB
S315080021E0C4F20201884270D0FFE7049800685821BB
S315080021F0C4F20201884268D0FFE70498006870219B
S31508002200C4F20201884260D0FFE70498006888217A
S31508002210C4F20201884258D0FFE704980068A0215A
S31508002220C4F20201884250D0FFE704980068B8213A
S31508002230C4F20201884248D0FFE70498006840F2D9
S315080022401041C4F2020188423FD0FFE704980068B3
S3150800225040F22841C4F20201884236D0FFE70498CA
S31508002260006840F24041C4F2020188422DD0FFE7DF
S315080022700498006840F25841C4F20201884224D00A
S31508002280FFE70498006840F27041C4F202018842F0
S315080022901BD0FFE70498006840F28841C4F20201A7
S315080022A0884212D0FFE70498006840F2A041C4F2C1
S315080022B00201884209D0FFE70498006840F2B84155
S315080022C0C4F20201884207D1FFE70498016808684A
S315080022D020F00100086006E004980168086820F00C
S315080022E001000860FFE70498016801201022C4F283
S315080022F002029142019000F00381FFE70498016809
S3150800230001202822C4F202029142019000F0F880CE
S31508002310FFE70498016801204022C4F202029142B4
S31508002320019000F0ED80FFE704980168012058222B
S31508002330C4F202029142019000F0E280FFE704989D
S31508002340016801207022C4F202029142019000F055
S31508002350D780FFE70498016801208822C4F20202A8
S315080023609142019000F0CC80FFE7049801680120B3
S31508002370A022C4F202029142019000F0C180FFE758
S31508002380049801680120B822C4F202029142019021
S3150800239000F0B680FFE704980168012040F2104279
S315080023A0C4F202029142019000F0AA80FFE7049865
S315080023B00168012040F22842C4F2020291420190CB
S315080023C000F09E80FFE704980168012040F2404231
S315080023D0C4F202029142019000F09280FFE704984D
S315080023E00168012040F25842C4F20202914201906B
S315080023F000F08680FFE704980168012040F27042E9
S31508002400C4F20202914201907AD0FFE7049801686B
S31508002410012040F28842C4F20202914201906FD034
S31508002420FFE704980168012040F2A042C4F20202C4
S315080024309142019064D0FFE704980168012040F2B8
S31508002440B842C4F202029142019059D0FFE70498BB
S315080024500168012045F20842C5F602029142019040
S315080024604ED0FFE704980168012045F21C42C5F6E4
S3150800247002029142019043D0FFE7049801680120C7
S3150800248045F23042C5F602029142019038D0FFE784
S3150800249004980168012045F24442C5F602029142B9
S315080024A001902DD0FFE704980168012045F25842B3
S315080024B0C5F602029142019022D0FFE7049801680E
S315080024C0012045F26C42C5F602029142019017D0EE
S315080024D0FFE704980168012045F28042C5F602022A
S315080024E0914201900CD0FFE7049800684AF66C31D7
S315080024F0CAF2FD710844B0FA80F040090190FFE77E
S315080025000198C00728B3FFE70498016E086820F40D
S31508002510807008600498806D03900498C06D00F080
S315080025201F0101208840039948600498416E806E17
S3150800253048600498C06E58B1FFE70498C16E0868F1
S3150800254020F4807008600498016F406F4860FFE7C8
S31508002550FFE70499012081F83500FFE70499002078
S3150800256081F83400FFE70498006D20B1FFE704986E
S31508002570016D8847FFE7FFE7FFE700208DF81700A2
S31508002580FFE79DF8170006B080BD000000000000B8
S3150800259080B590B00F9000200B9040F20400C2F274
S315080025A00040006848F2B511C1F64E31A0FB011093
S315080025B0800A0A900F98806D09900F98806D089090
S315080025C0099800680E90089800680D900F980168A1
S315080025D001201022C4F202029142079000F0A38063
S315080025E0FFE70F98016801202822C4F202029142EF
S315080025F0079000F09880FFE70F98016801204022B5
S31508002600C4F202029142079000F08D80FFE70F980E
S31508002610016801205822C4F202029142079000F094
S315080026208280FFE70F98016801207022C4F2020237
S315080026309142079077D0FFE70F980168012088221A
S31508002640C4F20202914207906DD0FFE70F98016825
S315080026500120A022C4F202029142079063D0FFE74C
S315080026600F9801680120B822C4F20202914207902D
S3150800267059D0FFE70F980168012040F21042C4F2D2
S315080026800202914207904ED0FFE70F980168012099
S3150800269040F22842C4F202029142079043D0FFE773
S315080026A00F980168012040F24042C4F202029142AA
S315080026B0079038D0FFE70F980168012040F258428A
S315080026C0C4F20202914207902DD0FFE70F980168E5
S315080026D0012040F27042C4F202029142079022D0D1
S315080026E0FFE70F980168012040F28842C4F202020F
S315080026F09142079017D0FFE70F980168012040F232
S31508002700A042C4F20202914207900CD0FFE70F984C
S3150800271000684FF64831CBF6FD710844B0FA80F0F0
S3150800272040090790FFE70798C007002800F01385BF
S31508002730FFE70E980F99C96D01F01F01C840000701
S31508002740002840F1B080FFE70F9800681021C4F216
S315080027500201884200F08180FFE70F98006828216F
S31508002760C4F20201884278D0FFE70F98006840213A
S31508002770C4F20201884270D0FFE70F98006858211A
S31508002780C4F20201884268D0FFE70F9800687021FA
S31508002790C4F20201884260D0FFE70F9800688821DA
S315080027A0C4F20201884258D0FFE70F980068A021BA
S315080027B0C4F20201884250D0FFE70F980068B8219A
S315080027C0C4F20201884248D0FFE70F98006840F239
S315080027D01041C4F2020188423FD0FFE70F98006813
S315080027E040F22841C4F20201884236D0FFE70F982A
S315080027F0006840F24041C4F2020188422DD0FFE74A
S315080028000F98006840F25841C4F20201884224D069
S31508002810FFE70F98006840F27041C4F2020188424F
S315080028201BD0FFE70F98006840F28841C4F2020106
S31508002830884212D0FFE70F98006840F2A041C4F220
S315080028400201884209D0FFE70F98006840F2B841B4
S31508002850C4F20201884207D1FFE70F9800680068B2
S3150800286000F00400069006E00F980068006800F083
S3150800287008000690FFE70698A0B1FFE70F980168E1
S31508002880086820F0040008600F98C06D00F01F016A
S3150800289008208840099988600F99486D40F0010022
S315080028A04865FFE7FFE70E980F99C96D01F01F010C
S315080028B0C840C007002800F0A980FFE70F98006805
S315080028C01021C4F20201884200F08180FFE70F98C8
S315080028D000682821C4F20201884278D0FFE70F98E1
S315080028E000684021C4F20201884270D0FFE70F98C1
S315080028F000685821C4F20201884268D0FFE70F98A1
S3150800290000687021C4F20201884260D0FFE70F9880
S3150800291000688821C4F20201884258D0FFE70F9860
S315080029200068A021C4F20201884250D0FFE70F9840
S315080029300068B821C4F20201884248D0FFE70F9820
S31508002940006840F21041C4F2020188423FD0FFE716
S315080029500F98006840F22841C4F20201884236D036
S31508002960FFE70F98006840F24041C4F2020188422E
S315080029702DD0FFE70F98006840F25841C4F20201D3
S31508002980884224D0FFE70F98006840F27041C4F2ED
S31508002990020188421BD0FFE70F98006840F2884181
S315080029A0C4F20201884212D0FFE70F98006840F28D
S315080029B0A041C4F20201884209D0FFE70F980068D7
S315080029C040F2B841C4F20201884207D1FFE70F98E6
S315080029D00068406900F08000059005E00F980068DF
S315080029E0006800200590FFE7059870B1FFE70F988B
S315080029F0C06D00F01F0101208840099988600F9971
S31508002A00486D40F002004865FFE7FFE70E980F990A
S31508002A10C96D01F01F01C8404007002840F1A98090
S31508002A20FFE70F9800681021C4F20201884200F0FF
S31508002A308180FFE70F9800682821C4F202018842C6
S31508002A4078D0FFE70F9800684021C4F20201884257
S31508002A5070D0FFE70F9800685821C4F20201884237
S31508002A6068D0FFE70F9800687021C4F20201884217
S31508002A7060D0FFE70F9800688821C4F202018842F7
S31508002A8058D0FFE70F980068A021C4F202018842D7
S31508002A9050D0FFE70F980068B821C4F202018842B7
S31508002AA048D0FFE70F98006840F21041C4F20201CF
S31508002AB088423FD0FFE70F98006840F22841C4F2E9
S31508002AC00201884236D0FFE70F98006840F240417D
S31508002AD0C4F2020188422DD0FFE70F98006840F241
S31508002AE05841C4F20201884224D0FFE70F980068D3
S31508002AF040F27041C4F2020188421BD0FFE70F98EA
S31508002B00006840F28841C4F20201884212D0FFE709
S31508002B100F98006840F2A041C4F20201884209D029
S31508002B20FFE70F98006840F2B841C4F202018842F4
S31508002B3007D1FFE70F980068006800F002000490CC
S31508002B4005E00F980068006800200490FFE70498E5
S31508002B5070B1FFE70F98C06D00F01F010420884090
S31508002B60099988600F99486D40F004004865FFE7A9
S31508002B70FFE70E980F99C96D01F01F01C840C006FE
S31508002B80002840F1DE80FFE70F9800681021C4F2A4
S31508002B900201884200F08180FFE70F98006828212B
S31508002BA0C4F20201884278D0FFE70F9800684021F6
S31508002BB0C4F20201884270D0FFE70F9800685821D6
S31508002BC0C4F20201884268D0FFE70F9800687021B6
S31508002BD0C4F20201884260D0FFE70F980068882196
S31508002BE0C4F20201884258D0FFE70F980068A02176
S31508002BF0C4F20201884250D0FFE70F980068B82156
S31508002C00C4F20201884248D0FFE70F98006840F2F4
S31508002C101041C4F2020188423FD0FFE70F980068CE
S31508002C2040F22841C4F20201884236D0FFE70F98E5
S31508002C30006840F24041C4F2020188422DD0FFE705
S31508002C400F98006840F25841C4F20201884224D025
S31508002C50FFE70F98006840F27041C4F2020188420B
S31508002C601BD0FFE70F98006840F28841C4F20201C2
S31508002C70884212D0FFE70F98006840F2A041C4F2DC
S31508002C800201884209D0FFE70F98006840F2B84170
S31508002C90C4F20201884207D1FFE70F98006800686E
S31508002CA000F00800039006E00F980068006800F03E
S31508002CB004000390FFE70398002841D0FFE70F9828
S31508002CC0C06D00F01F0110208840099988600F9890
S31508002CD000680068400300281AD5FFE70F980068C7
S31508002CE000680003002809D4FFE70F98006C20B19C
S31508002CF0FFE70F98016C8847FFE708E00F98806C9C
S31508002D0020B1FFE70F98816C8847FFE7FFE716E0D9
S31508002D100F9800680068C005002807D4FFE70F98D9
S31508002D200168086820F008000860FFE70F98006C43
S31508002D3020B1FFE70F98016C8847FFE7FFE7FFE739
S31508002D40FFE70E980F99C96D01F01F01C84080066C
S31508002D50002840F12681FFE70F9800681021C4F289
S31508002D600201884200F08180FFE70F980068282159
S31508002D70C4F20201884278D0FFE70F980068402124
S31508002D80C4F20201884270D0FFE70F980068582104
S31508002D90C4F20201884268D0FFE70F9800687021E4
S31508002DA0C4F20201884260D0FFE70F9800688821C4
S31508002DB0C4F20201884258D0FFE70F980068A021A4
S31508002DC0C4F20201884250D0FFE70F980068B82184
S31508002DD0C4F20201884248D0FFE70F98006840F223
S31508002DE01041C4F2020188423FD0FFE70F980068FD
S31508002DF040F22841C4F20201884236D0FFE70F9814
S31508002E00006840F24041C4F2020188422DD0FFE733
S31508002E100F98006840F25841C4F20201884224D053
S31508002E20FFE70F98006840F27041C4F20201884239
S31508002E301BD0FFE70F98006840F28841C4F20201F0
S31508002E40884212D0FFE70F98006840F2A041C4F20A
S31508002E500201884209D0FFE70F98006840F2B8419E
S31508002E60C4F20201884207D1FFE70F98006800689C
S31508002E7000F01000029006E00F980068006800F065
S31508002E8002000290FFE70298002800F08980FFE719
S31508002E900F98C06D00F01F012020884009998860AE
S31508002EA00F9890F83500042837D1FFE70F98016886
S31508002EB0086820F0160008600F980168486920F035
S31508002EC0800048610F98006C20B9FFE70F98806C66
S31508002ED038B1FFE70F980168086820F00800086015
S31508002EE0FFE70F98C06D00F01F013F208840099941
S31508002EF088600F99012081F83500FFE70F990020B7
S31508002F0081F83400FFE70F98006D20B1FFE70F98AE
S31508002F10016D8847FFE700F019BC0F980068006844
S31508002F20400300281AD5FFE70F98006800680003D9
S31508002F30002809D4FFE70F98406C20B1FFE70F98E7
S31508002F40416C8847FFE708E00F98C06B20B1FFE7A0
S31508002F500F98C16B8847FFE7FFE720E00F980068E6
S31508002F600068C005002811D4FFE70F9801680868B3
S31508002F7020F0100008600F99012081F83500FFE75E
S31508002F800F99002081F83400FFE7FFE70F98C06B20
S31508002F9020B1FFE70F98C16B8847FFE7FFE7FFE718
S31508002FA0FFE70F98406D002800F0D480FFE70F98E0
S31508002FB0406DC007002800F0C480FFE70F99042081
S31508002FC081F835000F9800681021C4F20201884282
S31508002FD000F08180FFE70F9800682821C4F20201FB
S31508002FE0884278D0FFE70F9800684021C4F20201B2
S31508002FF0884270D0FFE70F9800685821C4F2020192
S31508003000884268D0FFE70F9800687021C4F2020171
S31508003010884260D0FFE70F9800688821C4F2020151
S31508003020884258D0FFE70F980068A021C4F2020131
S31508003030884250D0FFE70F980068B821C4F2020111
S31508003040884248D0FFE70F98006840F21041C4F262
S31508003050020188423FD0FFE70F98006840F22841F6
S31508003060C4F20201884236D0FFE70F98006840F2A2
S315080030704041C4F2020188422DD0FFE70F9800684C
S3150800308040F25841C4F20201884224D0FFE70F9863
S31508003090006840F27041C4F2020188421BD0FFE783
S315080030A00F98006840F28841C4F20201884212D0A3
S315080030B0FFE70F98006840F2A041C4F20201884277
S315080030C009D0FFE70F98006840F2B841C4F2020140
S315080030D0884207D1FFE70F980168086820F00100C9
S315080030E0086006E00F980168086820F0010008608B
S315080030F0FFE7FFE70B9801300B900A99884201D940
S31508003100FFE707E0FFE70F9800680068C007002898
S31508003110F0D1FFE70F9800680068C00728B1FFE7FD
S315080031200F99032081F8350004E00F99012081F8F2
S315080031303500FFE7FFE70F99002081F83400FFE725
S31508003140FFE70F98C06C20B1FFE70F98C16C88475E
S31508003150FFE7FFE7FAE20F980168012045F2084207
S31508003160C5F60202914201904ED0FFE70F9801681A
S31508003170012045F21C42C5F602029142019043D055
S31508003180FFE70F980168012045F23042C5F60202B2
S315080031909142019038D0FFE70F980168012045F267
S315080031A04442C5F60202914201902DD0FFE70F98DE
S315080031B00168012045F25842C5F602029142019083
S315080031C022D0FFE70F980168012045F26C42C5F648
S315080031D002029142019017D0FFE70F98016801207B
S315080031E045F28042C5F60202914201900CD0FFE7F3
S315080031F00F9800684AF66C31CAF2FD710844B0FAB5
S3150800320080F040090190FFE70198C007002800F008
S315080032109B82FFE70F98006800680C900D980F993D
S31508003220C96D01F01F01C8404007002840F1D7804A
S31508003230FFE79DF830004007002840F1D080FFE7FF
S315080032400F98C06D00F01F01042088400899486057
S315080032509DF831000006002818D5FFE79DF83200D2
S31508003260C00748B9FFE70F98806C20B1FFE70F98B1
S31508003270816C8847FFE708E00F98006C20B1FFE7EC
S315080032800F98016C8847FFE7FFE7A7E09DF8300035
S315080032908006002800F19980FFE70F980068102142
S315080032A0C4F20201884200F08180FFE70F980068A7
S315080032B02821C4F20201884278D0FFE70F980068F7
S315080032C04021C4F20201884270D0FFE70F980068D7
S315080032D05821C4F20201884268D0FFE70F980068B7
S315080032E07021C4F20201884260D0FFE70F98006897
S315080032F08821C4F20201884258D0FFE70F98006877
S31508003300A021C4F20201884250D0FFE70F98006856
S31508003310B821C4F20201884248D0FFE70F98006836
S3150800332040F21041C4F2020188423FD0FFE70F98ED
S31508003330006840F22841C4F20201884236D0FFE70D
S315080033400F98006840F24041C4F2020188422DD02D
S31508003350FFE70F98006840F25841C4F2020188421C
S3150800336024D0FFE70F98006840F27041C4F20201CA
S3150800337088421BD0FFE70F98006840F28841C4F2E4
S315080033800201884212D0FFE70F98006840F2A04178
S31508003390C4F20201884209D0FFE70F98006840F29C
S315080033A0B841C4F20201884207D1FFE70F980168C5
S315080033B0086820F00800086006E00F9801680868A9
S315080033C020F004000860FFE7FFE70F98006C20B1C3
S315080033D0FFE70F98016C8847FFE7FFE7B3E10D9811
S315080033E00F99C96D01F01F01C8408007002840F1F8
S315080033F0E180FFE79DF830008007002840F1DA8079
S31508003400FFE70F98C06D00F01F0102208840089959
S3150800341048609DF831000006002818D5FFE79DF89A
S315080034203200C00748B9FFE70F98406C20B1FFE7A4
S315080034300F98416C8847FFE708E00F98C06B20B1EA
S31508003440FFE70F98C16B8847FFE7FFE7B1E09DF8F4
S3150800345030008006002800F1A380FFE70F98006877
S315080034601021C4F20201884200F08180FFE70F981C
S3150800347000682821C4F20201884278D0FFE70F9835
S3150800348000684021C4F20201884270D0FFE70F9815
S3150800349000685821C4F20201884268D0FFE70F98F5
S315080034A000687021C4F20201884260D0FFE70F98D5
S315080034B000688821C4F20201884258D0FFE70F98B5
S315080034C00068A021C4F20201884250D0FFE70F9895
S315080034D00068B821C4F20201884248D0FFE70F9875
S315080034E0006840F21041C4F2020188423FD0FFE76B
S315080034F00F98006840F22841C4F20201884236D08B
S31508003500FFE70F98006840F24041C4F20201884282
S315080035102DD0FFE70F98006840F25841C4F2020127
S31508003520884224D0FFE70F98006840F27041C4F241
S31508003530020188421BD0FFE70F98006840F28841D5
S31508003540C4F20201884212D0FFE70F98006840F2E1
S31508003550A041C4F20201884209D0FFE70F9800682B
S3150800356040F2B841C4F20201884207D1FFE70F983A
S315080035700168086820F01400086006E00F980168E2
S31508003580086820F00A000860FFE70F99012081F813
S315080035903500FFE70F99002081F83400FFE7FFE7C1
S315080035A00F98C06B20B1FFE70F98C16B8847FFE7FC
S315080035B0FFE7C7E00D980F99C96D01F01F01C840D4
S315080035C00007002840F1BC80FFE79DF8300000079F
S315080035D0002840F1B580FFE70F9800681021C4F273
S315080035E00201884200F08180FFE70F9800682821D1
S315080035F0C4F20201884278D0FFE70F98006840219C
S31508003600C4F20201884270D0FFE70F98006858217B
S31508003610C4F20201884268D0FFE70F98006870215B
S31508003620C4F20201884260D0FFE70F98006888213B
S31508003630C4F20201884258D0FFE70F980068A0211B
S31508003640C4F20201884250D0FFE70F980068B821FB
S31508003650C4F20201884248D0FFE70F98006840F29A
S315080036601041C4F2020188423FD0FFE70F98006874
S3150800367040F22841C4F20201884236D0FFE70F988B
S31508003680006840F24041C4F2020188422DD0FFE7AB
S315080036900F98006840F25841C4F20201884224D0CB
S315080036A0FFE70F98006840F27041C4F202018842B1
S315080036B01BD0FFE70F98006840F28841C4F2020168
S315080036C0884212D0FFE70F98006840F2A041C4F282
S315080036D00201884209D0FFE70F98006840F2B84116
S315080036E0C4F20201884207D1FFE70F98016808680B
S315080036F020F01C00086006E00F980168086820F0B2
S315080037000E000860FFE70F98C06D00F01F0101204A
S3150800371000FA01F1089A51600F9948650F9981F8E6
S315080037203500FFE70F99002081F83400FFE70F986E
S31508003730C06C20B1FFE70F98C16C8847FFE700E02F
S31508003740FFE7FFE7FFE700E0FFE7FFE710B080BD10
S3150800375010B58EB00C9002F0C7FD0A900C9828B9E7
S31508003760FFE701208DF8370000F09EBC0C98016831
S3150800377001201022C4F202029142079000F0A380B1
S31508003780FFE70C98016801202822C4F20202914240
S31508003790079000F09880FFE70C9801680120402206
S315080037A0C4F202029142079000F08D80FFE70C9860
S315080037B0016801205822C4F202029142079000F0E3
S315080037C08280FFE70C98016801207022C4F2020289
S315080037D09142079077D0FFE70C980168012088226C
S315080037E0C4F20202914207906DD0FFE70C98016877
S315080037F00120A022C4F202029142079063D0FFE79B
S315080038000C9801680120B822C4F20202914207907E
S3150800381059D0FFE70C980168012040F21042C4F223
S315080038200202914207904ED0FFE70C9801680120EA
S3150800383040F22842C4F202029142079043D0FFE7C1
S315080038400C980168012040F24042C4F202029142FB
S31508003850079038D0FFE70C980168012040F25842DB
S31508003860C4F20202914207902DD0FFE70C98016836
S31508003870012040F27042C4F202029142079022D01F
S31508003880FFE70C980168012040F28842C4F2020260
S315080038909142079017D0FFE70C980168012040F283
S315080038A0A042C4F20202914207900CD0FFE70C989E
S315080038B000684FF64831CBF6FD710844B0FA80F03F
S315080038C040090790FFE70798C007002800F07881AD
S315080038D0FFE70C98406A08B1FFE7FFE70C9902205A
S315080038E081F83500FFE70C99002081F83400FFE7DE
S315080038F00C9800681021C4F20201884200F0818009
S31508003900FFE70C9800682821C4F20201884278D0A3
S31508003910FFE70C9800684021C4F20201884270D083
S31508003920FFE70C9800685821C4F20201884268D063
S31508003930FFE70C9800687021C4F20201884260D043
S31508003940FFE70C9800688821C4F20201884258D023
S31508003950FFE70C980068A021C4F20201884250D003
S31508003960FFE70C980068B821C4F20201884248D0E3
S31508003970FFE70C98006840F21041C4F20201884241
S315080039803FD0FFE70C98006840F22841C4F20201D4
S31508003990884236D0FFE70C98006840F24041C4F2EE
S315080039A0020188422DD0FFE70C98006840F2584182
S315080039B0C4F20201884224D0FFE70C98006840F25E
S315080039C07041C4F2020188421BD0FFE70C980068D8
S315080039D040F28841C4F20201884212D0FFE70C98EF
S315080039E0006840F2A041C4F20201884209D0FFE70C
S315080039F00C98006840F2B841C4F20201884207D127
S31508003A00FFE70C980168086820F00100086006E0E6
S31508003A100C980168086820F001000860FFE7FFE7D6
S31508003A200C9800680068C00798B1FFE702F05CFCD4
S31508003A300A99401A06280BD3FFE70C9920204865F7
S31508003A400C99032081F8350001208DF837002BE307
S31508003A50E6E70C98006800680B900B9848F23F015F
S31508003A60CFF6106108400B900C998868D1F80CC005
S31508003A700B694A6940EA0C00184310438A691043E7
S31508003A80CA691043096A01430B9808430B900C98BE
S31508003A90406A042808D1FFE70C99C86A096B0143F4
S31508003AA00B9808430B90FFE70C984068292807D322
S31508003AB0FFE70C98416801202F29069036D3FFE7C7
S31508003AC00C9840683F2807D3FFE70C984168012007
S31508003AD0432906902AD3FFE70C984068472807D35E
S31508003AE0FFE70C9841680120492906901ED3FFE795
S31508003AF00C9840684F2807D3FFE70C9841680120C7
S31508003B005329069012D3FFE70C98416800207429C0
S31508003B10059008D3FFE70C9841680020782938BF3C
S31508003B2001200590FFE705980690FFE70698C0076D
S31508003B3028B1FFE70B9840F480100B90FFE70B982D
S31508003B400C99096808600C98006840690B900B98F6
S31508003B5020F007000B900C98416A0B9808430B90CD
S31508003B600C98406A04281AD1FFE70C98816A0B98CA
S31508003B7008430B900C98C06A80B1FFE70C98FCF7D5
S31508003B80F7FF50B1FFE70C99402048650C990120D2
S31508003B9081F835008DF8370086E2FFE7FFE70B98D6
S31508003BA00C99096848610C98FCF7A6FD09900C98D1
S31508003BB0C06D00F01F013F2088400999886026E102
S31508003BC00C980168012045F20842C5F602029142A6
S31508003BD004904ED0FFE70C980168012045F21C427C
S31508003BE0C5F602029142049043D0FFE70C9801689B
S31508003BF0012045F23042C5F602029142049038D0BF
S31508003C00FFE70C980168012045F24442C5F6020216
S31508003C10914204902DD0FFE70C980168012045F2E7
S31508003C205842C5F602029142049022D0FFE70C984A
S31508003C300168012045F26C42C5F6020291420490E1
S31508003C4017D0FFE70C980168012045F28042C5F6B7
S31508003C500202914204900CD0FFE70C9800684AF6DD
S31508003C606C31CAF2FD710844B0FA80F0400904903C
S31508003C70FFE70498C007002800F0BD80FFE70C980E
S31508003C800168012045F20842C5F6020291420390F6
S31508003C904ED0FFE70C980168012045F21C42C5F694
S31508003CA002029142039043D0FFE70C980168012075
S31508003CB045F23042C5F602029142039038D0FFE73A
S31508003CC00C980168012045F24442C5F60202914269
S31508003CD003902DD0FFE70C980168012045F2584261
S31508003CE0C5F602029142039022D0FFE70C980168BC
S31508003CF0012045F26C42C5F602029142039017D0A4
S31508003D00FFE70C980168012045F28042C5F60202D9
S31508003D10914203900CD0FFE70C9800684AF66C3184
S31508003D20CAF2FD710844B0FA80F040090390FFE733
S31508003D300398C00708B1FFE7FFE70C99022081F84E
S31508003D403500FFE70C99002081F83400FFE70C984E
S31508003D50006800680B900B986FF310100B900C9886
S31508003D608068402803D1FFE71020029008E00C98ED
S31508003D7080688038B0FA80F0400980030290FFE737
S31508003D8002980C99CA680B69D1F814C0D1F818E0E2
S31508003D90CC694EEA040E4CEA0E0C43EA0C031A43AD
S31508003DA040EAD200096A40EA11110B9808430B90C1
S31508003DB00B980C99096808600C9908684AF6F83255
S31508003DC0CAF2FD7210444CF6CD42CCF6CC42A0FBAA
S31508003DD002026FF0030000EA9200C8650C98FCF72F
S31508003DE08BFC08900C98C06D00F01F0101208840DC
S31508003DF0089948600AE00C99402048650C99032008
S31508003E0081F8350001208DF837004DE1FFE70C9861
S31508003E10016801201022C4F202029142019000F0CA
S31508003E200381FFE70C98016801202822C4F20202E8
S31508003E309142019000F0F880FFE70C980168012094
S31508003E404022C4F202029142019000F0ED80FFE7A1
S31508003E500C98016801205822C4F20202914201908E
S31508003E6000F0E280FFE70C98016801207022C4F296
S31508003E7002029142019000F0D780FFE70C98016892
S31508003E8001208822C4F202029142019000F0CC80FF
S31508003E90FFE70C9801680120A022C4F202029142B1
S31508003EA0019000F0C180FFE70C9801680120B82254
S31508003EB0C4F202029142019000F0B680FFE70C9826
S31508003EC00168012040F21042C4F2020291420190B8
S31508003ED000F0AA80FFE70C980168012040F228420A
S31508003EE0C4F202029142019000F09E80FFE70C980E
S31508003EF00168012040F24042C4F202029142019058
S31508003F0000F09280FFE70C980168012040F25842C1
S31508003F10C4F202029142019000F08680FFE70C98F5
S31508003F200168012040F27042C4F2020291420190F7
S31508003F307AD0FFE70C980168012040F28842C4F263
S31508003F400202914201906FD0FFE70C9801680120A8
S31508003F5040F2A042C4F202029142019064D0FFE707
S31508003F600C980168012040F2B842C4F2020291425C
S31508003F70019059D0FFE70C980168012045F20842E4
S31508003F80C5F60202914201904ED0FFE70C980168EF
S31508003F90012045F21C42C5F602029142019043D027
S31508003FA0FFE70C980168012045F23042C5F6020287
S31508003FB09142019038D0FFE70C980168012045F23C
S31508003FC04442C5F60202914201902DD0FFE70C98B3
S31508003FD00168012045F25842C5F602029142019055
S31508003FE022D0FFE70C980168012045F26C42C5F61D
S31508003FF002029142019017D0FFE70C980168012050
S3150800400045F28042C5F60202914201900CD0FFE7C4
S315080040100C9800684AF66C31CAF2FD710844B0FA89
S3150800402080F040090190FFE70198C00790B3FFE7C9
S315080040300C98FCF749FC0C988068802804D1FFE7A7
S315080040400C9900204860FFE70C990879096E08600A
S315080040500C98416E806E48600C98406888B1FFE7FE
S315080040600C98406808280CD8FFE70C98FCF7E8FC81
S315080040700C98C16E002008600C98016F406F48606C
S3150800408007E00C990020C8660C9908670C994867E0
S31508004090FFE7FFE70C99002048650C9A012182F892
S315080040A035108DF83700FFE79DF837000EB010BDC4
S315080040B080B588B0069005910492039300208DF888
S315080040C00B00069820B9FFE701208DF81F006CE366
S315080040D0FFE7069890F83400012804D1FFE702208C
S315080040E08DF81F0061E30699012081F83400FFE787
S315080040F0FFE7069890F83500012840F04383FFE76C
S315080041000699022081F83500069900204865069828
S3150800411000681021C4F20201884200F08180FFE79E
S31508004120069800682821C4F20201884278D0FFE781
S31508004130069800684021C4F20201884270D0FFE761
S31508004140069800685821C4F20201884268D0FFE741
S31508004150069800687021C4F20201884260D0FFE721
S31508004160069800688821C4F20201884258D0FFE701
S3150800417006980068A021C4F20201884250D0FFE7E1
S3150800418006980068B821C4F20201884248D0FFE7C1
S315080041900698006840F21041C4F2020188423FD0F6
S315080041A0FFE70698006840F22841C4F202018842F7
S315080041B036D0FFE70698006840F24041C4F2020193
S315080041C088422DD0FFE70698006840F25841C4F2AD
S315080041D00201884224D0FFE70698006840F2704141
S315080041E0C4F2020188421BD0FFE70698006840F235
S315080041F08841C4F20201884212D0FFE70698006897
S3150800420040F2A041C4F20201884209D0FFE70698AD
S31508004210006840F2B841C4F20201884207D1FFE7BC
S3150800422006980168086820F00100086006E006980C
S315080042300168086820F001000860FFE706980599FC
S31508004240049A039BFCF70CFD0698016801201022CE
S31508004250C4F202029142019000F0A380FFE706989B
S31508004260016801202822C4F202029142019000F05E
S315080042709880FFE70698016801204022C4F20202EE
S315080042809142019000F08D80FFE7069801680120B1
S315080042905822C4F202029142019000F08280FFE7A0
S315080042A00698016801207022C4F202029142019028
S315080042B077D0FFE70698016801208822C4F2020237
S315080042C0914201906DD0FFE7069801680120A0226F
S315080042D0C4F202029142019063D0FFE70698016892
S315080042E00120B822C4F202029142019059D0FFE798
S315080042F006980168012040F21042C4F20202914277
S3150800430001904ED0FFE706980168012040F2284246
S31508004310C4F202029142019043D0FFE70698016871
S31508004320012040F24042C4F202029142019038D084
S31508004330FFE706980168012040F25842C4F20202DB
S31508004340914201902DD0FFE706980168012040F2BE
S315080043507042C4F202029142019022D0FFE7069809
S315080043600168012040F28842C4F20202914201909B
S3150800437017D0FFE706980168012040F2A042C4F270
S315080043800202914201900CD0FFE7069800684FF6AA
S315080043904831CBF6FD710844B0FA80F04009019027
S315080043A0FFE70198C007A8B1FFE70698006800680C
S315080043B00B2161F344000699096808600698006CA9
S315080043C038B1FFE706980168086840F008000860F9
S315080043D0FFE714E0069800680068052161F34300CA
S315080043E00699096808600698006C38B1FFE70698D0
S315080043F00168086840F004000860FFE7FFE70698D0
S31508004400016801201022C4F202029142009000F0D5
S315080044100381FFE70698016801202822C4F20202F8
S315080044209142009000F0F880FFE7069801680120A5
S315080044304022C4F202029142009000F0ED80FFE7AC
S315080044400698016801205822C4F20202914200909F
S3150800445000F0E280FFE70698016801207022C4F2A6
S3150800446002029142009000F0D780FFE706980168A3
S3150800447001208822C4F202029142009000F0CC800A
S31508004480FFE7069801680120A022C4F202029142C1
S31508004490009000F0C180FFE7069801680120B82265
S315080044A0C4F202029142009000F0B680FFE7069837
S315080044B00168012040F21042C4F2020291420090C3
S315080044C000F0AA80FFE706980168012040F228421A
S315080044D0C4F202029142009000F09E80FFE706981F
S315080044E00168012040F24042C4F202029142009063
S315080044F000F09280FFE706980168012040F25842D2
S31508004500C4F202029142009000F08680FFE7069806
S315080045100168012040F27042C4F202029142009002
S315080045207AD0FFE706980168012040F28842C4F273
S315080045300202914200906FD0FFE7069801680120B9
S3150800454040F2A042C4F202029142009064D0FFE712
S3150800455006980168012040F2B842C4F2020291426C
S31508004560009059D0FFE706980168012045F20842F5
S31508004570C5F60202914200904ED0FFE70698016800
S31508004580012045F21C42C5F602029142009043D032
S31508004590FFE706980168012045F23042C5F6020297
S315080045A09142009038D0FFE706980168012045F24D
S315080045B04442C5F60202914200902DD0FFE70698C4
S315080045C00168012045F25842C5F602029142009060
S315080045D022D0FFE706980168012045F26C42C5F62D
S315080045E002029142009017D0FFE706980168012061
S315080045F045F28042C5F60202914200900CD0FFE7D0
S31508004600069800684AF66C31CAF2FD710844B0FA99
S3150800461080F040090090FFE70098C007D0B1FFE797
S315080046200698006E0068C003002807D5FFE70698BD
S31508004630016E086840F480700860FFE70698C06E4F
S3150800464038B1FFE70698C16E086840F480700860C4
S31508004650FFE7FFE7069800681021C4F202018842C6
S3150800466000F08180FFE7069800682821C4F202015D
S31508004670884278D0FFE7069800684021C4F2020114
S31508004680884270D0FFE7069800685821C4F20201F4
S31508004690884268D0FFE7069800687021C4F20201D4
S315080046A0884260D0FFE7069800688821C4F20201B4
S315080046B0884258D0FFE706980068A021C4F2020194
S315080046C0884250D0FFE706980068B821C4F2020174
S315080046D0884248D0FFE70698006840F21041C4F2C5
S315080046E0020188423FD0FFE70698006840F2284159
S315080046F0C4F20201884236D0FFE70698006840F205
S315080047004041C4F2020188422DD0FFE706980068AE
S3150800471040F25841C4F20201884224D0FFE70698C5
S31508004720006840F27041C4F2020188421BD0FFE7DC
S315080047300698006840F28841C4F20201884212D005
S31508004740FFE70698006840F2A041C4F202018842D9
S3150800475009D0FFE70698006840F2B841C4F20201A2
S31508004760884207D1FFE706980168086840F001000B
S31508004770086006E006980168086840F001000860CD
S31508004780FFE70DE006994FF400604865FFE70699D4
S31508004790002081F83400FFE701208DF80B00FFE7C1
S315080047A09DF80B008DF81F00FFE79DF81F0008B065
S315080047B080BD00000000000085B0039002910192C0
S315080047C0039890F898008DF803009DF803000128D7
S315080047D005D0FFE79DF8030002285DD1FFE70298A0
S315080047E003990968896D084207D1FFE703980168AC
S315080047F0C86D40F00100C86515E00298039909687C
S31508004800896D08400299884207D1FFE70398016835
S31508004810C86D40F00200C86504E0039801680320EB
S31508004820C865FFE7FFE79DF809008007002809D556
S31508004830FFE7019A03980168D1F8E0001043C1F830
S31508004840E000FFE79DF809004007002809D5FFE7C3
S31508004850019A03980168D1F8E4001043C1F8E4000E
S31508004860FFE7FFE702984FF6FF71C3F6CF7100EA3C
S31508004870010203980168486D10434865029A4AF692
S315080048801401C4F20001086840EA92700860FFE764
S3150800489000208DF813000AE00399D1F89C0040F037
S315080048A00200C1F89C0001208DF81300FFE79DF86F
S315080048B0130005B07047000080B586B004900391D8
S315080048C002920398406808B9FFE700E0FFE70498FA
S315080048D090F89800022845D1FFE704980068D0F8B8
S315080048E0C00010F07C5F0BD1FFE70499D1F89C005B
S315080048F040F02000C1F89C0001208DF817003CE02C
S3150800490004980068D0F8C400800200280BD5FFE799
S315080049100499D1F89C0040F40070C1F89C0001206D
S315080049208DF8170029E004980068D0F8C400C0F391
S315080049300440019004980399029A019BFCF7B8FD7C
S315080049400199012000FA01F1049A1268C2F8D01000
S31508004950019988400499C1F89400FFE700208DF872
S3150800496017000AE00499D1F89C0040F00800C1F845
S315080049709C0001208DF81700FFE79DF8170006B088
S3150800498080BD00000000000082B00190009102B0D6
S31508004990704700000000000087B005900491059854
S315080049A090F898008DF803009DF80300012805D0BB
S315080049B0FFE79DF8030002286AD1FFE70498C0685C
S315080049C0072801D1FFE7FFE70498006878BBFFE7EF
S315080049D00498C068072801D0FFE7FFE70498C06875
S315080049E007280CD1FFE7049A10699169D269000477
S315080049F040EA0220084340F0605003900CE0049916
S31508004A008868CB680A694969800740EAC36040EA52
S31508004A10024008430390FFE70598C06E0499496869
S31508004A2000EB810001900398019908602CE0049836
S31508004A30C068072801D0FFE7FFE70498C168006946
S31508004A4040EA417003900498C068072804D1FFE73C
S31508004A5004988069029006E004988168406940EAF3
S31508004A6081700290FFE70598006F0499496800EB8A
S31508004A70C1000190039801990860019804300190DB
S31508004A80029801990860FFE700208DF81B000AE0EC
S31508004A900599D1F89C0040F00200C1F89C0001205D
S31508004AA08DF81B00FFE79DF81B0007B07047000054
S31508004AB085B0DDF814C00390029101920093039823
S31508004AC090F89800012812D1FFE702980001019991
S31508004AD040EA8100009940EA410005990843039994
S31508004AE00968C1F8800000208DF813000AE00399D0
S31508004AF0D1F89C0040F00400C1F89C0001208DF814
S31508004B001300FFE79DF8130005B07047000000008A
S31508004B1081B0009001B0704782B00190009102B058
S31508004B2070470000000000008AB0089007910692BE
S31508004B30059300200190089890F898008DF80300D6
S31508004B409DF80300022840F05C81FFE7079840289B
S31508004B5051D1FFE708980068D0F8A00010F4FE0FBE
S31508004B600BD1FFE70899D1F89C0040F02000C1F866
S31508004B709C0001208DF827004EE108980068D0F8BF
S31508004B80A400400658B9FFE70899D1F89C0040F4FC
S31508004B908070C1F89C0001208DF827003CE1089838
S31508004BA00068D0F8A40000F080710120B0EB116F06
S31508004BB00DD1FFE708980068D0F8A0100120B0EBE7
S31508004BC0D17F03D1FFE701200190FFE7FFE70898AF
S31508004BD00068D0F8A40000F47C51019800EB11207D
S31508004BE001900898426C406F0199514300EB81008F
S31508004BF00490FFE770E00798412851D1FFE708982D
S31508004C000068D0F8B00010F4FE0F0BD1FFE7089942
S31508004C10D1F89C0040F02000C1F89C0001208DF8D6
S31508004C202700F9E008980068D0F8B400400658B99B
S31508004C30FFE70899D1F89C0040F48070C1F89C0001
S31508004C4001208DF82700E7E008980068D0F8B4003E
S31508004C5000F080710120B0EB116F0DD1FFE70898C5
S31508004C600068D0F8B0100120B0EBD17F03D1FFE780
S31508004C7001200190FFE7FFE708980068D0F8B40024
S31508004C8000F47C51019800EB112001900898C26C41
S31508004C90806F0199514300EB81000490FFE71AE009
S31508004CA007980899096D88420BD3FFE70899D1F848
S31508004CB09C0040F02000C1F89C0001208DF82700D8
S31508004CC0AAE00898426DC06F0799514300EB81002E
S31508004CD00490FFE7FFE7FFE70498006800F08040CC
S31508004CE0069948600698406838B9FFE7049800684E
S31508004CF0C0F38A400699086006E00498006820F028
S31508004D00604006990860FFE70498006800F00050C4
S31508004D10069988600498006800F0004006990861C2
S31508004D20049804300490049800880699C861049889
S31508004D300068C0F303400699C8600498006800F448
S31508004D408010069948610498006800F400100699D6
S31508004D50886104980068C0F306600699086204989A
S31508004D600068C00F069948620498043004900498B5
S31508004D70039000200290FFE702980699CA6842F657
S31508004D801421C0F60101895C88420AD2FFE703981C
S31508004D90029A805C05998854FFE7029801300290D0
S31508004DA0EAE70798402806D1FFE7019808990968B5
S31508004DB0C1F8A80021E00798412806D1FFE7019825
S31508004DC008990968C1F8B80016E007981F2808D896
S31508004DD0FFE707990120884008990968C1F89800F3
S31508004DE009E0079800F01F01012088400899096822
S31508004DF0C1F89C00FFE7FFE7FFE700208DF82700D2
S31508004E000AE00899D1F89C0040F00800C1F89C0017
S31508004E1001208DF82700FFE79DF827000AB07047A4
S31508004E2081B0009001B0704780B594B013904AF6EF
S31508004E301000C4F200000068800712904AF61400B9
S31508004E40C4F200000168129800EA81701290139863
S31508004E500068006D00F47040119013980068416D69
S31508004E6011980840119013980068006D00F00F0023
S31508004E70109013980068416D109808401090139888
S31508004E800068006D00F0F0000F9013980068416DFF
S31508004E900F9808400F9013980068006D00F0715045
S31508004EA00E9013980068416D0E9808400E9013985E
S31508004EB00068006D00F060700D9013980068416DF1
S31508004EC00D9808400D9013980068406D039013984C
S31508004ED00068006D01909DF80D00C007B8B1FFE7A6
S31508004EE09DF80500C00788B1FFE7FFE7139801683A
S31508004EF04FF4807008654AF61001C4F200010020DC
S31508004F000860FFE71398FFF78BFFFFE7FFE79DF8B9
S31508004F100D0000F004010020B0EB910F28D0FFE748
S31508004F209DF8050000F004010020B0EB910F1ED09B
S31508004F30FFE713980068D0F8DC000B901398006818
S31508004F40D0F8E4100B9808400B90FFE71398016817
S31508004F504FF4806008654AF61001C4F2000100208B
S31508004F600860FFE713980B9900F0A2FEFFE7FFE73A
S31508004F701298B8B1FFE7FFE712984FF6FF71C3F62C
S31508004F80CF7108401399096808651298800F4AF688
S31508004F901001C4F200010860FFE713981299FFF7A1
S31508004FA0F3FCFFE71198B8B1FFE7FFE711984FF652
S31508004FB0FF71C3F6CF7108401399096808651198FF
S31508004FC0800F4AF61001C4F200010860FFE7139843
S31508004FD0119900F07DFEFFE71098B8B1FFE7FFE7EB
S31508004FE010984FF6FF71C3F6CF71084013990968F8
S31508004FF008651098800F4AF61001C4F2000108608F
S31508005000FFE71398109900F023FDFFE70F98B8B152
S31508005010FFE7FFE70F984FF6FF71C3F6CF71084019
S315080050201399096808650F98800F4AF61001C4F2AB
S3150800503000010860FFE713980F9900F079FDFFE774
S315080050409DF80D0000F008010020B0EBD10F1BD031
S31508005050FFE79DF8050000F008010020B0EBD10F2E
S3150800506011D0FFE7FFE7139801684FF40060086561
S315080050704AF61001C4F2000100200860FFE7139801
S3150800508000F02EFEFFE7FFE79DF80D0000F0020195
S315080050900020B0EB510F28D0FFE79DF8050000F07F
S315080050A002010020B0EB510F1ED0FFE713980068ED
S315080050B0D0F8D8000C9013980068D0F8E0100C9837
S315080050C008400C90FFE7139801684FF400700865D4
S315080050D04AF61001C4F2000100200860FFE71398A1
S315080050E00C9900F0EDFDFFE7FFE79DF80E0000F0D4
S315080050F008010020B0EBD10F1BD0FFE79DF8060092
S3150800510000F008010020B0EBD10F11D0FFE7FFE750
S31508005110139801684FF4002008654AF61001C4F296
S31508005120000100200860FFE7139800F08DFCFFE7F8
S31508005130FFE79DF80E00C007B8B1FFE79DF8060027
S31508005140C00788B1FFE7FFE7139801684FF480307E
S3150800515008654AF61001C4F2000100200860FFE75E
S31508005160139800F0A1FDFFE7FFE79DF80E0000F099
S3150800517004010020B0EB910F1BD0FFE79DF8060055
S3150800518000F004010020B0EB910F11D0FFE7FFE714
S31508005190139801684FF4802008654AF61001C4F296
S315080051A0000100200860FFE7139800F079FDFFE78B
S315080051B0FFE79DF80E0000F002010020B0EB510F4A
S315080051C01FD0FFE79DF8060000F002010020B0EBB3
S315080051D0510F15D0FFE7FFE7139801684FF4003029
S315080051E008654AF61001C4F2000100200860FFE7CE
S315080051F01399D1F89C0040F08000C1F89C00FFE7A5
S31508005200FFE70D98B8B1FFE7FFE70D984FF6FF7176
S31508005210C3F6CF7108401399096808650D98800F81
S315080052204AF61001C4F200010860FFE713980D99C9
S31508005230FFF772FCFFE70E98D0B1FFE7FFE70E987D
S315080052404FF6FF71C3F6CF710840139909680865D0
S315080052500E98800F4AF61001C4F200010860FFE7B5
S315080052600E9A1399D1F89C001043C1F89C00FFE7E9
S31508005270139800684AF20001C4F20001884240F01F
S31508005280B980FFE71398406880688007002800F017
S31508005290B080FFE713984068006A00F00F000A9094
S315080052A013984068416A0A9808400A90139840681B
S315080052B0006A00F03000099013984068416A09981E
S315080052C00840099013984068006A00F4C070089076
S315080052D013984068416A08980840089013984068EF
S315080052E0006A00F4FC40079013984068416A0798E2
S315080052F00840079013984068006A00F4F02006906A
S3150800530013984068416A06980840069013984068C2
S31508005310406A029013984068006A00900A9848B15B
S31508005320FFE70A9813994968086213980A9900F0E2
S315080053309FFCFFE7099848B1FFE709981399496860
S3150800534008621398099900F0A3FCFFE79DF8080086
S3150800535000F040010020B0EB911F1FD0FFE79DF839
S31508005360000000F040010020B0EB911F15D0FFE7C8
S3150800537013984068C06B000C059013984068C06B82
S3150800538000F03F0004901398416840200862139883
S315080053900599049A00F074FCFFE7FFE7089848B1FE
S315080053A0FFE708981399496808621398089900F066
S315080053B057FCFFE7079860B1FFE707981399496814
S315080053C00862079A1399D1F89C001043C1F89C000B
S315080053D0FFE7069860B1FFE70698139949680862DF
S315080053E0069A1399D1F89C001043C1F89C00FFE770
S315080053F0FFE7FFE71398D0F89C0020B1FFE7139862
S31508005400FFF786FBFFE714B080BD00000000000030
S3150800541080B598B0169042F6B811C0F6010101A8F9
S315080054204C22FBF782F8169820B9FFE701208DF881
S315080054305F00D9E1169800684AF20001C4F200013B
S31508005440884206D1FFE71699086800F5807048601B
S31508005450FFE716988068B0F5407F01D1FFE7FFE7C0
S315080054601698006C08B1FFE7FFE71698806C08B13C
S31508005470FFE7FFE71698006D08B1FFE7FFE7169804
S31508005480006E08B1FFE7FFE71699C86D096E084474
S3150800549008B1FFE7FFE7169890F8980040B9FFE7CC
S315080054A01699002081F89900169800F0A1F9FFE7EF
S315080054B016980168886920F01000886100F014FFCA
S315080054C01590FFE71698006880690007002817D529
S315080054D0FFE700F009FF1599401A0B280FD3FFE7DD
S315080054E01699D1F89C0040F00100C1F89C00169965
S315080054F0032081F8980001208DF85F0074E1E1E748
S3150800550016980168886940F00100886100F0ECFE91
S315080055101590FFE7169800688069C007B8B9FFE7D5
S3150800552000F0E2FE1599401A0B280FD3FFE71699EB
S31508005530D1F89C0040F00100C1F89C0016990320A0
S3150800554081F8980001208DF85F004DE1E2E7169892
S315080055500168886940F0020088611698007C012875
S3150800556007D1FFE716980168886920F0400088612E
S3150800557006E016980168886940F040008861FFE7F0
S315080055801698407C012807D1FFE7169801688869B4
S3150800559040F48040886106E016980168886920F41E
S315080055A080408861FFE71698807C012807D1FFE7CD
S315080055B016980168886920F48050886106E0169874
S315080055C00168886940F480508861FFE7169800688A
S315080055D0806920F44070169A1168926810438861B1
S315080055E016980168886920F0A400886116980168F1
S315080055F0086920F0100008611698C068012807D1CC
S31508005600FFE716980168886940F0040088612BE076
S315080056101698C06830B3FFE71698C068022819D0F4
S31508005620FFE716980168886940F080008861169837
S315080056300168086940F0100008611698C0680328D8
S3150800564007D1FFE716980168886940F0200088614D
S31508005650FFE706E016980168886940F0200088612F
S31508005660FFE700E0FFE7FFE7169A116853699069BC
S31508005670D2F81CE0A0F1010C6FF0FF0000EB0E2041
S3150800568040EA4C60126A013A10430022CFF6FF72D4
S3150800569002EB03421043C86116988068B0F5407F54
S315080056A01CD1FFE7169A1168536A906AD2F82CE063
S315080056B001386FF0FF0C0CEB0E2C40EA0C00D2F808
S315080056C030C06FF00F0202EB0C1210430022CFF627
S315080056D0FF7202EB03421043C860FFE71698006E9C
S315080056E048B1FFE716980168426ED1F8C00010432A
S315080056F0C1F8C000FFE71699C86D096E084480B165
S31508005700FFE716980068D0F8C80020F00700169A38
S315080057101168936E01AA52F823201043C1F8C800F5
S31508005720FFE71698006C80B1FFE716980068D0F876
S31508005730BC0020F00700169A1168536C01AA52F8AB
S3150800574023201043C1F8BC00FFE71698806C88B187
S31508005750FFE716980068D0F8BC0020F07000169A8B
S315080057601168D36C01AA52F8232040EA0210C1F846
S31508005770BC00FFE71698006D88B1FFE71698006829
S31508005780D0F8BC0020F4E060169A1168536D01AA9F
S3150800579052F8232040EA0220C1F8BC00FFE7169819
S315080057A000684AF20001C4F20001884207D1FFE707
S315080057B016984168886820F003008860FFE7169904
S315080057C00020C1F894001699C1F89C00169901208A
S315080057D081F898001698FBF707FD8DF853009DF899
S315080057E053008DF85F00FFE79DF85F0018B080BD95
S315080057F080B5C0B03F9000203E903D903C903B90D5
S315080058003A900CA8B821FAF7C2FE3F9800684AF207
S315080058100001C4F20001884255D1FFE700200D902F
S315080058204FF400400C904FF0805027900CA801F0E0
S315080058304FF918B1FFE7FBF7B7FCFFE740F2202066
S31508005840C2F200400168013101600068012810D1E8
S31508005850FFE7FFE744F2EC40C5F60200016841F4B1
S3150800586080710160006800F480700B900B98FFE768
S31508005870FFE7FFE744F2E040C5F60200016841F0A1
S3150800588008010160006800F008000A900A98FFE71E
S3150800589003203A9002203B90002004903C903D90D3
S315080058A009203E9040F60040C5F602003AA900F0ED
S315080058B017FB049A13200590114600F0D1FD0598B0
S315080058C000F0C2FDBEE03F9800684AF20041C4F20B
S315080058D00001884255D1FFE700200D904FF40040A3
S315080058E00C904FF0805027900CA801F0F1F818B1F1
S315080058F0FFE7FBF759FCFFE740F22020C2F2004021
S315080059000168013101600068012810D1FFE7FFE74F
S3150800591044F2EC40C5F60200016841F4807101606A
S31508005920006800F4807009900998FFE7FFE7FFE731
S3150800593044F2E040C5F60200016841F00201016048
S31508005940006800F0020008900898FFE760203A9087
S3150800595002203B90002002903C903D9009203E900A
S3150800596040F20040C5F602003AA900F0B9FA029AD8
S3150800597014200390114600F073FD039800F064FDAF
S315080059805FE03F9800684DF20041C4F2000188428A
S3150800599056D1FFE700200D904FF400400C904FF0D1
S315080059A0805027900CA801F093F818B1FFE7FBF791
S315080059B0FBFBFFE740F22020C2F2004001680131FC
S315080059C001600068012810D1FFE7FFE744F2EC40C8
S315080059D0C5F60200016841F480710160006800F4B0
S315080059E0807007900798FFE7FFE7FFE744F2E0407B
S315080059F0C5F60200016841F008010160006800F080
S31508005A00080006900698FFE74FF440503A900220A7
S31508005A103B90002000903C903D9005203E9040F63B
S31508005A200040C5F602003AA900F05AFA009A9F20EB
S31508005A300190114600F014FD019800F005FDFFE7FE
S31508005A40FFE7FFE740B080BD81B0009001B0704726
S31508005A5080B586B005900491059800684AF2000161
S31508005A60C4F20001884219D1FFE7059840F2A8015F
S31508005A70C2F2004103910A1D01F12C034021FFF7F0
S31508005A8053F80398406B40B1FFE740F2A800C2F212
S31508005A900040416B04308847FFE745E005980068F9
S31508005AA04AF20041C4F20001884219D1FFE705987D
S31508005AB040F20811C2F2004102910A1D01F12C03BD
S31508005AC04021FFF731F80298406B40B1FFE740F2FA
S31508005AD00810C2F20040416B04308847FFE722E015
S31508005AE0059800684DF20041C4F20001884219D1B8
S31508005AF0FFE7059840F26811C2F2004101910A1DBC
S31508005B0001F12C034021FFF70FF80198406B40B1D3
S31508005B10FFE740F26810C2F20040416B0430884744
S31508005B20FFE7FFE7FFE7FFE706B080BD00000000DC
S31508005B3080B586B005900491059800684AF2000180
S31508005B40C4F20001884219D1FFE7059840F2A8017E
S31508005B50C2F2004103910A1D01F12C034121FEF70F
S31508005B60E3FF0398406B40B1FFE740F2A800C2F29A
S31508005B700040416B04308847FFE745E00598006818
S31508005B804AF20041C4F20001884219D1FFE705989C
S31508005B9040F20811C2F2004102910A1D01F12C03DC
S31508005BA04121FEF7C1FF0298406B40B1FFE740F282
S31508005BB00810C2F20040416B04308847FFE722E034
S31508005BC0059800684DF20041C4F20001884219D1D7
S31508005BD0FFE7059840F26811C2F2004101910A1DDB
S31508005BE001F12C034121FEF79FFF0198406B40B15C
S31508005BF0FFE740F26810C2F20040416B0430884764
S31508005C00FFE7FFE7FFE7FFE706B080BD00000000FB
S31508005C1082B00090009890F89800012811D1FFE70B
S31508005C200099022081F8980000980168886920F098
S31508005C300100886100990020C1F89C008DF80700D2
S31508005C400AE00099D1F89C0040F00400C1F89C00D5
S31508005C5001208DF80700FFE79DF8070002B070479E
S31508005C6082B00190009102B0704700000000000069
S31508005C7082B00190009102B0704700000000000059
S31508005C8083B002900191009203B0704700000000B3
S31508005C9082B00190009102B0704700000000000039
S31508005CA081B0009001B0704781B0009001B0704794
S31508005CB082B00190009102B0704700000000000019
S31508005CC082B00190009102B0704700000000000009
S31508005CD082B00190009102B07047000000000000F9
S31508005CE081B0009001B0704780B582B0ADF806006B
S31508005CF0BDF80600012807D1FFE740F2A010C2F25E
S31508005D00004040688047CAE0BDF80600022807D16F
S31508005D10FFE740F2D810C2F2004040688047BDE075
S31508005D20BDF80600042807D1FFE740F2E010C2F2EA
S31508005D30004040688047B0E0BDF80600082807D153
S31508005D40FFE740F2E810C2F2004040688047A3E04F
S31508005D50BDF80600102807D1FFE740F2F010C2F29E
S31508005D6000404068804796E0BDF80600202807D125
S31508005D70FFE740F2F810C2F200404068804789E029
S31508005D80BDF80600402807D1FFE740F20020C2F21E
S31508005D900040406880477CE0BDF80600802807D1AF
S31508005DA0FFE740F20820C2F20040406880476FE0F3
S31508005DB0BDF80600B0F5807F07D1FFE740F2102056
S31508005DC0C2F200404068804761E0BDF80600B0F5C1
S31508005DD0007F07D1FFE740F21820C2F20040406872
S31508005DE0804753E0BDF80600B0F5806F07D1FFE79E
S31508005DF040F2A810C2F200404068804745E0BDF86E
S31508005E000600B0F5006F07D1FFE740F2B010C2F206
S31508005E1000404068804737E0BDF80600B0F5805F6F
S31508005E2007D1FFE740F2B810C2F200404068804749
S31508005E3029E0BDF80600B0F5005F07D1FFE740F29C
S31508005E40C010C2F20040406880471BE0BDF806005B
S31508005E50B0F5804F07D1FFE740F2C810C2F2004004
S31508005E60406880470DE0BDF80600B0F5004F07D141
S31508005E70FFE740F2D010C2F2004040688047FFE7D3
S31508005E80FFE7FFE7FFE7FFE7FFE7FFE7FFE7FFE7D4
S31508005E90FFE7FFE7FFE7FFE7FFE7FFE7FFE702B0F8
S31508005EA080BD00000000000080B582B0ADF8060095
S31508005EB08820C5F600000068BDF8061008420BD019
S31508005EC0FFE7BDF806008821C5F600010860BDF8A1
S31508005ED00600FFF709FFFFE702B080BD00000000DB
S31508005EE08FB00E900D9100200C908020C5F6000012
S31508005EF00990FFE70D9800680C99C840002800F043
S31508005F00C181FFE70D9800680C9A0121914008406D
S31508005F100B900B98002800F0B181FFE70D984068B8
S31508005F2000F00300012807D0FFE70D98406800F04D
S31508005F30030002282FD1FFE70E9880680A900C9874
S31508005F404100032000FA01F10A9888430A900D9847
S31508005F50C0680C99490000FA01F10A9808430A90AA
S31508005F600A980E9988600E9840680A900C99012044
S31508005F7000FA01F10A9888430A900D984068C0F320
S31508005F8000100C9900FA01F10A9808430A900A9839
S31508005F900E994860FFE70D98406800F00300032853
S31508005FA018D0FFE70E98C0680A900C9841000320A5
S31508005FB000FA01F10A9888430A900D9880680C99AE
S31508005FC0490000FA01F10A9808430A900A980E99BE
S31508005FD0C860FFE70D98406800F00300022826D144
S31508005FE0FFE70E980C996FF0030202EA5101084484
S31508005FF0006A0A900C9800F0070081000F2000FA4A
S3150800600001F10A9888430A900D9800690C9901F0E5
S315080060100701890000FA01F10A9808430A900A98CC
S315080060200E990C9B02EA530211440862FFE70E9888
S3150800603000680A900C984100032000FA01F10A98BA
S3150800604088430A900D98406800F003000C994900AF
S3150800605000FA01F10A9808430A900A980E9908600E
S315080060600D9880798007002800F00781FFE7FFE791
S3150800607044F2F440C5F60200016841F002010160ED
S31508006080006800F0020008900898FFE70C9820F0D6
S31508006090030040F20841C5F6000140580A900C98E2
S315080060A000F0030081000F2000FA01F10A988843E6
S315080060B00A900E980021C5F60201884203D1FFE72F
S315080060C0002007906CE00E9840F20041C5F60201E8
S315080060D0884203D1FFE7012006905EE00E9840F65D
S315080060E00001C5F60201884203D1FFE702200590A8
S315080060F050E00E9840F60041C5F60201884203D1E9
S31508006100FFE70320049042E00E9841F20001C5F62D
S315080061100201884203D1FFE70420039034E00E9879
S3150800612041F20041C5F60201884203D1FFE7052086
S31508006130029026E00E9841F60001C5F60201884253
S3150800614003D1FFE70620019018E00E9841F60041BA
S31508006150C5F60201884203D1FFE7072000900AE04E
S315080061600E9942F20042C5F602020A20914208BF81
S3150800617009200090FFE700980190FFE70198029038
S31508006180FFE702980390FFE703980490FFE7049857
S315080061900590FFE705980690FFE706980790FFE742
S315080061A007980C9901F00301890000FA01F10A9891
S315080061B008430A900A980C9921F0030140F2084214
S315080061C0C5F6000288504FF0B04000680A900B9957
S315080061D00A9888430A900D988079C006002805D544
S315080061E0FFE70B990A9808430A90FFE70A984FF0C9
S315080061F0B04108600420C5F6000000680A900B99B3
S315080062000A9888430A900D9880798006002805D553
S31508006210FFE70B990A9808430A90FFE70A980421B2
S31508006220C5F600010860099840680A900B990A9813
S3150800623088430A900D9880798007002805D5FFE7DE
S315080062400B990A9808430A90FFE70A980999486043
S31508006250099800680A900B990A9888430A900D983D
S315080062608079C00728B1FFE70B990A9808430A9076
S31508006270FFE70A9809990860FFE7FFE70C980130DD
S315080062800C9037E60FB0704782B00190ADF8021057
S3150800629001980069BDF80210084204D0FFE7012002
S315080062A08DF8010003E000208DF80100FFE79DF856
S315080062B0010002B07047000082B00190ADF80210EC
S315080062C08DF801209DF8010028B1FFE7BDF802000E
S315080062D00199886105E0BDF802000004019988610A
S315080062E0FFE702B07047000042F6B040C2F2004035
S315080062F0006870470000000040F20C00C2F200403F
S31508006300027842F6B041C2F20041086810440860BB
S31508006310704700000000000080B582B0032000F03E
S31508006320B7F801F06DFE44F21842C5F6020211688C
S31508006330C1F3032342F60421C0F60101CB5C03F046
S315080063401F03D84000900098126802F00F02895C7B
S3150800635001F01F01C84040F20801C2F2004108607E
S31508006360009840F20401C2F2004108600F2000F0D4
S3150800637013F820B1FFE701208DF8070005E000F0CB
S315080063804FF800208DF80700FFE79DF8070002B0D8
S3150800639080BD00000000000080B582B0009040F289
S315080063A00C00C2F20040007820B9FFE701208DF802
S315080063B0070030E040F20400C2F20040006840F2F4
S315080063C00C01C2F200410A784FF47A71B1FBF2F17E
S315080063D0B0FBF1F002F0ACFC20B1FFE701208DF82C
S315080063E0070018E000980F280DD8FFE700994FF02E
S315080063F0FF30002200F034F8009840F21001C2F293
S315080064000041086003E001208DF8070003E0002042
S315080064108DF80700FFE79DF8070002B080BD000071
S3150800642081B0FFE744F2F440C5F60200016841F086
S3150800643002010160006800F0020000900098FFE782
S3150800644001B070470000000080B582B0ADF80600C4
S31508006450BDF906000CF0F4F902B080BD000000009A
S3150800646080B586B0ADF81600049103920CF000FAD8
S315080064700290BDF91600019002980499039A05F056
S31508006480D3F9014601980CF0FBF906B080BD00006F
S3150800649080B582B0019001980CF016FA02B080BD62
S315080064A080B584B0029044F60C00C5F60200006878
S315080064B000F004010020B0EB910F13D1FFE744F67A
S315080064C00C00C5F60200006800F007000299884231
S315080064D004D0FFE701208DF80F002EE000208DF88C
S315080064E00F002AE044F60C01C5F60201086820F000
S315080064F00700029A10430860FFF7F6FE0190FFE7CF
S3150800650044F60400C5F60200006800F400510020B5
S31508006510B0EB513F0DD1FFE7FFF7E6FE0199401AB0
S31508006520B0F57A7F04D9FFE701208DF80F0004E063
S31508006530E6E700208DF80F00FFE79DF80F0004B08E
S3150800654080BD00000000000080B501F005FD44F2A2
S315080065502041C5F602010968C1F3021242F6042178
S31508006560C0F60101895C01F01F01C84080BD00002A
S3150800657088B0079044F22840C5F60200016801F089
S31508006580030106910068C0F30530059044F22C40DB
S31508006590C5F602000068C0F300100490049844F29F
S315080065A03C41C5F60201096889B2C908484300EEAC
S315080065B0100AB8EE400A8DED020A0598002800F088
S315080065C01B81FFE70698009048B1FFE7009801286D
S315080065D069D0FFE70098022800F08980ABE044F212
S315080065E00040C5F60200006800F020010020B0EB6C
S315080065F0511F33D0FFE744F20040C5F60200006899
S31508006600C0F3C10149F20000C0F2D030C84003907F
S315080066109DED030AB8EE400A9DED051AB8EE411A3B
S3150800662080EE010A44F23840C5F6020000686FF3AE
S315080066305F2001EE100AB8EE411A9DED022A9FED81
S31508006640743A82EE032A31EE021AB7EE002A31EEC8
S31508006650021A20EE010A8DED010A23E09DED050AD6
S31508006660B8EE401A9FED6C0A80EE010A44F23840F3
S31508006670C5F6020000686FF35F2001EE100AB8EE57
S31508006680411A9DED022A9FED623A82EE032A31EE07
S31508006690021AB7EE002A31EE021A20EE010A8DED33
S315080066A0010AFFE76BE09DED050AB8EE401A9FED7B
S315080066B0590A80EE010A44F23840C5F6020000681D
S315080066C06FF35F2001EE100AB8EE411A9DED022A1B
S315080066D09FED4F3A82EE032A31EE021AB7EE002AF0
S315080066E031EE021A20EE010A8DED010A47E09DED12
S315080066F0050AB8EE401A9FED450A80EE010A44F2F3
S315080067003840C5F6020000686FF35F2001EE100AF4
S31508006710B8EE411A9DED022A9FED3D3A82EE032A14
S3150800672031EE021AB7EE002A31EE021A20EE010AFD
S315080067308DED010A23E09DED050AB8EE401A9FED9E
S31508006740350A80EE010A44F23840C5F602000068B0
S315080067506FF35F2001EE100AB8EE411A9DED022A8A
S315080067609FED2B3A82EE032A31EE021AB7EE002A83
S3150800677031EE021A20EE010A8DED010AFFE79DEDC2
S31508006780010A44F23840C5F60200016889B2490A8E
S3150800679001EE101AB8EE411AB7EE002A31EE021AC7
S315080067A080EE010A0799BCEEC00A81ED000A9DED4C
S315080067B0010A0168C1F3064101EE101AB8EE411A42
S315080067C031EE021A80EE010A0799BCEEC00A81ED85
S315080067D0010A9DED010A0068C0F3066001EE100A81
S315080067E0B8EE411A31EE021A80EE010A0798BCEE9D
S315080067F0C00A80ED020A07E0079900200860079999
S31508006800486007998860FFE708B07047001BB74BD8
S31508006810000000460024744A0024744C000000005E
S3150800682088B0079044F22840C5F60200016801F0D6
S31508006830030106910068C0F30550059044F22C4008
S31508006840C5F602000068C0F300200490049844F2DC
S315080068504441C5F60201096889B2C908484300EEF1
S31508006860100AB8EE400A8DED020A0598002800F0D5
S315080068701B81FFE70698009048B1FFE700980128BA
S3150800688069D0FFE70098022800F08980ABE044F25F
S315080068900040C5F60200006800F020010020B0EBB9
S315080068A0511F33D0FFE744F20040C5F602000068E6
S315080068B0C0F3C10149F20000C0F2D030C8400390CD
S315080068C09DED030AB8EE400A9DED051AB8EE411A89
S315080068D080EE010A44F24040C5F6020000686FF3F4
S315080068E05F2001EE100AB8EE411A9DED022A9FEDCF
S315080068F0743A82EE032A31EE021AB7EE002A31EE16
S31508006900021A20EE010A8DED010A23E09DED050A23
S31508006910B8EE401A9FED6C0A80EE010A44F2404038
S31508006920C5F6020000686FF35F2001EE100AB8EEA4
S31508006930411A9DED022A9FED623A82EE032A31EE54
S31508006940021AB7EE002A31EE021A20EE010A8DED80
S31508006950010AFFE76BE09DED050AB8EE401A9FEDC8
S31508006960590A80EE010A44F24040C5F60200006862
S315080069706FF35F2001EE100AB8EE411A9DED022A68
S315080069809FED4F3A82EE032A31EE021AB7EE002A3D
S3150800699031EE021A20EE010A8DED010A47E09DED5F
S315080069A0050AB8EE401A9FED450A80EE010A44F240
S315080069B04040C5F6020000686FF35F2001EE100A3A
S315080069C0B8EE411A9DED022A9FED3D3A82EE032A62
S315080069D031EE021AB7EE002A31EE021A20EE010A4B
S315080069E08DED010A23E09DED050AB8EE401A9FEDEC
S315080069F0350A80EE010A44F24040C5F602000068F6
S31508006A006FF35F2001EE100AB8EE411A9DED022AD7
S31508006A109FED2B3A82EE032A31EE021AB7EE002AD0
S31508006A2031EE021A20EE010A8DED010AFFE79DED0F
S31508006A30010A44F24040C5F60200016889B2490AD3
S31508006A4001EE101AB8EE411AB7EE002A31EE021A14
S31508006A5080EE010A0799BCEEC00A81ED000A9DED99
S31508006A60010A0168C1F3064101EE101AB8EE411A8F
S31508006A7031EE021A80EE010A0799BCEEC00A81EDD2
S31508006A80010A9DED010A0068C0F3066001EE100ACE
S31508006A90B8EE411A31EE021A80EE010A0798BCEEEA
S31508006AA0C00A80ED020A07E00799002008600799E6
S31508006AB0486007998860FFE708B07047001BB74B26
S31508006AC0000000460024744A0024744C00000000AC
S31508006AD080B59AB0189000208DF857008DF85600AA
S31508006AE01898C0780007002848D5FFE71898406E20
S31508006AF0149078B1FFE71498B0F5801F13D0FFE71C
S31508006B001498B0F5001F16D0FFE71498B0F5401F8B
S31508006B1019D019E044F22C41C5F60201086840F480
S31508006B200030086014E018980830022104F0B8FE16
S31508006B308DF857000CE018982830022104F098FFC9
S31508006B408DF8570004E003E001208DF85700FFE7B1
S31508006B509DF8570060B9FFE744F25041C5F60201B7
S31508006B60086820F44010189A526E1043086004E032
S31508006B709DF857008DF85600FFE7FFE7189840780C
S31508006B80C007002840D0FFE71898806D13900428A6
S31508006B9020D81399DFE801F0030C141C1D0044F2F9
S31508006BA02C41C5F60201086840F40030086015E07B
S31508006BB018980830002104F073FE8DF857000DE090
S31508006BC018982830002104F053FF8DF8570005E087
S31508006BD004E003E001208DF85700FFE79DF8570011
S31508006BE060B9FFE744F25041C5F60201086820F093
S31508006BF00700189A926D1043086004E09DF8570044
S31508006C008DF85600FFE7FFE71898407840070028F8
S31508006C1056D5FFE71898D0F8A4001290C8B1FFE738
S31508006C201298B0F5001F1DD0FFE71298B0F5800F37
S31508006C3020D0FFE71298B0F5C00F23D0FFE71298CF
S31508006C40B0F5000F1FD0FFE71298B0F5200F1BD044
S31508006C501BE044F22C41C5F60201086840F40030F6
S31508006C60086016E018980830002104F019FE8DF81F
S31508006C7057000EE018982830002104F0F9FE8DF828
S31508006C80570006E005E004E003E001208DF8570010
S31508006C90FFE79DF8570068B9FFE744F25841C5F683
S31508006CA00201086820F46000189AD2F8A42010435C
S31508006CB0086004E09DF857008DF85600FFE7FFE7E7
S31508006CC0189840780007002856D5FFE71898D0F896
S31508006CD0A8001190C8B1FFE71198B0F1807F1DD0C8
S31508006CE0FFE71198B0F1007F20D0FFE71198B0F1C7
S31508006CF0407F23D0FFE71198B0F1806F1FD0FFE7E0
S31508006D001198B0F1A06F1BD01BE044F22C41C5F6D8
S31508006D100201086840F40030086016E01898083048
S31508006D20002104F0BDFD8DF857000EE018982830B4
S31508006D30002104F09DFE8DF8570006E005E004E00A
S31508006D4003E001208DF85700FFE79DF8570068B962
S31508006D50FFE744F25841C5F60201086820F0E060F2
S31508006D60189AD2F8A8201043086004E09DF8570046
S31508006D708DF85600FFE7FFE71898C07880070028C7
S31508006D803ED5FFE71898C06C1090F0B1FFE7109851
S31508006D90102808D0FFE7109820280DD0FFE7109894
S31508006DA0302811D012E044F22C41C5F602010868D9
S31508006DB040F4003008600DE018980830022104F00D
S31508006DC06FFD8DF8570005E004E003E001208DF81B
S31508006DD05700FFE79DF8570060B9FFE744F24C41BA
S31508006DE0C5F60201086820F03000189AD26C1043E4
S31508006DF0086004E09DF857008DF85600FFE7FFE7A6
S31508006E0018984078C00600284ED5FFE71898C06D38
S31508006E100F90A0B1FFE70F98B0F5805F18D0FFE795
S31508006E200F98B0F5005F1BD0FFE70F98B0F5405FED
S31508006E301ED0FFE70F98B0F5804F1AD01AE044F23B
S31508006E402C41C5F60201086840F40030086015E0D8
S31508006E5018980830002104F023FD8DF857000DE03E
S31508006E6018982830002104F003FE8DF8570005E035
S31508006E7004E003E001208DF85700FFE79DF857006E
S31508006E8060B9FFE744F25041C5F60201086820F4EC
S31508006E90E040189AD26D1043086004E09DF8570048
S31508006EA08DF85600FFE7FFE7189840788006002817
S31508006EB04CD5FFE71898006E0E90C8B1FFE70E98FC
S31508006EC0B0F5803F15D0FFE70E98B0F5003F18D013
S31508006ED0FFE70E98B0F5403F1BD0FFE70E98B0F5D8
S31508006EE0802F17D0FFE70E98B0F5A02F13D013E028
S31508006EF016E018980830012104F0D2FC8DF85700E6
S31508006F000EE018982830012104F0B2FD8DF85700DC
S31508006F1006E005E004E003E001208DF85700FFE7EE
S31508006F209DF8570060B9FFE744F25041C5F60201E3
S31508006F30086820F4E020189A126E1043086004E0EE
S31508006F409DF857008DF85600FFE7FFE71898407838
S31508006F50400600284ED5FFE71898D0F8AC000D90EB
S31508006F60C8B1FFE70D98B0F1805F15D0FFE70D981F
S31508006F70B0F1005F18D0FFE70D98B0F1405F1BD065
S31508006F80FFE70D98B0F1804F17D0FFE70D98B0F1E5
S31508006F90A04F13D013E016E018980830012104F02A
S31508006FA07FFC8DF857000EE018982830012104F070
S31508006FB05FFD8DF8570006E005E004E003E00120D8
S31508006FC08DF85700FFE79DF8570068B9FFE744F2C8
S31508006FD05841C5F60201086820F0E040189AD2F830
S31508006FE0AC201043086004E09DF857008DF8560061
S31508006FF0FFE7FFE718984078000600283BD5FFE72B
S315080070001898C06E0C90D8B1FFE70C98B0F1805F65
S3150800701005D0FFE70C98B0F1005F09D011E044F203
S315080070202C41C5F60201086840F4003008600CE0FF
S3150800703018980830012104F033FC8DF8570004E055
S3150800704003E001208DF85700FFE79DF8570060B967
S31508007050FFE744F25041C5F60201086820F04050A7
S31508007060189AD26E1043086004E09DF857008DF810
S315080070705600FFE7FFE71898C078C007002837D002
S31508007080FFE71898806C0B90032817D80B99DFE850
S3150800709001F014020B1344F22C41C5F602010868EC
S315080070A040F4003008600DE018980830022104F01A
S315080070B0F7FB8DF8570005E004E003E001208DF8A2
S315080070C05700FFE79DF8570060B9FFE744F24C41C7
S315080070D0C5F60201086820F00300189A926C10435E
S315080070E0086004E09DF857008DF85600FFE7FFE7B3
S315080070F0189880784006002840F1B480FFE744F6E7
S315080071000001C5F60201086840F480700860FFF7C0
S31508007110EBF81690FFE744F60000C5F60200006893
S31508007120C00500280CD4FFE7FFF7DEF81699401AC9
S31508007130652804D3FFE703208DF8570000E0EAE747
S315080071409DF85700002840F08780FFE744F270401A
S31508007150C5F60200006800F440701899D1F8B0101E
S3150800716001F44071884213D0FFE744F27041C5F636
S315080071700201086820F440701790086840F48030CF
S315080071800860086820F48030086017980860FFE7F0
S315080071901898D0F8B000B0F5807F1FD1FFE7FFF749
S315080071A0A3F81690FFE744F27040C5F6020000689F
S315080071B000F002010020B0EB510F0ED1FFE7FFF7F8
S315080071C093F81699401A41F28931884204D3FFE7A9
S315080071D003208DF8570000E0E5E7FFE79DF8570024
S315080071E0A0BBFFE7FFE71898D0F8B00000F440709E
S315080071F0B0F5407F13D1FFE744F21041C5F602010E
S31508007200086820F47C50189AD2F8B0204FF6F0435C
S31508007210C0F6FF731A4040EA1210086008E044F20C
S315080072201041C5F60201086820F47C500860FFE7A3
S315080072301898D0F8B0206FF31F3244F27041C5F6A3
S315080072400201086810430860FFE704E09DF857004C
S315080072508DF85600FFE704E09DF857008DF85600B4
S31508007260FFE7FFE718980068C007002800F04C8081
S31508007270FFE71898806F0A9028282BD80A99DFE824
S3150800728001F01529292929292929162929292929E8
S3150800729029291E292929292929292629292929295E
S315080072A029292729292929292929280016E018986A
S315080072B00830012104F0F4FA8DF857000EE018980A
S315080072C02830012104F0D4FB8DF8570006E005E0CC
S315080072D004E003E001208DF85700FFE79DF857000A
S315080072E060B9FFE744F25441C5F60201086820F088
S315080072F03800189A926F1043086004E09DF857000A
S315080073008DF85600FFE7FFE71898007880070028F1
S3150800731039D5FFE71898406F0990052819D80999B3
S31508007320DFE801F003040C14151616E01898083067
S31508007330012104F0B5FA8DF857000EE018982830A8
S31508007340012104F095FB8DF8570006E005E004E0FE
S3150800735003E001208DF85700FFE79DF8570060B954
S31508007360FFE744F25441C5F60201086820F0070019
S31508007370189A526F1043086004E09DF857008DF87C
S315080073805600FFE7FFE718980078400700283BD526
S31508007390FFE71898D0F890000890052819D808999A
S315080073A0DFE801F003040C14151616E018980830E7
S315080073B0012104F075FA8DF857000EE01898283068
S315080073C0012104F055FB8DF8570006E005E004E0BE
S315080073D003E001208DF85700FFE79DF8570068B9CC
S315080073E0FFE744F25841C5F60201086820F0070095
S315080073F0189AD2F890201043086004E09DF85700C8
S315080074008DF85600FFE7FFE71898007880060028F1
S315080074104ED5FFE71898D0F88C000790C8B1FFE75B
S315080074200798B0F1805F15D0FFE70798B0F1005FC5
S3150800743018D0FFE70798B0F1405F1BD0FFE7079821
S31508007440B0F1804F17D0FFE70798B0F1A04F13D0DF
S3150800745013E016E018980830002104F021FA8DF898
S3150800746057000EE018982830022104F001FB8DF829
S31508007470570006E005E004E003E001208DF8570018
S31508007480FFE79DF8570068B9FFE744F25441C5F68F
S315080074900201086820F0E040189AD2F88C201043C0
S315080074A0086004E09DF857008DF85600FFE7FFE7EF
S315080074B018980078400600284ED5FFE71898D0F8A7
S315080074C098000690C8B1FFE70698B0F5806F15D00A
S315080074D0FFE70698B0F5006F18D0FFE70698B0F5F5
S315080074E0406F1BD0FFE70698B0F5805F17D0FFE71F
S315080074F00698B0F5A05F13D013E016E01898083088
S31508007500002104F0CDF98DF857000EE018982830C0
S31508007510022104F0ADFA8DF8570006E005E004E014
S3150800752003E001208DF85700FFE79DF8570068B97A
S31508007530FFE744F25841C5F60201086820F4E05016
S31508007540189AD2F898201043086004E09DF857006E
S315080075508DF85600FFE7FFE7189800780006002820
S315080075604ED5FFE71898D0F89C000590C8B1FFE7FC
S315080075700598B0F5005F15D0FFE70598B0F5804F80
S3150800758018D0FFE70598B0F5C04F1BD0FFE7059860
S31508007590B0F5004F17D0FFE70598B0F5204F13D088
S315080075A013E016E018980830002104F079F98DF8F0
S315080075B057000EE018982830022104F059FA8DF881
S315080075C0570006E005E004E003E001208DF85700C7
S315080075D0FFE79DF8570068B9FFE744F25841C5F63A
S315080075E00201086820F46040189AD2F89C201043DB
S315080075F0086004E09DF857008DF85600FFE7FFE79E
S31508007600189800780007002820D5FFE71898D0F8C2
S315080076108000B0F5805F0CD1FFE71898283002216A
S3150800762004F026FA20B1FFE701208DF85600FFE79F
S31508007630FFE744F25441C5F60201086820F44050B9
S31508007640189AD2F8802010430860FFE71898007847
S31508007650C006002820D5FFE71898D0F89400B0F5A2
S31508007660807F0CD1FFE718982830022104F000FA31
S3150800767020B1FFE701208DF85600FFE7FFE744F247
S315080076805841C5F60201086820F44070189AD2F8E5
S31508007690942010430860FFE71898807800070028B0
S315080076A03CD5FFE71898D0F8A000049050B1FFE742
S315080076B00498B0F5803F0DD0FFE70498B0F5003F79
S315080076C010D010E018980830002104F0E9F88DF879
S315080076D057000CE018982830022104F0C9F98DF8F3
S315080076E0570004E003E001208DF85700FFE79DF8F6
S315080076F0570068B9FFE744F25841C5F60201086821
S3150800770020F44030189AD2F8A0201043086004E00C
S315080077109DF857008DF85600FFE7FFE71898807820
S31508007720400700283FD5FFE71898D0F88400039053
S31508007730B0F5801F0AD0FFE70398B0F5001F0ED0FA
S31508007740FFE70398B0F5401F11D011E044F22C4131
S31508007750C5F60201086840F4003008600CE0189885
S315080077602830012104F084F98DF8570004E003E07D
S3150800777001208DF85700FFE79DF8570068B9FFE725
S3150800778044F25441C5F60201086820F44010189ADC
S31508007790D2F884201043086004E09DF857008DF85D
S315080077A05600FFE7FFE718988078C007A8B3FFE7F9
S315080077B01898006D029028B1FFE70298B0F5803F4F
S315080077C009D010E044F22C41C5F60201086840F4DD
S315080077D0003008600BE018980830022104F060F8C1
S315080077E08DF8570003E001208DF85700FFE79DF854
S315080077F0570060B9FFE744F24C41C5F60201086834
S3150800780020F48030189A126D1043086004E09DF841
S3150800781057008DF85600FFE7FFE71898C0788006EE
S3150800782000280CD5FFE718982830022104F020F923
S3150800783020B1FFE701208DF85600FFE7FFE718980B
S315080078408078800700283AD5FFE71898C06F01901E
S31508007850D0B1FFE70198B0F5807F0AD0FFE701981D
S31508007860B0F5007F0ED0FFE70198B0F5407F0AD04B
S315080078700BE044F22C41C5F60201086840F40030DA
S31508007880086006E005E004E003E001208DF85700F3
S31508007890FFE79DF8570060B9FFE744F25441C5F683
S315080078A00201086820F44070189AD26F10430860E5
S315080078B004E09DF857008DF85600FFE7FFE7189893
S315080078C08078C00600280CD5FFE744F25041C5F67B
S315080078D00201086820F00040189A126F10430860E9
S315080078E0FFE718988078800600280CD5FFE744F251
S315080078F05041C5F60201086820F08070189A926E09
S3150800790010430860FFE71898C0784006002811D58C
S31508007910FFE7FFE744F21041C5F60201086820F4C4
S31508007920004008601898D0F8B4200868104308602A
S31508007930FFE7FFE71898C078000600280CD5FFE790
S3150800794044F24C41C5F60201086820F04050189AE6
S31508007950526D10430860FFE71898807800060028E3
S315080079600DD5FFE744F25441C5F60201086820F434
S315080079704000189AD2F8882010430860FFE7189844
S315080079800079C00790B1FFE718980830002103F086
S3150800799087FF8DF857009DF8570008B9FFE704E000
S315080079A09DF857008DF85600FFE7FFE7189800790D
S315080079B08007002812D5FFE718980830012103F040
S315080079C06FFF8DF857009DF8570008B9FFE704E0E8
S315080079D09DF857008DF85600FFE7FFE718980079DD
S315080079E04007002812D5FFE718980830022103F04F
S315080079F057FF8DF857009DF8570008B9FFE704E0D0
S31508007A009DF857008DF85600FFE7FFE718980079AC
S31508007A100007002812D5FFE718982830002104F03F
S31508007A2027F88DF857009DF8570008B9FFE704E0D6
S31508007A309DF857008DF85600FFE7FFE7189800797C
S31508007A40C006002812D5FFE718982830012104F04F
S31508007A500FF88DF857009DF8570008B9FFE704E0BE
S31508007A609DF857008DF85600FFE7FFE7189800794C
S31508007A708006002812D5FFE718982830022103F05F
S31508007A80F7FF8DF857009DF8570008B9FFE704E09F
S31508007A909DF857008DF85600FFE7FFE79DF856005A
S31508007AA020B9FFE700208DF8670003E001208DF874
S31508007AB06700FFE79DF867001AB080BD0000000068
S31508007AC080B586B004900391049820B9FFE7012099
S31508007AD08DF817003CE2039842F20001C5F2002136
S31508007AE0096801F00F01884216D9FFE742F2000043
S31508007AF0C5F20020016821F00F01039A11430160C5
S31508007B00006800F00F000399884204D0FFE70120BF
S31508007B108DF817001CE2FFE7049800784007002854
S31508007B2019D5FFE70498006944F21841C5F6020121
S31508007B30096801F0700188420CD9FFE744F2184140
S31508007B40C5F60201086820F07000049A126910430D
S31508007B500860FFE7FFE7049800780007002819D5B2
S31508007B60FFE70498406944F21C41C5F6020109681A
S31508007B7001F0700188420CD9FFE744F21C41C5F6B2
S31508007B800201086820F07000049A526910430860E0
S31508007B90FFE7FFE704980078C006002819D5FFE735
S31508007BA00498806944F21C41C5F60201096801F48B
S31508007BB0E06188420CD9FFE744F21C41C5F6020190
S31508007BC0086820F4E060049A926910430860FFE7A9
S31508007BD0FFE7049800788006002819D5FFE704987F
S31508007BE0C06944F22041C5F60201096801F0700136
S31508007BF088420CD9FFE744F22041C5F6020108681D
S31508007C0020F07000049AD26910430860FFE7FFE786
S31508007C10049800788007002819D5FFE70498C068FB
S31508007C2044F21841C5F60201096801F00F018842BD
S31508007C300CD9FFE744F21841C5F60201086820F09E
S31508007C400F00049AD26810430860FFE7FFE704981C
S31508007C500078C007002800F08C80FFE744F218413E
S31508007C60C5F60201086820F47060049A9268104309
S31508007C70086004984068022811D1FFE744F20040E2
S31508007C80C5F60200006800F400310020B0EB514F41
S31508007C9004D1FFE701208DF8170059E13EE004986A
S31508007CA04068032811D1FFE744F20040C5F60200F8
S31508007CB0006800F000710020B0EB516F04D1FFE7B7
S31508007CC001208DF8170043E127E004984068012851
S31508007CD011D1FFE744F20040C5F60200006800F43F
S31508007CE080710020B0EB112F04D1FFE701208DF839
S31508007CF017002DE110E044F20040C5F602000068C6
S31508007D0000F004010020B0EB910F04D1FFE7012039
S31508007D108DF817001CE1FFE7FFE7FFE744F2104183
S31508007D20C5F60201086820F00700049A5268104355
S31508007D300860FEF7D9FA0190FFE744F21040C5F64D
S31508007D400200006800F0380004994968B0EBC10FDA
S31508007D500ED0FFE7FEF7C8FA0199401A41F28931B9
S31508007D60884204D3FFE703208DF81700F0E0E4E724
S31508007D70FFE7049800788007002819D5FFE70498DC
S31508007D80C06844F21841C5F60201096801F00F01FE
S31508007D9088420CD2FFE744F21841C5F6020108688A
S31508007DA020F00F00049AD26810430860FFE7FFE747
S31508007DB0039842F20001C5F20021096801F00F019B
S31508007DC0884216D2FFE742F20000C5F20020016899
S31508007DD021F00F01039A11430160006800F00F00BB
S31508007DE00399884204D0FFE701208DF81700AFE019
S31508007DF0FFE7049800784007002819D5FFE704989C
S31508007E00006944F21841C5F60201096801F07001DB
S31508007E1088420CD2FFE744F21841C5F60201086809
S31508007E2020F07000049A126910430860FFE7FFE724
S31508007E30049800780007002819D5FFE704984069D8
S31508007E4044F21C41C5F60201096801F07001884236
S31508007E500CD2FFE744F21C41C5F60201086820F07F
S31508007E607000049A526910430860FFE7FFE7049818
S31508007E700078C006002819D5FFE70498806944F2FF
S31508007E801C41C5F60201096801F4E06188420CD27A
S31508007E90FFE744F21C41C5F60201086820F4E060D9
S31508007EA0049A926910430860FFE7FFE70498007890
S31508007EB08006002819D5FFE70498C06944F22041D6
S31508007EC0C5F60201096801F0700188420CD2FFE785
S31508007ED044F22041C5F60201086820F07000049AB1
S31508007EE0D26910430860FFE7FFE700F089F844F21B
S31508007EF01842C5F602021168C1F3032342F60421AB
S31508007F00C0F60101CB5C03F01F03D840009000982F
S31508007F10126802F00F02895C01F01F01C84040F2A6
S31508007F200801C2F200410860009840F20401C2F25A
S31508007F300041086040F21000C2F200400068FEF7F7
S31508007F402BFA8DF80B009DF80B008DF81700FFE74C
S31508007F509DF8170006B080BD80B582B000F050F8D5
S31508007F6044F21842C5F602021168C1F3032342F629
S31508007F700421C0F60101CB5C03F01F03D840019031
S31508007F800198126802F00F02895C01F01F0120FABD
S31508007F9001F140F20800C2F200400160019940F286
S31508007FA00402C2F200421160006802B080BD0000FF
S31508007FB080B5FFF7D1FF44F21C41C5F602010968F6
S31508007FC0C1F3021242F60421C0F60101895C01F0F0
S31508007FD01F01C84080BD000080B5FFF7BDFF44F211
S31508007FE01C41C5F602010968C1F3022242F60421C2
S31508007FF0C0F60101895C01F01F01C84080BD000080
S315080080008AB044F21040C5F60200006800F0380055
S3150800801001460191182800F269810199DFE811F0FB
S315080080201900660166016601660166016601660158
S315080080303A00660166016601660166016601660127
S315080080404000660166016601660166016601660111
S31508008050460044F20040C5F60200006800F0200120
S315080080600020B0EB511F0ED0FFE744F20040C5F6E2
S3150800807002000068C0F3C10149F20000C0F2D03026
S31508008080C840029005E049F20000C0F2D0300290E4
S31508008090FFE731E140F60010C0F23D0002902BE107
S315080080A043F20060C0F26E10029025E144F22840C7
S315080080B0C5F60200016801F0030108910068C0F3E3
S315080080C00510079044F22C40C5F60200006800F03F
S315080080D001000690069844F23441C5F60201096883
S315080080E089B2C908484300EE100AB8EE400A8DED79
S315080080F0040A0798002800F0F580FFE70898009022
S3150800810048B1FFE70098012869D0FFE700980228E0
S3150800811000F08980ABE044F20040C5F60200006832
S3150800812000F020010020B0EB511F33D0FFE744F2E6
S315080081300040C5F602000068C0F3C10149F200001C
S31508008140C0F2D030C84005909DED050AB8EE400A49
S315080081509DED071AB8EE411A80EE010A44F2304046
S31508008160C5F6020000686FF35F2001EE100AB8EE4C
S31508008170411A9DED042A9FED633A82EE032A31EEF9
S31508008180021AB7EE002A31EE021A20EE010A8DED28
S31508008190030A23E09DED070AB8EE401A9FED5B0A35
S315080081A080EE010A44F23040C5F6020000686FF31B
S315080081B05F2001EE100AB8EE411A9DED042A9FEDE4
S315080081C0513A82EE032A31EE021AB7EE002A31EE50
S315080081D0021A20EE010A8DED030AFFE76BE09DED1A
S315080081E0070AB8EE401A9FED480A80EE010A44F2E3
S315080081F03040C5F6020000686FF35F2001EE100AF2
S31508008200B8EE411A9DED042A9FED3E3A82EE032A06
S3150800821031EE021AB7EE002A31EE021A20EE010AF2
S315080082208DED030A47E09DED070AB8EE401A9FED6B
S31508008230340A80EE010A44F23040C5F602000068AE
S315080082406FF35F2001EE100AB8EE411A9DED042A7D
S315080082509FED2C3A82EE032A31EE021AB7EE002A77
S3150800826031EE021A20EE010A8DED030A23E09DED98
S31508008270070AB8EE401A9FED240A80EE010A44F276
S315080082803040C5F6020000686FF35F2001EE100A61
S31508008290B8EE411A9DED042A9FED1A3A82EE032A9A
S315080082A031EE021AB7EE002A31EE021A20EE010A62
S315080082B08DED030AFFE744F23040C5F60200006878
S315080082C081B2012000EB512009909DED030A9DED36
S315080082D0091AB8EE411A80EE010ABCEEC00A8DED05
S315080082E0020A02E000200290FFE705E040F60010CF
S315080082F0C0F23D000290FFE702980AB0704700BF3F
S31508008300001BB74B000000460024744A0024744C36
S3150800831080B58CB00A900A9828B9FFE701208DF835
S315080083202F0000F001BD0A980078C007002800F069
S31508008330B980FFE744F21040C5F60200006800F075
S315080083403800069044F22840C5F6020000680590F9
S31508008350069810280AD0FFE7069818281CD1FFE7C8
S31508008360059800F00300022816D1FFE744F2004002
S31508008370C5F60200006800F400310020B0EB514F4A
S3150800838009D0FFE70A98406828B9FFE701208DF869
S315080083902F0000F0C9BC84E0FFE70A984068B0F5F2
S315080083A0803F09D1FFE744F20041C5F6020108689B
S315080083B040F48030086032E00A98406868B9FFE700
S315080083C044F20041C5F60201086820F480300860CE
S315080083D0086820F48020086020E00A984068B0F514
S315080083E0A02F0DD1FFE744F20041C5F60201086847
S315080083F040F480200860086840F4803008600CE08B
S3150800840044F20041C5F60201086820F4803008608D
S31508008410086820F480200860FFE7FFE7FFE7FFE72A
S315080084200A984068F0B1FFE7FDF75EFF0990FFE79D
S3150800843044F20040C5F60200006800F4003100204E
S31508008440B0EB514F0DD1FFE7FDF74EFF0999401AE2
S31508008450652805D3FFE703208DF82F0000F064BCDC
S31508008460E6E71DE0FDF740FF0990FFE744F200400C
S31508008470C5F60200006800F400310020B0EB514F49
S315080084800DD0FFE7FDF730FF0999401A652805D397
S31508008490FFE703208DF82F0000F046BCE6E7FFE76C
S315080084A0FFE7FFE70A9800788007002840F1C580B3
S315080084B0FFE744F21040C5F60200006800F03800F5
S315080084C0049044F22840C5F6020000680390049818
S315080084D050B1FFE70498182850D1FFE79DF80C0023
S315080084E0800700284AD1FFE744F20040C5F602009B
S315080084F0006800F004010020B0EB910F09D0FFE7F7
S315080085000A98C06828B9FFE701208DF82F0000F007
S315080085100BBC44F20041C5F60201086820F01900B8
S315080085200A9AD26810430860FDF7DEFE0990FFE755
S3150800853044F20040C5F60200006800F0040100207D
S31508008540B0EB910F0CD1FFE7FDF7CEFE0999401A63
S31508008550032804D3FFE703208DF82F00E4E3E7E7B9
S3150800856044F20441C5F60201086820F0FE400A9A62
S31508008570126940EA02600860FFE75DE00A98C06891
S31508008580A0B3FFE744F20041C5F60201086820F0EF
S3150800859019000A9AD26810430860FDF7A5FE0990EB
S315080085A0FFE744F20040C5F60200006800F0040147
S315080085B00020B0EB910F0CD1FFE7FDF795FE099966
S315080085C0401A032804D3FFE703208DF82F00ABE3F6
S315080085D0E7E744F20441C5F60201086820F0FE40C8
S315080085E00A9A126940EA0260086024E044F20041EF
S315080085F0C5F60201086820F001000860FDF774FE60
S315080086000990FFE744F20040C5F60200006800F052
S3150800861004010020B0EB910F0CD0FFE7FDF764FED4
S315080086200999401A032804D3FFE703208DF82F0081
S315080086307AE3E7E7FFE7FFE7FFE70A980078C0066F
S31508008640002840F1A080FFE744F21040C5F602007A
S31508008650006800F03800029044F22840C5F602008F
S3150800866000680190029808280AD0FFE7029818289F
S315080086702BD1FFE7019800F00300012825D1FFE779
S3150800868044F20040C5F60200006800F4807100203C
S31508008690B0EB112F09D0FFE70A98C069802804D0EB
S315080086A0FFE701208DF82F003EE3FFE744F20C4177
S315080086B0C5F60201086820F07C500A9A126A40EA58
S315080086C002600860FFE7FFE75CE00A98C06998B3B4
S315080086D0FFE744F20041C5F60201086840F0800051
S315080086E00860FDF701FE0990FFE744F20040C5F671
S315080086F00200006800F480710020B0EB112F0CD145
S31508008700FFE7FDF7F1FD0999401A032804D3FFE7AF
S3150800871003208DF82F0007E3E7E7FFE744F20C4153
S31508008720C5F60201086820F07C500A9A126A40EAE7
S3150800873002600860FFE724E044F20041C5F6020142
S31508008740086820F080000860FDF7CEFD0990FFE775
S3150800875044F20040C5F60200006800F4807100206B
S31508008760B0EB112F0CD0FFE7FDF7BEFD0999401AB3
S31508008770032804D3FFE703208DF82F00D4E2E7E7A8
S31508008780FFE7FFE7FFE70A980078000700284FD5BC
S31508008790FFE70A98406928B3FFE744F27441C5F633
S315080087A00201086840F001000860FDF79DFD099088
S315080087B0FFE744F27440C5F60200006800F00201C3
S315080087C00020B0EB510F0CD1FFE7FDF78DFD09999D
S315080087D0401A032804D3FFE703208DF82F00A3E2ED
S315080087E0E7E724E044F27441C5F60201086820F080
S315080087F001000860FDF778FD0990FFE744F2744030
S31508008800C5F60200006800F002010020B0EB510F27
S315080088100CD0FFE7FDF768FD0999401A032804D331
S31508008820FFE703208DF82F007EE2E7E7FFE7FFE783
S315080088300A980078800600284FD5FFE70A988069CD
S3150800884028B3FFE744F20041C5F60201086840F480
S3150800885080500860FDF748FD0990FFE744F20040A4
S31508008860C5F60200006800F400510020B0EB513F45
S315080088700CD1FFE7FDF738FD0999401A032804D300
S31508008880FFE703208DF82F004EE2E7E724E044F2E5
S315080088900041C5F60201086820F480500860FDF71B
S315080088A023FD0990FFE744F20040C5F60200006880
S315080088B000F400510020B0EB513F0CD0FFE7FDF764
S315080088C013FD0999401A032804D3FFE703208DF8FE
S315080088D02F0029E2E7E7FFE7FFE70A980078400755
S315080088E0002840F1A780FFE744F60001C5F602011B
S315080088F0086840F480700860FDF7F6FC0990FFE709
S3150800890044F60000C5F602000068C00500280CD42D
S31508008910FFE7FDF7E9FC0999401A652804D3FFE744
S3150800892003208DF82F00FFE1EAE7FFE70A98806841
S31508008930012809D1FFE744F27041C5F6020108682B
S3150800894040F00100086031E00A98806868B9FFE7DE
S3150800895044F27041C5F60201086820F0010008607B
S31508008960086820F0040008601FE00A988068052857
S315080089700DD1FFE744F27041C5F60201086840F0E0
S3150800898004000860086840F0010008600CE044F242
S315080089907041C5F60201086820F001000860086801
S315080089A020F004000860FFE7FFE7FFE7FFE70A9803
S315080089B08068F8B1FFE7FDF797FC0990FFE744F2F6
S315080089C07040C5F60200006800F002010020B0EB16
S315080089D0510F0ED1FFE7FDF787FC0999401A41F2BE
S315080089E08931884204D3FFE703208DF82F009BE1E5
S315080089F0E5E71EE0FDF778FC0990FFE744F27040D2
S31508008A00C5F60200006800F002010020B0EB510F25
S31508008A100ED0FFE7FDF768FC0999401A41F2893143
S31508008A20884204D3FFE703208DF82F007CE1E5E7B1
S31508008A30FFE7FFE70A98406A002800F07181FFE720
S31508008A4044F21040C5F60200006800F03800182805
S31508008A5000F0E080FFE70A98406A022840F0B480F8
S31508008A60FFE744F20041C5F60201086820F080706D
S31508008A700860FDF739FC0990FFE744F20040C5F6A7
S31508008A800200006800F000710020B0EB516F0CD0B6
S31508008A90FFE7FDF729FC0999401A032804D3FFE7E5
S31508008AA003208DF82F003FE1E7E7FFE744F228416E
S31508008AB0C5F60201086840F2F33290430A9B9A6AA7
S31508008AC0DB6A42EA0312104308600A99086BD1F878
S31508008AD034C08B6BCA6B01386FF35F204FF60061A9
S31508008AE0CFF6FF7101EB4C2189B208440021CFF67D
S31508008AF0FF7101EB034101F4FE0108444FF07F4189
S31508008B0001EB026101F0FE41084444F23041C5F62A
S31508008B1002010860FFE744F22C41C5F60201009104
S31508008B20086820F00100086044F23442C5F60202E3
S31508008B3010684FF6F87398430A9B9B6C40EAC3008B
S31508008B401060086820F00C000A9A126C104308603E
S31508008B50086820F002000A9A526C104308600868F8
S31508008B6040F480300860086840F4003008600868FF
S31508008B7040F480200860086840F00100086044F26C
S31508008B800041C5F60201086840F080700860FDF7EC
S31508008B90ABFB0990FFE744F20040C5F60200006807
S31508008BA000F000710020B0EB516F0CD1FFE7FDF724
S31508008BB09BFB0999401A032804D3FFE703208DF885
S31508008BC02F00B1E0E7E724E044F20041C5F60201D0
S31508008BD0086820F080700860FDF786FB0990FFE7BB
S31508008BE044F20040C5F60200006800F0007100205B
S31508008BF0B0EB516F0CD0FFE7FDF776FB0999401AE9
S31508008C00032804D3FFE703208DF82F008CE0E7E75D
S31508008C10FFE784E044F22840C5F6020000680890A1
S31508008C2044F23040C5F60200006807900A98406A88
S31508008C30012837D0FFE7089800F003000A99896AE7
S31508008C4088422FD1FFE7089800F47C710A98C06A19
S31508008C50B0EB111F26D1FFE707986FF35F200A993B
S31508008C60096B013988421DD1FFE7BDF81C100A9827
S31508008C70406B0138B0EB512F14D1FFE7079800F489
S31508008C80FE010A98806B0138B0EB114F0AD1FFE755
S31508008C90079800F0FE410A98C06B0138B0EB116FD7
S31508008CA004D0FFE701208DF82F003DE044F2344060
S31508008CB0C5F60200006880B2C00808900A98806C61
S31508008CC00899884229D0FFE744F22C41C5F60201EB
S31508008CD0086820F001000860FDF706FB0990FFE729
S31508008CE0FDF702FB0999401A08B9FFE7F8E744F2CD
S31508008CF03441C5F6020108684FF6F87290430A9A9D
S31508008D00926C40EAC200086044F22C41C5F60201A2
S31508008D10086840F001000860FFE7FFE7FFE7FFE7A4
S31508008D2000208DF82F00FFE79DF82F000CB080BDBE
S31508008D3080B582B00190019802F086FF02B080BD2E
S31508008D4081B0009001B0704781B0009001B07047C3
S31508008D5081B0009001B0704785B003900291FFE79B
S31508008D60039890F83C00012804D1FFE702208DF80B
S31508008D701300ABE00399012081F83C00FFE7FFE709
S31508008D800399022081F83D00039800684068019025
S31508008D900398006880680090039800680021C4F270
S31508008DA00101884209D0FFE70398006840F20041B4
S31508008DB0C4F2010188420AD1FFE7019820F4700045
S31508008DC0019002984168019808430190FFE70198CD
S31508008DD020F07000019002980168019808430190FC
S31508008DE00198039909684860039800680021C4F24D
S31508008DF0010188424ED0FFE703980068B0F1804F22
S31508008E0048D0FFE70398006840F20041C4F2000129
S31508008E1088423FD0FFE70398006840F60001C4F295
S31508008E200001884236D0FFE70398006840F6004103
S31508008E30C4F2000188422DD0FFE70398006840F28B
S31508008E400041C4F20101884224D0FFE70398006874
S31508008E5041F60001C4F2000188421BD0FFE70398DF
S31508008E60006844F20001C4F20101884212D0FFE70B
S31508008E70039800684EF20001C4F20001884209D046
S31508008E80FFE7039800684EF20041C4F200018842E9
S31508008E900ED1FFE7009820F08000009002988168C4
S31508008EA00098084300900098039909688860FFE7CE
S31508008EB00399012081F83D00FFE70399002081F816
S31508008EC03C00FFE700208DF81300FFE79DF813002C
S31508008ED005B070470000000080B582B00090009889
S31508008EE020B9FFE701208DF8070045E0009890F8C3
S31508008EF03D0040B9FFE70099002081F83C00009842
S31508008F0000F03EF8FFE70099022081F83D0000993D
S31508008F1051F8040B02F0E0FF0099012081F848009F
S31508008F20FFE70099012081F83E00009981F83F008B
S31508008F30009981F84000009981F84100009981F86C
S31508008F404200009981F84300FFE7FFE700990120F6
S31508008F5081F84400009981F84500009981F8460097
S31508008F60009981F84700FFE70099012081F83D0044
S31508008F7000208DF80700FFE79DF8070002B080BDC6
S31508008F8080B586B005900598006840F60001C4F2E1
S31508008F900001884219D1FFE7FFE744F2E840C5F629
S31508008FA00200016841F004010160006800F0040055
S31508008FB004900498FFE71E20029000221146FDF750
S31508008FC04FFA0298FDF740FA22E00598006840F645
S31508008FD00041C4F20001884219D1FFE7FFE744F2D5
S31508008FE0E840C5F60200016841F008010160006822
S31508008FF000F0080003900398FFE732200190002252
S315080090001146FDF72DFA0198FDF71EFAFFE7FFE76F
S3150800901006B080BD0000000083B00190019890F86A
S315080090203D00012804D0FFE701208DF80B0083E0FE
S315080090300199022081F83D0001980168C86840F04E
S315080090400100C860019800680021C4F20101884245
S315080090504ED0FFE701980068B0F1804F48D0FFE78F
S315080090600198006840F20041C4F2000188423FD0EE
S31508009070FFE70198006840F60001C4F20001884243
S3150800908036D0FFE70198006840F60041C4F20001B7
S3150800909088422DD0FFE70198006840F20041C4F2EB
S315080090A00101884224D0FFE70198006841F60001D3
S315080090B0C4F2000188421BD0FFE70198006844F219
S315080090C00001C4F20101884212D0FFE70198006846
S315080090D04EF20001C4F20001884209D0FFE7019868
S315080090E000684EF20041C4F20001884219D1FFE738
S315080090F00198006880680721C0F2010108400090C5
S31508009100009806280CD0FFE70098B0F5803F07D0F6
S31508009110FFE701980168086840F001000860FFE76A
S3150800912006E001980168086840F001000860FFE75A
S3150800913000208DF80B00FFE79DF80B0003B0704781
S3150800914080B586B00490039100208DF80B00FFE7E8
S31508009150049890F83C00012804D1FFE702208DF816
S315080091601700D1E00499012081F83C00FFE7FFE7EA
S315080091700499022081F83D000498006880680190EF
S3150800918001984FF68871CFF6CE7108400190019884
S3150800919020F47F4001900198049909688860039833
S315080091A000680090002800F09580FFE700981028D6
S315080091B000F09080FFE70098202800F08B80FFE7FA
S315080091C00098302800F08680FFE70098402874D081
S315080091D0FFE70098502856D0FFE7009860285FD030
S315080091E0FFE7009870282AD0FFE70098B0F5805F5F
S315080091F024D0FFE70098B0F5005F35D0FFE7009868
S31508009200B0F5801F66D0FFE70098B0F1101F61D057
S31508009210FFE700982021C0F2100188425AD0FFE7E4
S3150800922000983021C0F21001884253D0FFE7009819
S315080092304021C0F2100188424CD052E055E0049813
S315080092400068039B5A689968DB6802F049FF04982E
S31508009250006880680190019840F0770001900198B5
S3150800926004990968886040E004980068039B5A6876
S315080092709968DB6802F034FF04980168886840F44E
S315080092808040886031E004980068039A5168D26883
S3150800929003F0B6FA04980068502102F03DFF24E076
S315080092A004980068039A5168D26803F0D1FA0498C2
S315080092B00068602102F030FF17E004980068039AFE
S315080092C05168D26803F09CFA04980068402102F0BD
S315080092D023FF0AE0049800680399096802F01CFF56
S315080092E003E001208DF80B00FFE70499012081F8BF
S315080092F03D00FFE70499002081F83C00FFE79DF850
S315080093000B008DF81700FFE79DF8170006B080BD23
S3150800931081B0009001B0704780B584B0039003987F
S315080093200068C068029003980068006901909DF87B
S3150800933004008007002824D5FFE79DF80800800769
S3150800934000281DD5FFE7039801686FF00200086141
S31508009350039901200877039800688069800720B17F
S31508009360FFE70398FFF7D4FF06E0039800F058F9E3
S31508009370039800F0BDFAFFE7039900200877FFE796
S31508009380FFE79DF804004007002825D5FFE79DF86C
S315080093900800400700281ED5FFE7039801686FF00C
S315080093A00400086103990220087703980068806919
S315080093B010F4407F04D0FFE70398FFF7A9FF06E003
S315080093C0039800F02DF9039800F092FAFFE7039945
S315080093D000200877FFE7FFE79DF80400000700284C
S315080093E024D5FFE79DF80800000700281DD5FFE7EC
S315080093F0039801686FF0080008610399042008774C
S3150800940003980068C069800720B1FFE70398FFF753
S315080094107FFF06E0039800F003F9039800F068FA66
S31508009420FFE7039900200877FFE7FFE79DF80400A8
S31508009430C006002825D5FFE79DF80800C0060028C5
S315080094401ED5FFE7039801686FF0100008610399BD
S315080094500820087703980068C06910F4407F04D094
S31508009460FFE70398FFF754FF06E0039800F0D8F8E3
S31508009470039800F03DFAFFE7039900200877FFE715
S31508009480FFE79DF80400C00778B1FFE79DF80800DC
S31508009490C00748B1FFE7039801686FF0010008614B
S315080094A0039800F07DFBFFE7FFE7019800F08000D6
S315080094B0802806D0FFE79DF805008006002810D50D
S315080094C0FFE79DF808000006002809D5FFE703987E
S315080094D001686FF4025008610398FFF735FCFFE74F
S315080094E0FFE79DF80500C00780B1FFE79DF8080073
S315080094F00006002809D5FFE7039801686FF4807015
S3150800950008610398FFF71CFCFFE7FFE79DF80400D6
S315080095104006002810D5FFE79DF8080040060028F9
S3150800952009D5FFE7039801686FF0400008610398C2
S3150800953000F0D2FCFFE7FFE79DF80400800600284C
S3150800954010D5FFE79DF808008006002809D5FFE733
S31508009550039801686FF0200008610398FFF7F8FB8D
S31508009560FFE7FFE704B080BD80B588B0079000200C
S31508009570069005900490039002900798006840F2C0
S315080095800041C4F2000188421ED1FFE7FFE744F21A
S31508009590E040C5F60200016841F00201016000687A
S315080095A000F0020001900198FFE702200290039064
S315080095B0002104910591069040F20040C5F602008C
S315080095C002A9FCF78DFC29E00798006841F600011E
S315080095D0C4F20001884220D1FFE7FFE744F2E040E9
S315080095E0C5F60200016841F002010160006800F05A
S315080095F0020000900098FFE74FF400400290022016
S315080096000390002104910591069040F20040C5F6AA
S31508009610020002A9FCF764FCFFE7FFE708B080BD7B
S3150800962081B0009001B0704780B586B00490039170
S31508009630029200208DF80700FFE7049890F83C0096
S31508009640012804D1FFE702208DF81700C0E004992D
S31508009650012081F83C00FFE7FFE7029800901428F4
S3150800966000F2A7800099DFE801F00BA4A4A424A4C3
S31508009670A4A43EA4A4A457A4A4A471A4A4A48A0040
S3150800968004980068039902F05FFD049801688869E8
S3150800969040F00800886104980168886920F0040091
S315080096A0886103980269049801688869104388618B
S315080096B083E004980068039902F0EEFD04980168B7
S315080096C0886940F40060886104980168886920F414
S315080096D0806088610398026904980168886940EA8D
S315080096E00220886169E004980068039902F08CFEFC
S315080096F004980168C86940F00800C86104980168C0
S31508009700C86920F00400C8610398026904980168D2
S31508009710C8691043C86150E004980068039902F0CC
S315080097202BFF04980168C86940F40060C861049872
S315080097300168C86920F48060C861039802690498C2
S315080097400168C86940EA0220C86136E004980068E2
S31508009750039902F081FF04980168486D40F00800FB
S31508009760486504980168486D20F004004865039828
S31508009770026904980168486D104348651DE004981D
S315080097800068039902F0D0FF04980168486D40F418
S315080097900060486504980168486D20F48060486553
S315080097A00398026904980168486D40EA02204865F2
S315080097B003E001208DF80700FFE7FFE70499002082
S315080097C081F83C00FFE79DF807008DF81700FFE7D2
S315080097D09DF8170006B080BD80B582B0009000984D
S315080097E020B9FFE701208DF8070045E0009890F8BA
S315080097F03D0040B9FFE70099002081F83C00009839
S3150800980000F03EF8FFE70099022081F83D00009934
S3150800981051F8040B02F060FB0099012081F848001A
S31508009820FFE70099012081F83E00009981F83F0082
S31508009830009981F84000009981F84100009981F863
S315080098404200009981F84300FFE7FFE700990120ED
S3150800985081F84400009981F84500009981F846008E
S31508009860009981F84700FFE70099012081F83D003B
S3150800987000208DF80700FFE79DF8070002B080BDBD
S3150800988083B002900298006840F20041C4F20001D9
S31508009890884210D1FFE7FFE744F2E840C5F6020028
S315080098A0016841F002010160006800F002000190C1
S315080098B00198FFE719E00298006841F60001C4F232
S315080098C00001884210D1FFE7FFE744F2E840C5F6F9
S315080098D00200016841F040010160006800F04000A4
S315080098E000900098FFE7FFE7FFE703B07047000026
S315080098F081B0009001B0704780B590B00E900D9180
S315080099000D9828B9FFE70E9890F83E000B9034E0C2
S315080099100D98042805D1FFE70E9890F83F000A90A5
S3150800992028E00D98082805D1FFE70E9890F8400022
S3150800993009901CE00D980C2805D1FFE70E9890F8C1
S315080099404100089010E00D98102805D1FFE70E9801
S3150800995090F84200079004E00E9890F843000790AC
S31508009960FFE707980890FFE708980990FFE7099826
S315080099700A90FFE70A980B90FFE70B98012804D096
S31508009980FFE701208DF83F0003E10D9828B9FFE7AE
S315080099900E99022081F83E0038E00D98042806D179
S315080099A0FFE70E99022081F83F0006902CE00D98FB
S315080099B0082806D1FFE70E99022081F84000059095
S315080099C01FE00D980C2806D1FFE70E99022081F8B2
S315080099D04100049012E00D98102806D1FFE70E9971
S315080099E0022081F84200039005E00E99022081F8D2
S315080099F043000390FFE703980490FFE70498059057
S31508009A00FFE705980690FFE70698FFE70E980068B7
S31508009A100D990122019202F047FB01980E990968F7
S31508009A200022C4F20102914202902DD0FFE70E985F
S31508009A300168012040F20042C4F2010291420290FC
S31508009A4022D0FFE70E980168012044F20002C4F212
S31508009A5001029142029017D0FFE70E980168012093
S31508009A6044F20042C4F20102914202900CD0FFE790
S31508009A700E9800684BF60001CBF6FE710844B0FA62
S31508009A8080F040090290FFE70298C00738B1FFE767
S31508009A900E980168486C40F400404864FFE70E9849
S31508009AA000680021C4F2010188424ED0FFE70E98F3
S31508009AB00068B0F1804F48D0FFE70E98006840F282
S31508009AC00041C4F2000188423FD0FFE70E980068C3
S31508009AD040F60001C4F20001884236D0FFE70E982E
S31508009AE0006840F60041C4F2000188422DD0FFE725
S31508009AF00E98006840F20041C4F20101884224D061
S31508009B00FFE70E98006841F60001C4F2000188429A
S31508009B101BD0FFE70E98006844F20001C4F2010169
S31508009B20884212D0FFE70E9800684EF20001C4F290
S31508009B300001884209D0FFE70E9800684EF20041FE
S31508009B40C4F20001884219D1FFE70E9800688068C0
S31508009B500721C0F2010108400C900C9806280CD089
S31508009B60FFE70C98B0F5803F07D0FFE70E9801682D
S31508009B70086840F001000860FFE706E00E980168F3
S31508009B80086840F001000860FFE700208DF83F00F4
S31508009B90FFE79DF83F0010B080BD00000000000000
S31508009BA080B582B0019042F6A840C2F20040007823
S31508009BB0C00708B9FFE78AE1019800680021C4F2E6
S31508009BC0010188420FD1FFE740F26020C2F200404F
S31508009BD0406838B1FFE740F26020C2F200404068B2
S31508009BE08047FFE773E101980068B0F1804F0FD115
S31508009BF0FFE740F27820C2F20040406838B1FFE73C
S31508009C0040F27820C2F2004040688047FFE75DE1F5
S31508009C100198006840F20041C4F2000188420FD161
S31508009C20FFE740F28020C2F20040406838B1FFE703
S31508009C3040F28020C2F2004040688047FFE744E1D6
S31508009C400198006840F60001C4F2000188420FD16D
S31508009C50FFE740F28820C2F20040406838B1FFE7CB
S31508009C6040F28820C2F2004040688047FFE72BE1B7
S31508009C700198006840F60041C4F2000188420FD1FD
S31508009C80FFE740F29020C2F20040406838B1FFE793
S31508009C9040F29020C2F2004040688047FFE712E198
S31508009CA00198006841F20001C4F2000188420FD110
S31508009CB0FFE740F29820C2F20040406838B1FFE75B
S31508009CC040F29820C2F2004040688047FFE7F9E07A
S31508009CD00198006841F20041C4F2000188420FD1A0
S31508009CE0FFE740F2A020C2F20040406838B1FFE723
S31508009CF040F2A020C2F2004040688047FFE7E0E05B
S31508009D000198006840F20041C4F2010188420FD16F
S31508009D10FFE740F2A820C2F20040406838B1FFE7EA
S31508009D2040F2A820C2F2004040688047FFE7C7E03B
S31508009D300198006841F60001C4F2000188420FD17B
S31508009D40FFE740F23020C2F20040406838B1FFE732
S31508009D5040F23020C2F2004040688047FFE7AEE09C
S31508009D600198006841F60041C4F2000188420FD10B
S31508009D70FFE740F23820C2F20040406838B1FFE7FA
S31508009D8040F23820C2F2004040688047FFE795E07D
S31508009D900198006842F20001C4F2000188420FD11E
S31508009DA0FFE740F24020C2F20040406838B1FFE7C2
S31508009DB040F24020C2F2004040688047FFE77CE05E
S31508009DC00198006844F20001C4F2010188420FD1EB
S31508009DD0FFE740F24820C2F20040406838B1FFE78A
S31508009DE040F24820C2F2004040688047FFE763E03F
S31508009DF00198006844F20041C4F2010188420FD17B
S31508009E00FFE740F25020C2F20040406838B1FFE751
S31508009E1040F25020C2F2004040688047FFE74AE01F
S31508009E200198006844F60001C4F2010188420FD186
S31508009E30FFE740F25820C2F20040406838B1FFE719
S31508009E4040F25820C2F2004040688047FFE731E000
S31508009E50019800684EF20001C4F2000188420FD151
S31508009E60FFE740F26820C2F20040406838B1FFE7D9
S31508009E7040F26820C2F2004040688047FFE718E0D9
S31508009E80019800684EF20041C4F2000188420FD1E1
S31508009E90FFE740F27020C2F20040406838B1FFE7A1
S31508009EA040F27020C2F2004040688047FFE7FFE7B3
S31508009EB0FFE7FFE7FFE7FFE7FFE7FFE7FFE7FFE764
S31508009EC0FFE7FFE7FFE7FFE7FFE7FFE7FFE702B088
S31508009ED080BD00000000000081B0009001B070470E
S31508009EE083B00190FFE7019890F88400012804D117
S31508009EF0FFE702208DF80B002CE00199012081F87C
S31508009F008400FFE7FFE701992420C1F8880001983B
S31508009F1000680068009001980168086820F0010050
S31508009F200860009820F000500090019900204866CB
S31508009F30009801990968086001992020C1F88800ED
S31508009F40FFE70199002081F88400FFE700208DF8DB
S31508009F500B00FFE79DF80B0003B0704700000000F8
S31508009F6080B586B004900391ADF80A200498D0F81D
S31508009F708C00202844D1FFE7039820B1FFE7BDF8FD
S31508009F800A0020B9FFE701208DF817003CE0049984
S31508009F900120C86604990020086704980399BDF84B
S31508009FA00A2003F02DFD8DF809009DF8090010BB65
S31508009FB0FFE70498C06E012818D1FFE704980168E6
S31508009FC010200862FFE7FFE70498006850E8000FD2
S31508009FD040F010000190FFE701990498026842E8F2
S31508009FE000100028F0D1FFE7FFE703E001208DF815
S31508009FF00900FFE7FFE79DF809008DF8170003E061
S3150800A00002208DF81700FFE79DF8170006B080BDFF
S3150800A01080B582B00190ADF802100198006841F24F
S3150800A0200001C4F20101884220D1FFE740F2BC409A
S3150800A030C2F20040D0F8080260B1FFE740F2BC4027
S3150800A040C2F20040D0F80822BDF8021000F582706E
S3150800A0509047FFE7019840F2BC41C2F20041B1F8CF
S3150800A060042201F58271FFF77BFF79E10198006808
S3150800A07044F20041C4F20001884220D1FFE740F2D1
S3150800A080C860C2F20040D0F8080260B1FFE740F2AB
S3150800A090C860C2F20040D0F80822BDF8021000F5E8
S3150800A0A082709047FFE7019840F2C861C2F200410A
S3150800A0B0B1F8042201F58271FFF752FF4FE10198CA
S3150800A0C0006844F60001C4F20001884220D1FFE787
S3150800A0D040F6D400C2F20040D0F8080260B1FFE7AB
S3150800A0E040F6D400C2F20040D0F80822BDF80210AB
S3150800A0F000F582709047FFE7019840F6D401C2F256
S3150800A1000041B1F8042201F58271FFF729FF25E124
S3150800A1100198006844F60041C4F20001884220D143
S3150800A120FFE740F6E020C2F20040D0F8080260B12E
S3150800A130FFE740F6E020C2F20040D0F80822BDF85A
S3150800A140021000F582709047FFE7019840F6E0217B
S3150800A150C2F20041B1F8042201F58271FFF700FF4F
S3150800A160FBE00198006845F20001C4F2000188424C
S3150800A17020D1FFE740F6EC40C2F20040D0F80802D2
S3150800A18060B1FFE740F6EC40C2F20040D0F8082282
S3150800A190BDF8021000F582709047FFE7019840F677
S3150800A1A0EC41C2F20041B1F8042201F58271FFF7D1
S3150800A1B0D7FED1E00198006841F20041C4F20101DE
S3150800A1C0884220D1FFE740F6F860C2F20040D0F896
S3150800A1D0080260B1FFE740F6F860C2F20040D0F826
S3150800A1E00822BDF8021000F582709047FFE7019833
S3150800A1F040F6F861C2F20041B1F8042201F5827115
S3150800A200FFF7AEFEA7E00198006847F60001C4F222
S3150800A2100001884220D1FFE741F20410C2F2004053
S3150800A220D0F8080260B1FFE741F20410C2F200401C
S3150800A230D0F80822BDF8021000F582709047FFE7B3
S3150800A240019841F20411C2F20041B1F8042201F565
S3150800A2508271FFF785FE7DE00198006847F60041A8
S3150800A260C4F20001884220D1FFE741F21030C2F261
S3150800A2700040D0F8080260B1FFE741F21030C2F2A0
S3150800A2800040D0F80822BDF8021000F58270904709
S3150800A290FFE7019841F21031C2F20041B1F80422F9
S3150800A2A001F58271FFF75CFE53E00198006841F6FC
S3150800A2B00001C4F20101884220D1FFE741F21C5097
S3150800A2C0C2F20040D0F8080260B1FFE741F21C5024
S3150800A2D0C2F20040D0F80822BDF8021000F58270DC
S3150800A2E09047FFE7019841F21C51C2F20041B1F8CC
S3150800A2F0042201F58271FFF733FE29E00198006810
S3150800A30041F60041C4F20101884220D1FFE740F23C
S3150800A310B020C2F20040D0F8080260B1FFE740F270
S3150800A320B020C2F20040D0F80822BDF8021000F5AD
S3150800A33082709047FFE7019840F2B021C2F20041CF
S3150800A340B1F8042201F58271FFF70AFEFFE7FFE77D
S3150800A350FFE7FFE7FFE7FFE7FFE7FFE7FFE7FFE7BF
S3150800A36002B080BD0000000081B0009001B07047C7
S3150800A37080B584B002900191FFE7029890F88400B6
S3150800A380012804D1FFE702208DF80F0032E0029978
S3150800A390012081F88400FFE7FFE702992420C1F82D
S3150800A3A088000298006800680090029801680868AA
S3150800A3B020F00100086002980068806820F060605C
S3150800A3C001990843029909688860029802F0D4FA4C
S3150800A3D0009802990968086002992020C1F8880047
S3150800A3E0FFE70299002081F88400FFE700208DF836
S3150800A3F00F00FFE79DF80F0004B080BD00000000C5
S3150800A40080B584B002900191FFE7029890F8840025
S3150800A410012804D1FFE702208DF80F0032E00299E7
S3150800A420012081F88400FFE7FFE702992420C1F89C
S3150800A4308800029800680068009002980168086819
S3150800A44020F00100086002980068806820F06040EB
S3150800A45001990843029909688860029802F08CFA03
S3150800A460009802990968086002992020C1F88800B6
S3150800A470FFE70299002081F88400FFE700208DF8A5
S3150800A4800F00FFE79DF80F0004B080BD0000000034
S3150800A49081B0009001B0704781B0009001B070475C
S3150800A4A081B0009001B0704780B592B011901198B4
S3150800A4B00068C06910901198006800680F9011989C
S3150800A4C0006880680E90109840F60F0108400D90BD
S3150800A4D00D98E0B9FFE79DF840008006002815D5DD
S3150800A4E0FFE79DF83C008006002806D4FFE79DF8A4
S3150800A4F03B00C006002809D5FFE71198406F20B138
S3150800A500FFE71198416F8847FFE72FE3FFE70D98AC
S3150800A510002800F00C81FFE70E980121C1F2000126
S3150800A520084209D1FFE70F9840F22011C0F2004116
S3150800A530084200F0FC80FFE79DF84000C00788B19C
S3150800A540FFE79DF83D00C00760B1FFE71198016875
S3150800A550012008621199D1F8900040F00100C1F875
S3150800A5609000FFE79DF840008007002811D5FFE717
S3150800A5709DF83800C00760B1FFE71198016802200E
S3150800A58008621199D1F8900040F00400C1F89000D3
S3150800A590FFE79DF840004007002811D5FFE79DF822
S3150800A5A03800C00760B1FFE7119801680420086207
S3150800A5B01199D1F8900040F00200C1F89000FFE729
S3150800A5C09DF840000007002819D5FFE79DF83C00D4
S3150800A5D08006002807D4FFE70E980121C1F2000182
S3150800A5E008420CD0FFE71198016808200862119903
S3150800A5F0D1F8900040F00800C1F89000FFE79DF8F8
S3150800A60041000007002813D5FFE79DF83F004007E3
S3150800A61000280DD5FFE7119801684FF4006008621D
S3150800A6201199D1F8900040F02000C1F89000FFE79A
S3150800A6301198D0F89000002878D0FFE79DF84000E0
S3150800A6408006002815D5FFE79DF83C0080060028FF
S3150800A65006D4FFE79DF83B00C006002809D5FFE7AA
S3150800A6601198406F20B1FFE71198416F8847FFE7BF
S3150800A670FFE71198D0F890000C9011980068806850
S3150800A68000F04000402806D0FFE79DF8300010F0A3
S3150800A690280F42D0FFE7119802F0E6FB11980068F0
S3150800A6A080684006002833D5FFE7FFE7FFE71198E3
S3150800A6B0006850E8020F20F040000B90FFE70B9966
S3150800A6C01198026842E802100028F0D1FFE7FFE778
S3150800A6D01198D0F88000B0B1FFE71198D0F8801033
S3150800A6E04CF69140C0F6000008651198D0F8800035
S3150800A6F0F7F7F6FB30B1FFE71198D0F88000016D47
S3150800A7008847FFE703E01198FFF7CAFEFFE703E073
S3150800A7101198FFF7C5FEFFE707E01198FFF7C0FE9F
S3150800A72011990020C1F89000FFE7FFE71EE2119893
S3150800A730C06E012840F0BB81FFE79DF84000C006C7
S3150800A740002840F1B481FFE79DF83C00C0060028C8
S3150800A75040F1AD81FFE71198016810200862119851
S3150800A760006880684006002840F13F81FFE711989D
S3150800A770D0F8800000681021C4F20201884200F077
S3150800A780A280FFE71198D0F8800000682821C4F25B
S3150800A7900201884200F09780FFE71198D0F8800000
S3150800A7A000684021C4F20201884200F08C80FFE76D
S3150800A7B01198D0F8800000685821C4F20201884236
S3150800A7C000F08180FFE71198D0F8800000687021BA
S3150800A7D0C4F20201884276D0FFE71198D0F88000CB
S3150800A7E000688821C4F2020188426CD0FFE71198FC
S3150800A7F0D0F880000068A021C4F20201884262D025
S3150800A800FFE71198D0F880000068B821C4F2020169
S3150800A810884258D0FFE71198D0F88000006840F2C7
S3150800A8201041C4F2020188424DD0FFE71198D0F8D2
S3150800A8308000006840F22841C4F20201884242D0F2
S3150800A840FFE71198D0F88000006840F24041C4F252
S3150800A8500201884237D0FFE71198D0F880000068D7
S3150800A86040F25841C4F2020188422CD0FFE7119801
S3150800A870D0F88000006840F27041C4F202018842B4
S3150800A88021D0FFE71198D0F88000006840F288418F
S3150800A890C4F20201884216D0FFE71198D0F880006A
S3150800A8A0006840F2A041C4F2020188420BD0FFE7DB
S3150800A8B01198D0F88000006840F2B841C4F202014D
S3150800A8C0884207D1FFE71198D0F8800000684068F1
S3150800A8D0019006E01198D0F8800000684068019061
S3150800A8E0FFE70198ADF82A00BDF82A0000287BD0BA
S3150800A8F0FFE7BDF82A001199B1F85C10884273DAAF
S3150800A900FFE7BDF82A001199A1F85E001198D0F862
S3150800A9108000C069B0F5807F59D0FFE7FFE7FFE701
S3150800A9201198006850E8000F20F480700990FFE73E
S3150800A93009991198026842E800100028F0D1FFE74B
S3150800A940FFE7FFE7FFE71198006850E8020F20F0DD
S3150800A95001000890FFE708991198026842E802107A
S3150800A9600028F0D1FFE7FFE7FFE7FFE71198006847
S3150800A97050E8020F20F040000790FFE7079911986A
S3150800A980026842E802100028F0D1FFE7FFE71199B4
S3150800A9902020C1F88C0011990020C866FFE7FFE760
S3150800A9A01198006850E8000F20F010000690FFE7A5
S3150800A9B006991198026842E800100028F0D1FFE7CE
S3150800A9C0FFE71198D0F88000F6F7CEFDFFE711995A
S3150800A9D0022008671198B0F85C10B0F85E20891A52
S3150800A9E089B2FFF715FBFFE7C0E01199B1F85C00E3
S3150800A9F0B1F85E10401AADF816001198B0F85E006E
S3150800AA00002853D0FFE7BDF8160000284ED0FFE710
S3150800AA10FFE7FFE71198006850E8000F20F49070F0
S3150800AA200490FFE704991198026842E8001000288C
S3150800AA30F0D1FFE7FFE7FFE7FFE71198006850E866
S3150800AA40020F4FF6FE71CEF6FF7108400390FFE73E
S3150800AA5003991198026842E802100028EDD1FFE731
S3150800AA60FFE711992020C1F88C0011990020C866CB
S3150800AA7011994867FFE7FFE71198006850E8000F4B
S3150800AA8020F010000290FFE702991198026842E848
S3150800AA9000100028F0D1FFE7FFE7119902200867A8
S3150800AAA01198BDF81610FFF7B3FAFFE75EE09DF8B8
S3150800AAB04200C00600280FD5FFE79DF83A00400679
S3150800AAC0002809D5FFE7119801684FF4801008623D
S3150800AAD01198FFF7E1FC49E09DF8400000060028C0
S3150800AAE015D5FFE79DF83C000006002806D4FFE7C9
S3150800AAF09DF83A000006002809D5FFE71198806FEF
S3150800AB0020B1FFE71198816F8847FFE72EE09DF88F
S3150800AB104000400600280AD5FFE79DF83C0040069D
S3150800AB20002804D5FFE7119802F0EEF91EE09DF81B
S3150800AB304200000600280AD5FFE79DF83F004006B8
S3150800AB40002804D5FFE71198FFF7A2FC0EE09DF850
S3150800AB504300C00750B1FFE79DF83F0000060028F4
S3150800AB6004D5FFE71198FFF7FFFBFFE712B080BD9A
S3150800AB7080B582B00090009820B9FFE701208DF8D3
S3150800AB80070046E00098806908B1FFE700E0FFE7A4
S3150800AB900098D0F8880040B9FFE70099002081F8AE
S3150800ABA08400009800F03CF8FFE700992420C1F8DB
S3150800ABB0880000980168086820F00100086000987D
S3150800ABC0806A20B1FFE7009801F01AFFFFE70098B6
S3150800ABD002F0EEF9012804D1FFE701208DF80700FD
S3150800ABE017E000980168486820F49040486000988B
S3150800ABF00168886820F02A0088600098016808685B
S3150800AC0040F001000860009801F09EFF8DF80700EB
S3150800AC10FFE79DF8070002B080BD000000000000B5
S3150800AC2080B5CCB04B9000204A9049904890479008
S3150800AC30469018A8B821F5F7AAFC4B98006845F283
S3150800AC400001C4F20001884240F09680FFE7002028
S3150800AC50199002211891359018A8FBF739FF18B1F9
S3150800AC60FFE7F6F7A1FAFFE7FFE744F2E840C5F683
S3150800AC700200016841F480110160006800F4801048
S3150800AC8017901798FFE7FFE744F2E040C5F6020081
S3150800AC90016841F002010160006800F002001690A8
S3150800ACA01698FFE7FFE744F2E040C5F602000168A0
S3150800ACB041F008010160006800F008001590159839
S3150800ACC0FFE74FF40050469002200D904790002071
S3150800ACD00F90489049900E204A9040F20040C5F6E1
S3150800ACE0020046A90E91FBF7FBF80D9A0E990F98EC
S3150800ACF00423469347924890499008204A9040F684
S3150800AD000040C5F60200FBF7EBF80F9942F28450B3
S3150800AD10C2F20040109040F21042C4F202020260F1
S3150800AD20412242608160C1604FF4806202614161E4
S3150800AD3081614FF48072C2614FF44032026241620F
S3150800AD40F8F706FD18B1FFE7F6F72EFAFFE7FFE773
S3150800AD504B9842F28451C2F20041C0F880104B98D9
S3150800AD608863FFE735200C9000221146FBF778FB35
S3150800AD700C98FBF769FB52E14B98006841F2000119
S3150800AD80C4F20101884240F09780FFE7002019903D
S3150800AD9001211891369018A8FBF79AFE18B1FFE71B
S3150800ADA0F6F702FAFFE7FFE744F2F040C5F60200BD
S3150800ADB0016841F010010160006800F0100014906D
S3150800ADC01498FFE7FFE744F2E040C5F60200016881
S3150800ADD041F001010160006800F00100139013982A
S3150800ADE0FFE74FF4C06046900220479000200A9083
S3150800ADF04890499007204A900020C5F6020046A9C7
S3150800AE00FBF76EF80A9942F2EC60C2F200400B902A
S3150800AE102822C4F202020260292242608160C160CF
S3150800AE204FF48062026141618161C16101624162E0
S3150800AE30F8F78EFC18B1FFE7F6F7B6F9FFE7FFE774
S3150800AE404B9842F2EC61C2F20041C0F880104B9870
S3150800AE508863FFE742F26470C2F20040099040211D
S3150800AE60C4F2020101602A2141604021816000216B
S3150800AE70C1604FF48062026141618161C161016212
S3150800AE804162F8F765FC18B1FFE7F6F78DF9FFE7B9
S3150800AE90FFE74B9842F26471C2F20041C1674B98D2
S3150800AEA08863FFE72520089000221146FBF7D8FAA9
S3150800AEB00898FBF7C9FAB1E04B98006841F60041DB
S3150800AEC0C4F20101884240F0A880FFE700201990EB
S3150800AED001211891369018A8FBF7FAFD18B1FFE77B
S3150800AEE0F6F762F9FFE7FFE744F2F040C5F602001D
S3150800AEF0016841F080010160006800F0800012904E
S3150800AF001298FFE7FFE744F2E040C5F60200016841
S3150800AF1041F010010160006800F0100011901198CE
S3150800AF20FFE70420469002210391479100210691EC
S3150800AF30489149914A9041F20000C5F602000490F2
S3150800AF4046A90591FAF7CCFF039B04980599069A3A
S3150800AF504FF0080CCDF818C14793489249920B2236
S3150800AF604A92FAF7BDFF069942F2FC50C2F2004037
S3150800AF7007905822C4F2020202607622426081607B
S3150800AF80C1604FF48062026141618161C161016201
S3150800AF904162F8F7DDFB18B1FFE7F6F705F9FFE7B9
S3150800AFA0FFE74B9842F2FC51C2F20041C0F880100C
S3150800AFB04B988863FFE742F27460C2F20040029041
S3150800AFC07021C4F20201016077214160402181604D
S3150800AFD00021C1604FF48062026141618161C161F3
S3150800AFE001624162F8F7B4FB18B1FFE7F6F7DCF83F
S3150800AFF0FFE7FFE74B9842F27461C2F20041C1676E
S3150800B0004B988863FFE79C20019000221146FBF7C6
S3150800B01027FA0198FBF718FAFFE7FFE7FFE74CB0B6
S3150800B02080BD00000000000081B0009001B07047AC
S3150800B03081B0009001B0704781B0009001B07047B0
S3150800B040FFE7FEE70000000080B588B0FFE744F29E
S3150800B050D840C5F60200016841F0010101600068A8
S3150800B06000F0010007900798FFE7FFE744F2D84091
S3150800B070C5F60200016841F002010160006800F0AF
S3150800B080020006900698FFE70C2000900022049222
S3150800B0901146FBF7E5F90098FBF7D6F9049A0D2057
S3150800B0A001901146FBF7DCF90198FBF7CDF9049AF4
S3150800B0B00E2002901146FBF7D3F90298FBF7C4F964
S3150800B0C0049A0F2003901146FBF7CAF90398FBF779
S3150800B0D0BBF9049A382005901146FBF7C1F9059883
S3150800B0E0FBF7B2F908B080BD80B582B042F2DC70D9
S3150800B0F0C2F2004001904AF20001C4F20001016068
S3150800B10000228260C26001210174427481740321A5
S3150800B11041610A2383614FF01D0CC0F81CC003620D
S3150800B12041628362C0F82CC0036340F2A4634363A0
S3150800B13081630421C1630823036441648364C16491
S3150800B140026541658265C26520230366426681669B
S3150800B150FAF75EF918B1FFE7F6F726F8FFE702B047
S3150800B16080BD00000000000080B582B042F67C0079
S3150800B170C2F2004001904AF20041C4F200010160A7
S3150800B18000228260C2600121017442748174032125
S3150800B19041610A2383614FF01D0CC0F81CC003628D
S3150800B1A041628362C0F82CC0036340F2A463436320
S3150800B1B081630421C1630823036441648364C16411
S3150800B1C0026541658265C26520230366426681661B
S3150800B1D0FAF71EF918B1FFE7F5F7E6FFFFE702B041
S3150800B1E080BD00000000000080B582B042F61C1049
S3150800B1F0C2F2004001904DF20041C4F20001016024
S3150800B20000228260C26001210174427481740321A4
S3150800B21041610A2383614FF01D0CC0F81CC003620C
S3150800B22041628362C0F82CC0036340F2A46343639F
S3150800B23081630421C1630823036441648364C16490
S3150800B240026541658265C26520230366426681669A
S3150800B250FAF7DEF818B1FFE7F5F7A6FFFFE702B041
S3150800B26080BD00000000000080B592B0002011905B
S3150800B27010900F900E900D90FFE744F2E040C5F64F
S3150800B2800200016841F010010160006800F010003A
S3150800B2900C900C98FFE7FFE744F2E040C5F6020081
S3150800B2A0016841F004010160006800F004000B9099
S3150800B2B00B98FFE7FFE744F2E040C5F60200016895
S3150800B2C041F080010160006800F080000A900A9849
S3150800B2D0FFE7FFE744F2E040C5F60200016841F0E7
S3150800B2E001010160006800F0010009900998FFE774
S3150800B2F0FFE744F2E040C5F60200016841F00201AA
S3150800B3000160006800F0020008900898FFE7FFE770
S3150800B31044F2E040C5F60200016841F00801016008
S3150800B320006800F0080007900798FFE740F600005D
S3150800B330C5F6020003904FF4204100220592FAF761
S3150800B340BBFF03984FF48041009101220292FAF75D
S3150800B350B3FF029A039805994FF4C0430D930E92D2
S3150800B36002220F9210910DA90491FAF7B9FD029BDA
S3150800B37003980499059A4FF4004CCDF834C00E93FF
S3150800B3800F931092FAF7ACFD02980499059A0523D3
S3150800B3900D930E920F900020C5F60200FAF7A0FD55
S3150800B3A0009A029804990D924FF4041201920E9293
S3150800B3B00F9041F20000C5F60200FAF791FD019BD5
S3150800B3C0029A039804994FF4E05CCDF834C00E93C2
S3150800B3D00F92FAF785FD059A282006901146FBF785
S3150800B3E03FF80698FBF730F812B080BD0000000061
S3150800B3F080B58CB0002101910B910A9109910891B1
S3150800B40007910691059104910391029142F6BC10A9
S3150800B410C2F2004041F60002C4F200020260EF22C6
S3150800B4204260816040F2E732C26001618021816139
S3150800B430FEF7D2F918B1FFE7F5F7B6FEFFE70020E9
S3150800B44009900B9042F6BC10C2F2004009A9FDF71C
S3150800B45083FC18B1FFE7F5F7A7FEFFE76020029027
S3150800B460002003900490069042F6BC10C2F20040F9
S3150800B47002A90422FEF7D8F818B1FFE7F5F794FEFB
S3150800B480FFE742F6BC10C2F20040FEF76DF80CB0BA
S3150800B49080BD00000000000080B58CB0002101913D
S3150800B4A00B910A91099108910791069105910491CA
S3150800B4B00391029142F60820C2F2004040F200428F
S3150800B4C0C4F20002026041608160FF22C26001612D
S3150800B4D08161FEF781F918B1FFE7F5F765FEFFE729
S3150800B4E0002009900B9042F60820C2F2004009A9F4
S3150800B4F0FDF732FC18B1FFE7F5F756FEFFE76020C7
S3150800B50002900020039004900420069042F608203A
S3150800B510C2F2004002A90C22FEF786F818B1FFE72E
S3150800B520F5F742FEFFE742F60820C2F20040FEF7B2
S3150800B5301BF80CB080BD000080B588B000210091D2
S3150800B540079106910591049103910291019142F6A2
S3150800B5505420C2F2004040F60002C4F20002026023
S3150800B560EF22426081606322C26001618161FDF75A
S3150800B570B3FC18B1FFE7F5F717FEFFE74FF4805065
S3150800B580049042F65420C2F2004004A9FDF7D8FD03
S3150800B59018B1FFE7F5F708FEFFE7002001900390D2
S3150800B5A042F65420C2F2004001A9FDF7D5FB18B1B6
S3150800B5B0FFE7F5F7F9FDFFE708B080BD00000000DA
S3150800B5C080B588B0002100910791069105910491F4
S3150800B5D003910291019142F6A020C2F2004040F682
S3150800B5E00042C4F200020260EF224260816040F22B
S3150800B5F0E732C26001618161FDF76EFC18B1FFE7B1
S3150800B600F5F7D2FDFFE74FF48050049042F6A020EC
S3150800B610C2F2004004A9FDF793FD18B1FFE7F5F75C
S3150800B620C3FDFFE700200190039042F6A020C2F276
S3150800B630004001A9FDF790FB18B1FFE7F5F7B4FD47
S3150800B640FFE708B080BD000080B582B042F614401E
S3150800B650C2F20040019045F20001C4F20001016007
S3150800B66048F2A061C0F2010141604FF48051816047
S3150800B6704FF40051C1604FF48061016104214161BA
S3150800B68000218161C161016241628162FFF770FA3E
S3150800B69018B1FFE7F5F788FDFFE742F61440C2F256
S3150800B6A000400021FEF7ACFE18B1FFE7F5F77CFD78
S3150800B6B0FFE742F61440C2F200400021FEF758FEAA
S3150800B6C018B1FFE7F5F770FDFFE742F61440C2F23E
S3150800B6D00040FEF705FC18B1FFE7F5F765FDFFE743
S3150800B6E002B080BD0000000080B582B042F680300E
S3150800B6F0C2F20040009041F60041C4F20101016027
S3150800B7004FF416514160002101918160C1600161C9
S3150800B7100C2242618161C161016241628162FFF767
S3150800B72027FA18B1FFE7F5F73FFDFFE742F6803045
S3150800B730C2F200400021FEF763FE18B1FFE7F5F7F5
S3150800B74033FDFFE742F68030C2F200400021FEF7E3
S3150800B7500FFE18B1FFE7F5F727FDFFE742F6803041
S3150800B760C2F20040FEF7BCFB18B1FFE7F5F71CFD77
S3150800B770FFE702B080BD000080B582B042F6EC203B
S3150800B780C2F20040019041F20001C4F201010160D9
S3150800B79048F2A061C0F201014160002181604FF4C6
S3150800B7A00052C2604FF4806202610C2242618161DC
S3150800B7B0C16101624162022181624FF480310163F5
S3150800B7C0FFF7D6F918B1FFE7F5F7EEFCFFE742F603
S3150800B7D0EC20C2F200400021FEF712FE18B1FFE786
S3150800B7E0F5F7E2FCFFE742F6EC20C2F20040002142
S3150800B7F0FEF7BEFD18B1FFE7F5F7D6FCFFE742F600
S3150800B800EC20C2F20040FEF76BFB18B1FFE7F5F734
S3150800B810CBFCFFE702B080BDFFE7FEE700000000B3
S3150800B820FFE7FEE70000000088B007900691059242
S3150800B830079800F0070004900498C0F1070005284F
S3150800B84003D3FFE70420019004E00498C0F1070041
S3150800B8500190FFE70198039004980430062803D85E
S3150800B860FFE70020009003E0049803380090FFE704
S3150800B8700098029006980399012202FA01F101390B
S3150800B8800840029B984005999A40013A114008439E
S3150800B89008B0704700000000704700000000000074
S3150800B8A080B586B00490039100208DF8070044F215
S3150800B8B02840C5F60200006800F00300032804D1FA
S3150800B8C0FFE701208DF81700CBE044F20041C5F6EA
S3150800B8D00201086820F080600860FAF705FD02900A
S3150800B8E0FFE744F20040C5F60200006800F0006178
S3150800B8F00020B0EBD16F0CD0FFE7FAF7F5FC029900
S3150800B900401A032804D3FFE703208DF81700A8E0A0
S3150800B910E7E7FFE744F22841C5F60201086820F484
S3150800B9207C30049A126840EA023008600499486834
S3150800B930D1F808C0CB680A6901386FF35F204FF663
S3150800B9400061CFF6FF7101EB4C2189B20844002152
S3150800B950CFF6FF7101EB034101F4FE0108444FF0F5
S3150800B9607F4101EB026101F0FE41084444F238418F
S3150800B970C5F602010860FFE744F22C41C5F602014C
S3150800B9800091086820F0C000049A526910430860C4
S3150800B990086820F02000049A926910430860086835
S3150800B9A020F01000086044F23C42C5F60202106816
S3150800B9B04FF6F8739843049BDB6940EAC3001060AE
S3150800B9C0086840F010000860039848B9FFE744F299
S3150800B9D02C41C5F60201086840F40020086016E00C
S3150800B9E00398012809D1FFE744F22C41C5F6020164
S3150800B9F0086840F48010086008E044F22C41C5F657
S3150800BA000201086840F400100860FFE7FFE744F207
S3150800BA100041C5F60201086840F080600860FAF740
S3150800BA2063FC0290FFE744F20040C5F60200006896
S3150800BA3000F000610020B0EBD16F0CD1FFE7FAF7F8
S3150800BA4053FC0299401A032804D3FFE703208DF814
S3150800BA50170006E0E7E7FFE79DF807008DF81700EF
S3150800BA60FFE79DF8170006B080BD00000000000043
S3150800BA7080B586B00490039100208DF8070044F243
S3150800BA802840C5F60200006800F00300032804D128
S3150800BA90FFE701208DF81700CBE044F20041C5F618
S3150800BAA00201086820F080500860FAF71DFC029031
S3150800BAB0FFE744F20040C5F60200006800F00051B6
S3150800BAC00020B0EB517F0CD0FFE7FAF70DFC029986
S3150800BAD0401A032804D3FFE703208DF81700A8E0CF
S3150800BAE0E7E7FFE744F22841C5F60201086820F0B7
S3150800BAF07C70049A126840EA025008600499486803
S3150800BB00D1F808C0CB680A6901386FF35F204FF691
S3150800BB100061CFF6FF7101EB4C2189B20844002180
S3150800BB20CFF6FF7101EB034101F4FE0108444FF023
S3150800BB307F4101EB026101F0FE41084444F24041B5
S3150800BB40C5F602010860FFE744F22C41C5F602017A
S3150800BB500091086820F44060049A5269104308600E
S3150800BB60086820F40070049A92691043086008680F
S3150800BB7020F48070086044F24442C5F60202106858
S3150800BB804FF6F8739843049BDB6940EAC3001060DC
S3150800BB90086840F480700860039848B9FFE744F2E3
S3150800BBA02C41C5F60201086840F48000086016E0DA
S3150800BBB00398012809D1FFE744F22C41C5F6020192
S3150800BBC0086840F40000086008E044F22C41C5F615
S3150800BBD00201086840F080700860FFE7FFE744F25A
S3150800BBE00041C5F60201086840F080500860FAF77F
S3150800BBF07BFB0290FFE744F20040C5F602000068AE
S3150800BC0000F000510020B0EB517F0CD1FFE7FAF7A6
S3150800BC106BFB0299401A032804D3FFE703208DF82B
S3150800BC20170006E0E7E7FFE79DF807008DF817001D
S3150800BC30FFE79DF8170006B080BD00000000000071
S3150800BC40704700000000000080B582B000900098A0
S3150800BC500138B0F1807F03D3FFE70120019019E096
S3150800BC60009801384EF21401CEF2000108604FF038
S3150800BC70FF300F2106F004FE4EF21801CEF2000145
S3150800BC80002008604EF21002CEF200020721116071
S3150800BC900190FFE7019802B080BD00000000000097
S3150800BCA080B5FAF729FB80BD80B59EB00BA84C215C
S3150800BCB0F4F76DFC002001900A900990089007900F
S3150800BCC006900590049003900220FAF7E9FBFFE737
S3150800BCD00020029044F61800C5F60200016821F417
S3150800BCE040410160006800F4404002900298FFE776
S3150800BCF0FFE744F61800C5F60200006800F4005095
S3150800BD00B0F5005F01D0FFE7F3E701210B914FF48F
S3150800BD1080300C90022014901590169028221792C5
S3150800BD201891042119911A900C201B9000201C9040
S3150800BD301D900BA8FCF7ECFA18B1FFE7F5F734FAF3
S3150800BD40FFE73F2003900321049100200590082077
S3150800BD5006904020079008904FF4806209920A9056
S3150800BD6003A8FBF7ADFE18B1FFE7F5F71DFAFFE7E5
S3150800BD701EB080BD000000004EF68851CEF20001CC
S3150800BD80086840F47000086042F20000C5F200201E
S3150800BD90006800F00F0006280AD8FFE742F2000103
S3150800BDA0C5F200210868072262F303000860FFE76E
S3150800BDB044F20041C5F60201086840F00100086037
S3150800BDC044F21042C5F602020020106008684EF6DA
S3150800BDD07F52CEF6F6221040086042F20000C5F205
S3150800BDE00020006800F00F0008280AD3FFE742F297
S3150800BDF00001C5F200210868072262F30300086003
S3150800BE00FFE744F21841C5F602010020086044F233
S3150800BE101C41C5F60201086044F22041C5F602013C
S3150800BE20086044F22842C5F6020240F20021C0F238
S3150800BE300221116044F22C42C5F602020021C0F22A
S3150800BE40FF11116044F23042C5F6020240F2802129
S3150800BE50C0F20111116044F23442C5F602021060C4
S3150800BE6044F23842C5F60202116044F23C42C5F675
S3150800BE700202106044F24042C5F60202116044F222
S3150800BE804441C5F60201086044F20042C5F60202C2
S3150800BE90116821F48021116044F26041C5F602015F
S3150800BEA0086044F20001C5F2002143F2D20008609E
S3150800BEB0704700000000000080B542F65420C2F228
S3150800BEC00040FDF729FA80BD80B542F6A020C2F2EF
S3150800BED00040FDF721FA80BD83B0029001910298D7
S3150800BEE00068009002980021C4F20101884225D01A
S3150800BEF0FFE70298B0F1804F20D0FFE7029840F2A2
S3150800BF000041C4F20001884218D0FFE7029840F6C3
S3150800BF100001C4F20001884210D0FFE7029840F6FB
S3150800BF200041C4F20001884208D0FFE7029840F2B7
S3150800BF300041C4F2010188420AD1FFE7009820F0C7
S3150800BF407000009001984168009808430090FFE748
S3150800BF5002980021C4F2010188424DD0FFE70298F9
S3150800BF60B0F1804F48D0FFE7029840F20041C4F292
S3150800BF700001884240D0FFE7029840F60001C4F26B
S3150800BF800001884238D0FFE7029840F60041C4F223
S3150800BF900001884230D0FFE7029840F20041C4F21F
S3150800BFA00101884228D0FFE7029844F20001C4F252
S3150800BFB00101884220D0FFE7029844F20041C4F20A
S3150800BFC00101884218D0FFE7029844F60001C4F23E
S3150800BFD00101884210D0FFE702984EF20001C4F230
S3150800BFE00001884208D0FFE702984EF20041C4F2E9
S3150800BFF0000188420AD1FFE7009820F440700090BB
S3150800C0000198C168009808430090FFE7009820F05F
S3150800C01080000199496908430090009802990860D0
S3150800C020019880680299C862019800680299886236
S3150800C03002980021C4F20101884220D0FFE7029845
S3150800C04040F20041C4F20101884218D0FFE7029885
S3150800C05044F20001C4F20101884210D0FFE70298B9
S3150800C06044F20041C4F20101884208D0FFE7029871
S3150800C07044F60001C4F20101884205D1FFE70198A0
S3150800C080006902990863FFE702990120486102984E
S3150800C0900069C00730B1FFE70299086920F001007E
S3150800C0A00861FFE703B0704784B0039002910192DC
S3150800C0B0029800F01F01012088400090009A039919
S3150800C0C0086A904308620198029901F01F0100FA74
S3150800C0D001F20399086A1043086204B07047000029
S3150800C0E085B00490039102920193049880680090A9
S3150800C0F0009820F47F40009003980299019A41EA3B
S3150800C100022101430098084300900098049988602A
S3150800C11005B070470000000083B0029001910298B4
S3150800C1208068009000984FF68F71CFF6CF7108405F
S3150800C130009001980099084340F007000090009885
S3150800C1400299886003B0704785B0049003910498FB
S3150800C150006A01900499086A20F0010008620498B0
S3150800C1604068009004988069029002984FF68F7193
S3150800C170CFF6FE7108400290029820F00300029064
S3150800C18003980168029808430290019820F002007B
S3150800C190019003988168019808430190049800214A
S3150800C1A0C4F20101884220D0FFE7049840F200411A
S3150800C1B0C4F20101884218D0FFE7049844F200014E
S3150800C1C0C4F20101884210D0FFE7049844F2004106
S3150800C1D0C4F20101884208D0FFE7049844F600013A
S3150800C1E0C4F2010188420ED1FFE7019820F0080049
S3150800C1F001900398C168019808430190019820F0BE
S3150800C20004000190FFE704980021C4F20101884266
S3150800C21020D0FFE7049840F20041C4F201018842A9
S3150800C22018D0FFE7049844F20001C4F201018842DD
S3150800C23010D0FFE7049844F20041C4F20101884295
S3150800C24008D0FFE7049844F60001C4F201018842C9
S3150800C25013D1FFE7009820F480700090009820F42E
S3150800C260007000900398416900980843009003986D
S3150800C2708169009808430090FFE700980499486090
S3150800C280029804998861039840680499486301985C
S3150800C2900499086205B0704785B004900391049824
S3150800C2A0006A01900499086A20F010000862049850
S3150800C2B040680090049880690290029848F6FF71D9
S3150800C2C0CFF6FF6108400290029820F44070029071
S3150800C2D003980168029840EA01200290019820F02C
S3150800C2E02000019003988168019840EA01100190A6
S3150800C2F004980021C4F20101884229D0FFE7049876
S3150800C30040F20041C4F20101884221D0FFE70498B7
S3150800C31044F20001C4F20101884203D1FFE700207C
S3150800C320B0B9FFE7049844F20041C4F2010188421B
S3150800C33003D1FFE7002058B9FFE7049844F6000147
S3150800C340C4F20101884212D1FFE7012078B9FFE75C
S3150800C350019820F0800001900398C168019840EA8E
S3150800C36001100190019820F040000190FFE7049821
S3150800C3700021C4F20101884220D0FFE7049840F268
S3150800C3800041C4F20101884218D0FFE7049844F23C
S3150800C3900001C4F20101884210D0FFE7049844F274
S3150800C3A00041C4F20101884208D0FFE7049844F628
S3150800C3B00001C4F20101884215D1FFE7009820F474
S3150800C3C080600090009820F400600090039841690E
S3150800C3D0009840EA8100009003988169009840EA35
S3150800C3E081000090FFE70098049948600298049934
S3150800C3F088610398406804998863019804990862DB
S3150800C40005B070470000000085B0049003910498B9
S3150800C410006A01900499086A20F4807008620498FA
S3150800C420406800900498C069029002984FF68F7190
S3150800C430CFF6FE7108400290029820F003000290A1
S3150800C44003980168029808430290019820F4007046
S3150800C450019003988168019840EA012001900498A8
S3150800C4600021C4F20101884229D0FFE7049840F26E
S3150800C4700041C4F20101884221D0FFE7049844F242
S3150800C4800001C4F20101884203D1FFE70020B0B9D8
S3150800C490FFE7049844F20041C4F20101884203D13F
S3150800C4A0FFE7002058B9FFE7049844F60001C4F2F4
S3150800C4B00101884212D1FFE7012078B9FFE7019808
S3150800C4C020F4006001900398C168019840EA0120B1
S3150800C4D00190019820F480600190FFE704980021FC
S3150800C4E0C4F20101884220D0FFE7049840F20041D7
S3150800C4F0C4F20101884218D0FFE7049844F200010B
S3150800C500C4F20101884210D0FFE7049844F20041C2
S3150800C510C4F20101884208D0FFE7049844F60001F6
S3150800C520C4F20101884215D1FFE7009820F4805033
S3150800C5300090009820F400500090039841690098F4
S3150800C54040EA0110009003988169009840EA0110BA
S3150800C5500090FFE700980499486002980499C8611A
S3150800C560039840680499C86301980499086205B05D
S3150800C570704700000000000085B0049003910498FD
S3150800C580006A01900499086A20F4805008620498A9
S3150800C590406800900498C0690290029848F6FF71B6
S3150800C5A0CFF6FF6108400290029820F4407002908E
S3150800C5B003980168029840EA01200290019820F445
S3150800C5C00050019003988168019840EA0130019073
S3150800C5D004980021C4F20101884220D0FFE704989C
S3150800C5E040F20041C4F20101884218D0FFE70498DE
S3150800C5F044F20001C4F20101884210D0FFE7049812
S3150800C60044F20041C4F20101884208D0FFE70498C9
S3150800C61044F60001C4F2010188420BD1FFE70098F5
S3150800C62020F48040009003984169009840EA811000
S3150800C6300090FFE700980499486002980499C86139
S3150800C640039840680499086401980499086205B03B
S3150800C650704700000000000085B00490039104981C
S3150800C660006A01900499086A20F4803008620498E8
S3150800C670406800900498406D029002984FF68F71BA
S3150800C680CFF6FE71084002900398016802980843A5
S3150800C6900290019820F4003001900398816801986F
S3150800C6A040EA0140019004980021C4F20101884241
S3150800C6B020D0FFE7049840F20041C4F20101884205
S3150800C6C018D0FFE7049844F20001C4F20101884239
S3150800C6D010D0FFE7049844F20041C4F201018842F1
S3150800C6E008D0FFE7049844F60001C4F20101884225
S3150800C6F00BD1FFE7009820F4803000900398416939
S3150800C700009840EA01200090FFE7009804994860E5
S3150800C71002980499486503984068049988650198C1
S3150800C7200499086205B0704785B00490039104988F
S3150800C730006A01900499086A20F480100862049837
S3150800C740406800900498406D0290029848F6FF7180
S3150800C750CFF6FF610840029003980168029840EA04
S3150800C76001200290019820F4001001900398816836
S3150800C770019840EA0150019004980021C4F2010191
S3150800C780884220D0FFE7049840F20041C4F2010134
S3150800C790884218D0FFE7049844F20001C4F2010168
S3150800C7A0884210D0FFE7049844F20041C4F2010120
S3150800C7B0884208D0FFE7049844F60001C4F2010154
S3150800C7C088420BD1FFE7009820F480200090039858
S3150800C7D04169009840EA81200090FFE70098049993
S3150800C7E04860029804994865039840680499C865A2
S3150800C7F001980499086205B070470000000000001F
S3150800C80085B00490039102920498006A00900499F6
S3150800C810086A20F00100086204988069019001986E
S3150800C82020F0F00001900299019840EA0110019069
S3150800C830009820F00A000090039900980843009099
S3150800C84001980499886100980499086205B07047B0
S3150800C85085B00490039102920498006A00900499A6
S3150800C860086A20F01000086204988069019001980F
S3150800C87020F4704001900299019840EA0130019035
S3150800C880009820F0A00000900399009840EA011053
S3150800C890009001980499886100980499086205B087
S3150800C8A0704700000000000080B582B002F08CF8E6
S3150800C8B00420DFED280AB0EE600A02F055F842F2CD
S3150800C8C0DC70C2F200404EF26161C0F6000101F070
S3150800C8D027FA42F67C00C2F200404EF20171C0F619
S3150800C8E0000101F01DFA42F61440C2F200404EF271
S3150800C8F03951C0F60001402202F0D6F942F654201A
S3150800C900C2F2004000904EF2C971C0F6000102F072
S3150800C9109BF842F6A020C2F2004001904EF2D9518F
S3150800C920C0F6000102F090F841F24070C2F20040F1
S3150800C9309FED090A03F0D8FF0098FCF76DFB0198F4
S3150800C940FCF76AFB42F6A841C2F2004101200870D2
S3150800C95002B080BD000000008FC2F53C0000000058
S3150800C960704700000000000080B542F61440C2F28D
S3150800C9700040FDF799FD80BD82B001900198406E98
S3150800C98040B9FFE701990120A1F86A000199A1F8C9
S3150800C990680032E010208DF803008DF80200019837
S3150800C9A000688068C0F342608DF80100019800684D
S3150800C9B08068400F8DF800009DF802009DF8002061
S3150800C9C042F63423C0F60103995C484342F62C210B
S3150800C9D0C0F601018A5CB0FBF2F0019AA2F86A007F
S3150800C9E09DF803009DF801209B5C5843895CB0FBC9
S3150800C9F0F1F00199A1F86800FFE702B0704700005E
S3150800CA0081B00090009890F82800000700280BD500
S3150800CA10FFE700980068406820F40040009A116813
S3150800CA20926B10434860FFE7009890F82800C0070B
S3150800CA3058B1FFE700980068406820F40030009A73
S3150800CA401168D26A10434860FFE7009890F82800FA
S3150800CA50800700280BD5FFE700980068406820F497
S3150800CA608030009A1168126B10434860FFE70098FF
S3150800CA7090F82800400700280BD5FFE700980068C3
S3150800CA80406820F48020009A1168526B1043486071
S3150800CA90FFE7009890F82800C00600280BD5FFE7A6
S3150800CAA000980068806820F48050009A1168D26B5C
S3150800CAB010438860FFE7009890F828008006002851
S3150800CAC00BD5FFE700980068806820F40050009AAC
S3150800CAD01168126C10438860FFE7009890F82800E8
S3150800CAE0400600281CD5FFE700980068406820F437
S3150800CAF08010009A1168526C104348600098406C88
S3150800CB00B0F5801F0BD1FFE700980068406820F455
S3150800CB10C000009A1168926C10434860FFE7FFE76F
S3150800CB20009890F82800000600280BD5FFE7009823
S3150800CB300068406820F40020009A1168D26C1043FF
S3150800CB404860FFE701B0704780B588B0069006993F
S3150800CB500020C1F89000F9F7C7FB05900698006811
S3150800CB600068000700282FD5FFE70698059B6A4648
S3150800CB706FF07E4111604FF40011002200F0D8FFDB
S3150800CB8008B3FFE7FFE7FFE70698006850E8000FDD
S3150800CB9020F080000490FFE704990698026842E8AE
S3150800CBA000100028F0D1FFE7FFE706992020C1F81A
S3150800CBB08800FFE70699002081F88400FFE7032034
S3150800CBC08DF81F005FE0FFE70698006800684007D9
S3150800CBD0002842D5FFE70698059B6A466FF07E4116
S3150800CBE011604FF48001002200F0A2FFA0B3FFE716
S3150800CBF0FFE7FFE70698006850E8000F20F49070FA
S3150800CC000390FFE703990698026842E80010002897
S3150800CC10F0D1FFE7FFE7FFE7FFE70698006850E86F
S3150800CC20020F20F001000290FFE7029906980268B9
S3150800CC3042E802100028F0D1FFE7FFE70699202016
S3150800CC40C1F88C00FFE70699002081F88400FFE709
S3150800CC5003208DF81F0016E0FFE706992020C1F88B
S3150800CC6088000699C1F88C0006990020C8660699BE
S3150800CC700867FFE70699002081F88400FFE700208F
S3150800CC808DF81F00FFE79DF81F0008B080BD000063
S3150800CC9080B582B001900198806B009000990020C1
S3150800CCA0A1F85E000099A1F856000098FDF7F8FB78
S3150800CCB002B080BD0000000080B584B003900398E0
S3150800CCC0806B02900298D0F8880001900298D0F8FC
S3150800CCD08C000090029800688068000600280CD531
S3150800CCE0FFE70198212808D1FFE702990020A1F85B
S3150800CCF05600029800F02CF9FFE702980068806851
S3150800CD00400600280CD5FFE70098222808D1FFE73F
S3150800CD1002990020A1F85E00029800F0A5F8FFE746
S3150800CD200299D1F8900040F01000C1F890000298DE
S3150800CD30FDF7B6FB04B080BD80B586B005900598B2
S3150800CD40806B04900598C069B0F5807F5BD0FFE7DB
S3150800CD5004990020A1F85E00FFE7FFE70498006841
S3150800CD6050E8000F20F480700390FFE703990498B9
S3150800CD70026842E800100028F0D1FFE7FFE7FFE766
S3150800CD80FFE70498006850E8020F20F001000290BF
S3150800CD90FFE702990498026842E802100028F0D1D9
S3150800CDA0FFE7FFE7FFE7FFE70498006850E8020F90
S3150800CDB020F040000190FFE701990498026842E8D4
S3150800CDC002100028F0D1FFE7FFE704992020C1F8F8
S3150800CDD08C000498C06E012814D1FFE7FFE7FFE72F
S3150800CDE00498006850E8000F20F010000090FFE754
S3150800CDF000990498026842E800100028F0D1FFE77D
S3150800CE00FFE7FFE7FFE70499002008670498C06E6C
S3150800CE10012806D1FFE70498B0F85C10FDF7F8F88A
S3150800CE2003E00498FEF700F9FFE706B080BD0000AE
S3150800CE3080B582B001900198806B0090009901201E
S3150800CE4008670098C06E012807D1FFE70098B0F878
S3150800CE505C104908FDF7DCF803E00098FEF7E8F8EF
S3150800CE60FFE702B080BD000084B00390FFE7FFE74C
S3150800CE700398006850E8000F20F490700290FFE7CE
S3150800CE8002990398026842E800100028F0D1FFE7EB
S3150800CE90FFE7FFE7FFE70398006850E8020F4FF641
S3150800CEA0FE71CEF6FF7108400190FFE701990398DD
S3150800CEB0026842E802100028EDD1FFE7FFE7039871
S3150800CEC0C06E012814D1FFE7FFE7FFE70398006863
S3150800CED050E8000F20F010000090FFE70099039833
S3150800CEE0026842E800100028F0D1FFE7FFE7FFE7F5
S3150800CEF003992020C1F88C0003990020C86603997D
S3150800CF00486704B07047000080B582B00190FFE71B
S3150800CF10FFE70198006850E8000F20F040000090F5
S3150800CF20FFE700990198026842E800100028F0D14E
S3150800CF30FFE7FFE701992020C1F888000199002042
S3150800CF4088670198FEF778F802B080BD00000000F7
S3150800CF5083B00290FFE7FFE70298006850E8000FE9
S3150800CF6020F0C0000190FFE701990298026842E8A4
S3150800CF7000100028F0D1FFE7FFE7FFE7FFE7029878
S3150800CF80006850E8020F20F400000090FFE70099BF
S3150800CF900298026842E802100028F0D1FFE7FFE78E
S3150800CFA002992020C1F8880003B0704700000000ED
S3150800CFB080B59EB01D9000208DF867001D9800680A
S3150800CFC040F60041C5F60001884201D1FFE700E0BE
S3150800CFD0FFE71D9988680B694A69C96918431043B0
S3150800CFE008431C901D980068006846F6F311CCF6B5
S3150800CFF0FF7108401C9908431D99096808601D9827
S3150800D0000068406820F440501D9A1168D2681043A1
S3150800D01048601D9880691C901D98006840F600417C
S3150800D020C5F60001884206D0FFE71D98016A1C98DC
S3150800D03008431C90FFE71D98006880684FF2FF417F
S3150800D040C1F2FF1108401C9908431D9909688860B8
S3150800D0501D980068C06A20F00F001D9A1168526A70
S3150800D0601043C862FFE71D98006841F20001C4F248
S3150800D0700101884240F04180FFE744F25440C5F67A
S3150800D0800200006800F038000146109128282FD8C1
S3150800D0901099DFE801F0152D2D2D2D2D2D2D192D8B
S3150800D0A02D2D2D2D2D2D1D2D2D2D2D2D2D2D212DBE
S3150800D0B02D2D2D2D2D2D252D2D2D2D2D2D2D2900CB
S3150800D0C001208DF86D0017E004208DF86D0013E03F
S3150800D0D008208DF86D000FE010208DF86D000BE02C
S3150800D0E020208DF86D0007E040208DF86D0003E0E4
S3150800D0F080208DF86D00FFE76CE21D98006844F209
S3150800D1000041C4F2000188422ED1FFE744F25440A0
S3150800D110C5F60200006800F0070001460F910528D1
S3150800D1201DD80F99DFE801F003070B0F131700202E
S3150800D1308DF86D0017E004208DF86D0013E00820C7
S3150800D1408DF86D000FE010208DF86D000BE02020A3
S3150800D1508DF86D0007E040208DF86D0003E0802013
S3150800D1608DF86D00FFE734E21D98006844F600016B
S3150800D170C4F2000188422ED1FFE744F25440C5F6B6
S3150800D1800200006800F0070001460E9105281DD828
S3150800D1900E99DFE801F003070B0F131700208DF82F
S3150800D1A06D0017E004208DF86D0013E008208DF857
S3150800D1B06D000FE010208DF86D000BE020208DF833
S3150800D1C06D0007E040208DF86D0003E080208DF8A3
S3150800D1D06D00FFE7FCE11D98006844F60041C4F2C3
S3150800D1E0000188422ED1FFE744F25440C5F60200FA
S3150800D1F0006800F0070001460D9105281DD80D9915
S3150800D200DFE801F003070B0F131700208DF86D00F8
S3150800D21017E004208DF86D0013E008208DF86D00E6
S3150800D2200FE010208DF86D000BE020208DF86D00C2
S3150800D23007E040208DF86D0003E080208DF86D0032
S3150800D240FFE7C4E11D98006845F20001C4F2000139
S3150800D25088422ED1FFE744F25440C5F60200006822
S3150800D26000F0070001460C9105281DD80C99DFE847
S3150800D27001F003070B0F131700208DF86D0017E058
S3150800D28004208DF86D0013E008208DF86D000FE07E
S3150800D29010208DF86D000BE020208DF86D0007E05A
S3150800D2A040208DF86D0003E080208DF86D00FFE7C3
S3150800D2B08CE11D98006841F20041C4F201018842E0
S3150800D2C040F04180FFE744F25440C5F6020000688A
S3150800D2D000F0380001460B9128282FD80B99DFE873
S3150800D2E001F0152D2D2D2D2D2D2D192D2D2D2D2DF5
S3150800D2F02D2D1D2D2D2D2D2D2D2D212D2D2D2D2D6C
S3150800D3002D2D252D2D2D2D2D2D2D290001208DF886
S3150800D3106D0017E004208DF86D0013E008208DF8E5
S3150800D3206D000FE010208DF86D000BE020208DF8C1
S3150800D3306D0007E040208DF86D0003E080208DF831
S3150800D3406D00FFE741E11D98006847F60001C4F249
S3150800D350000188422ED1FFE744F25440C5F6020088
S3150800D360006800F0070001460A9105281DD80A99A9
S3150800D370DFE801F003070B0F131700208DF86D0087
S3150800D38017E004208DF86D0013E008208DF86D0075
S3150800D3900FE010208DF86D000BE020208DF86D0051
S3150800D3A007E040208DF86D0003E080208DF86D00C1
S3150800D3B0FFE709E11D98006847F60041C4F200013D
S3150800D3C088422ED1FFE744F25440C5F602000068B1
S3150800D3D000F007000146099105281DD80999DFE8DC
S3150800D3E001F003070B0F131700208DF86D0017E0E7
S3150800D3F004208DF86D0013E008208DF86D000FE00D
S3150800D40010208DF86D000BE020208DF86D0007E0E8
S3150800D41040208DF86D0003E080208DF86D00FFE751
S3150800D420D1E01D98006841F60001C4F20101884266
S3150800D43040F04180FFE744F25440C5F60200006818
S3150800D44000F038000146089128282FD80899DFE807
S3150800D45001F0152D2D2D2D2D2D2D192D2D2D2D2D83
S3150800D4602D2D1D2D2D2D2D2D2D2D212D2D2D2D2DFA
S3150800D4702D2D252D2D2D2D2D2D2D290001208DF815
S3150800D4806D0017E004208DF86D0013E008208DF874
S3150800D4906D000FE010208DF86D000BE020208DF850
S3150800D4A06D0007E040208DF86D0003E080208DF8C0
S3150800D4B06D00FFE786E01D98006841F60041C4F25A
S3150800D4C00101884240F04180FFE744F25440C5F626
S3150800D4D00200006800F038000146079128282FD876
S3150800D4E00799DFE801F0152D2D2D2D2D2D2D192D40
S3150800D4F02D2D2D2D2D2D1D2D2D2D2D2D2D2D212D6A
S3150800D5002D2D2D2D2D2D252D2D2D2D2D2D2D290076
S3150800D51001208DF86D0017E004208DF86D0013E0EA
S3150800D52008208DF86D000FE010208DF86D000BE0D7
S3150800D53020208DF86D0007E040208DF86D0003E08F
S3150800D54080208DF86D00FFE73BE01D98006840F6E7
S3150800D5500041C5F6000188422ED1FFE744F2584043
S3150800D560C5F60200006800F0070001460691052886
S3150800D5701DD80699DFE801F003070B0F13170220E1
S3150800D5808DF86D0017E004208DF86D0013E0082073
S3150800D5908DF86D000FE010208DF86D000BE020204F
S3150800D5A08DF86D0007E040208DF86D0003E08020BF
S3150800D5B08DF86D00FFE703E080208DF86D00FFE72A
S3150800D5C0FFE7FFE7FFE7FFE7FFE7FFE7FFE7FFE71D
S3150800D5D0FFE7FFE7FFE71D98006840F60041C5F63C
S3150800D5E00001884240F0B480FFE79DF86D000146CF
S3150800D5F00591022814D0FFE70598042814D0FFE700
S3150800D6000598082816D0FFE70598102818D0FFE7D0
S3150800D6100598202835D0FFE70598402837D03AE006
S3150800D620F8F792FF11903CE015A8F8F7A1FF1698B5
S3150800D630119036E012A8F9F7F3F81398119030E034
S3150800D64044F20040C5F60200006800F02001002000
S3150800D650B0EB511F0ED0FFE744F20040C5F60200BA
S3150800D6600068C0F3C10149F20000C0F2D030C840DA
S3150800D670119005E049F20000C0F2D0301190FFE7A2
S3150800D6800FE040F60010C0F23D00119009E04FF49B
S3150800D6900040119005E00020119001208DF86700E8
S3150800D6A0FFE71198002852D0FFE711981D994A6A9A
S3150800D6B042F63C21C0F6010131F81210B0FBF1F038
S3150800D6C0189018981D99496801EB4101884207D3BB
S3150800D6D0FFE718981D994968B0EB013F04D9FFE7A1
S3150800D6E001208DF8670031E011981D994A68039268
S3150800D6F04A6A42F63C21C0F6010131F8122000239D
S3150800D70004931946F2F754FE039A049B090241EA68
S3150800D7101061000210EB520041F10001F2F748FED9
S3150800D7201A901A98B0F5407F0BD3FFE71A99002094
S3150800D730B0EB115F05D1FFE71A981D990968C86013
S3150800D74003E001208DF86700FFE7FFE7FFE746E102
S3150800D7501D98C069B0F5004F40F0A880FFE79DF816
S3150800D7606D0001460291402800F263800299DFE8C5
S3150800D77001F021256060296060602F60606060604C
S3150800D78060603560606060606060606060606060B6
S3150800D7906060566060606060606060606060606085
S3150800D7A0606060606060606060606060606060606B
S3150800D7B060605C00FAF7FCFB119040E0FAF70CFC9D
S3150800D7C011903CE015A8F8F7D3FE1698119036E0AC
S3150800D7D012A8F9F725F81398119030E044F20040A2
S3150800D7E0C5F60200006800F020010020B0EB511FCA
S3150800D7F00ED0FFE744F20040C5F602000068C0F309
S3150800D800C10149F20000C0F2D030C840119005E0CD
S3150800D81049F20000C0F2D0301190FFE70FE040F661
S3150800D8200010C0F23D00119009E04FF4004011903D
S3150800D83005E00020119001208DF86700FFE7119898
S3150800D84098B3FFE711981D9A5168536A42F63C222D
S3150800D850C0F6010232F81320B0FBF2F0400000EBEC
S3150800D8605100B0FBF1F01A901A98102818D3FFE768
S3150800D870BDF86A00A0B9FFE71A9820F00F00ADF8C6
S3150800D8806E001A9800F00E01BDF86E0040EA5100CD
S3150800D890ADF86E00BDF86E001D990968C86003E012
S3150800D8A001208DF86700FFE7FFE797E09DF86D0018
S3150800D8B001460191402800F263800199DFE801F0F2
S3150800D8C021256060296060602F606060606060602C
S3150800D8D03560606060606060606060606060606065
S3150800D8E05660606060606060606060606060606034
S3150800D8F0606060606060606060606060606060601A
S3150800D9005C00FAF755FB119040E0FAF765FB1190B9
S3150800D9103CE015A8F8F72CFE1698119036E012A8E8
S3150800D920F8F77EFF1398119030E044F20040C5F6F0
S3150800D9300200006800F020010020B0EB511F0ED055
S3150800D940FFE744F20040C5F602000068C0F3C101D3
S3150800D95049F20000C0F2D030C840119005E049F203
S3150800D9600000C0F2D0301190FFE70FE040F600103B
S3150800D970C0F23D00119009E04FF40040119005E017
S3150800D9800020119001208DF86700FFE7119820B359
S3150800D990FFE711981D9A5168536A42F63C22C0F671
S3150800D9A0010232F81320B0FBF2F000EB5100B0FB95
S3150800D9B0F1F01A901A9810280AD3FFE7BDF86A0002
S3150800D9C030B9FFE7BDF868001D990968C86003E02B
S3150800D9D001208DF86700FFE7FFE7FFE7FFE71D99DE
S3150800D9E00120A1F86A001D99A1F868001D99002078
S3150800D9F048671D9988679DF867001EB080BD0000BE
S3150800DA0080B588B006900591ADF81220059806995C
S3150800DA108865BDF812000699A1F85C0006990020F1
S3150800DA20C1F8900006992220C1F88C000698D0F813
S3150800DA308000B0B3FFE70698D0F880104CF639504E
S3150800DA40C0F60000C8630698D0F880104CF631601E
S3150800DA50C0F6000008640698D0F880104CF6B94065
S3150800DA60C0F60000C8640698D0F880100020086543
S3150800DA7006980168826DD0F880002431BDF812300E
S3150800DA80F6F716FB60B1FFE706991020C1F890007B
S3150800DA9006992020C1F88C0001208DF81F0042E06D
S3150800DAA0FFE706980069A0B1FFE7FFE7FFE70698DA
S3150800DAB0006850E8000F40F480700390FFE7039970
S3150800DAC00698026842E800100028F0D1FFE7FFE751
S3150800DAD0FFE7FFE7FFE70698006850E8020F40F007
S3150800DAE001000290FFE702990698026842E80210D0
S3150800DAF00028F0D1FFE7FFE7FFE7FFE70698006891
S3150800DB0050E8020F40F040000190FFE7019906989F
S3150800DB10026842E802100028F0D1FFE7FFE700207C
S3150800DB208DF81F00FFE79DF81F0008B080BD0000B4
S3150800DB3080B586B0DDF820C0049003918DF80B20DF
S3150800DB400193FFE704980068C06903990840401AE2
S3150800DB50B0FA80F040099DF80B10884266D1FFE7BD
S3150800DB6008980130002860D0FFE7F8F7BDFB019957
S3150800DB70401A0899884203D8FFE7089820B9FFE7B2
S3150800DB8003208DF8170055E00498006800684007E0
S3150800DB90002849D5FFE70398802845D0FFE7039872
S3150800DBA0402841D0FFE704980068C06900F00801E2
S3150800DBB00120B0EBD10F16D1FFE7049801680820C1
S3150800DBC0009008620498FFF74FF900980499C1F885
S3150800DBD09000FFE70499002081F88400FFE7012000
S3150800DBE08DF8170026E004980068C06900F4006103
S3150800DBF00120B0EBD12F16D1FFE7049801684FF446
S3150800DC00006008620498FFF72FF904992020C1F8EC
S3150800DC109000FFE70499002081F88400FFE70320BD
S3150800DC208DF8170006E0FFE7FFE78BE700208DF881
S3150800DC301700FFE79DF8170006B080BD000000003A
S3150800DC4080B542F68030C2F20040FCF72DFC80BD5C
S3150800DC5080B542F6EC20C2F20040FCF725FC80BDF8
S3150800DC60FFE7FEE70000000080B504F04DFE80BD2A
S3150800DC7080B586B0FAF7C4F90590059808B9FFE7A4
S3150800DC804CE041F20400CEF20000006804900498CB
S3150800DC9041F22872C2F200421168401A0390DDF878
S3150800DCA00CC041F23071C2F2004100910B6848681D
S3150800DCB013EB0C0340F100000B60486004981060F9
S3150800DCC008684968059A00230193F2F771FB0099E1
S3150800DCD0019B40F22422C2F20042029210600868B8
S3150800DCE04968059A44F6D35CC1F2620CA2FB0CC2E1
S3150800DCF09209F2F75DFB0099019B029A5060086849
S3150800DD004968059A4DF6836CC4F21B3CA2FB0CC20B
S3150800DD10920CF2F74DFB02998860FFE706B080BDCA
S3150800DD2080B586B005900491059800684AF200010E
S3150800DD30C4F20001884216D1FFE7059840F2A8010F
S3150800DD40C2F20041086004984863059800230393CB
S3150800DD5019461A4600F054FD039B05980E211A46EB
S3150800DD6000F04EFD3FE0059800684AF20041C4F213
S3150800DD700001884216D1FFE7059840F20811C2F261
S3150800DD8000410860049848630598202100230293FF
S3150800DD901A4600F035FD029B05982E211A4600F01A
S3150800DDA02FFD1FE0059800684DF20041C4F20001FE
S3150800DDB0884216D1FFE7059840F26811C2F2004181
S3150800DDC008600498486305981021002301931A46B1
S3150800DDD000F016FD019B05981A211A4600F010FD61
S3150800DDE0FFE7FFE7FFE70598F7F712FF06B080BDE4
S3150800DDF080B582B08DF807009DF8072040F6000030
S3150800DE00C5F602004FF40041F8F756FA02B080BD95
S3150800DE1080B582B08DF807009DF8072040F600000F
S3150800DE20C5F602004FF40051F8F746FA02B080BD75
S3150800DE3080B582B08DF807009DF8072040F60000EF
S3150800DE40C5F602004FF48041F8F736FA02B080BDF5
S3150800DE5083B002908DED010ACDED000A029890ED8F
S3150800DE60000A9DED011AB4EE410AF1EE10FA04DA41
S3150800DE70FFE70198029908600FE0029890ED000A02
S3150800DE809DED001AB4EE410AF1EE10FA04DDFFE743
S3150800DE90009802990860FFE7FFE7029890ED000AEC
S3150800DEA003B070470000000080B58EB08446109815
S3150800DEB0CDF834C00C910B928DF82B308DF82A00D2
S3150800DEC00C9801909DF82B0018B9FFE700200290E6
S3150800DED009E09DF82B00012804D1FFE74FF08040A8
S3150800DEE00290FFE7FFE7002003909DF82A0001381B
S3150800DEF00146009107281ED80099DFE801F00407BB
S3150800DF000A0D101316190120049014E0022004903B
S3150800DF1011E0032004900EE0042004900BE0052095
S3150800DF20049008E00620049005E00720049002E02B
S3150800DF3008200490FFE700200590069007900890B7
S3150800DF4009900D980B9A01A9F6F7B6FC0EB080BD9C
S3150800DF5086B08DED050ACDED040A8DED031ACDEDDB
S3150800DF60021A8DED012ACDED002A9DED050A9DEDDB
S3150800DF70012A20EE021A9DED003A9DED040A20EED4
S3150800DF80030A20EE030AA1EE030A9DED031A21EE09
S3150800DF90021AA1EE020A9DED021A30EE010A06B037
S3150800DFA0704700000000000086B005908DF8131039
S3150800DFB08DF81220059842F2DC71C2F200418842BF
S3150800DFC040F0D980FFE79DF8130001380146029119
S3150800DFD00A2800F2CF800299DFE801F0060C131A2E
S3150800DFE02138516A839AB30040F29000C2F2004089
S3150800DFF00390BFE040F29000C2F200400230039066
S3150800E000B8E040F29000C2F2004004300390B1E05C
S3150800E01040F29000C2F2004006300390AAE09DF854
S3150800E020120030B9FFE740F28800C2F200400390C0
S3150800E0300BE09DF81200012806D1FFE740F28000A8
S3150800E040C2F200400390FFE7FFE793E09DF8120055
S3150800E05038B9FFE740F28800C2F200400230039068
S3150800E0600CE09DF81200012807D1FFE740F2800076
S3150800E070C2F2004002300390FFE7FFE77AE09DF81E
S3150800E080120038B9FFE740F28800C2F200400430B7
S3150800E09003900CE09DF81200012807D1FFE740F233
S3150800E0A08000C2F2004004300390FFE7FFE761E01A
S3150800E0B09DF8120038B9FFE740F28800C2F2004026
S3150800E0C0063003900CE09DF81200012807D1FFE7FF
S3150800E0D040F28000C2F2004006300390FFE7FFE7F7
S3150800E0E048E09DF8120030B9FFE740F2A000C2F2FE
S3150800E0F0004003900BE09DF81200012806D1FFE7C7
S3150800E10040F29800C2F200400390FFE7FFE731E0D3
S3150800E1109DF8120038B9FFE740F2A000C2F20040AD
S3150800E120023003900CE09DF81200012807D1FFE7A2
S3150800E13040F29800C2F2004002300390FFE7FFE782
S3150800E14018E09DF8120038B9FFE740F2A000C2F2C5
S3150800E1500040043003900CE09DF81200012807D116
S3150800E160FFE740F29800C2F2004004300390FFE750
S3150800E170FFE7FFE7C3E1059842F67C01C2F20041DA
S3150800E180884240F0D980FFE79DF813000138014620
S3150800E19001910A2800F2CF800199DFE801F0060C08
S3150800E1A0131A2138516A839AB30040F2F000C2F27A
S3150800E1B000400390BFE040F2F000C2F20040023097
S3150800E1C00390B8E040F2F000C2F200400430039039
S3150800E1D0B1E040F2F000C2F2004006300390AAE037
S3150800E1E09DF8120030B9FFE740F2E800C2F200409D
S3150800E1F003900BE09DF81200012806D1FFE740F2D4
S3150800E200E000C2F200400390FFE7FFE793E09DF8C5
S3150800E210120038B9FFE740F2E800C2F200400230C7
S3150800E22003900CE09DF81200012807D1FFE740F2A1
S3150800E230E000C2F2004002300390FFE7FFE77AE011
S3150800E2409DF8120038B9FFE740F2E800C2F2004034
S3150800E250043003900CE09DF81200012807D1FFE76F
S3150800E26040F2E000C2F2004004300390FFE7FFE707
S3150800E27061E09DF8120038B9FFE740F2E800C2F203
S3150800E2800040063003900CE09DF81200012807D1E3
S3150800E290FFE740F2E000C2F2004006300390FFE7D5
S3150800E2A0FFE748E09DF8120030B9FFE740F200109A
S3150800E2B0C2F2004003900BE09DF81200012806D137
S3150800E2C0FFE740F2F800C2F200400390FFE7FFE7DD
S3150800E2D031E09DF8120038B9FFE740F20010C2F2AB
S3150800E2E00040023003900CE09DF81200012807D187
S3150800E2F0FFE740F2F800C2F2004002300390FFE761
S3150800E300FFE718E09DF8120038B9FFE740F2001061
S3150800E310C2F20040043003900CE09DF81200012878
S3150800E32007D1FFE740F2F800C2F20040043003903C
S3150800E330FFE7FFE7FFE7E1E0059842F61C11C2F2A6
S3150800E3400041884240F0D980FFE79DF81300013864
S3150800E350014600910A2800F2CF800099DFE801F013
S3150800E360060C131A2138516A839AB30040F25010EA
S3150800E370C2F200400390BFE040F25010C2F20040E3
S3150800E38002300390B8E040F25010C2F20040043068
S3150800E3900390B1E040F25010C2F2004006300390FC
S3150800E3A0AAE09DF8120030B9FFE740F24810C2F221
S3150800E3B0004003900BE09DF81200012806D1FFE704
S3150800E3C040F24010C2F200400390FFE7FFE793E0F7
S3150800E3D09DF8120038B9FFE740F24810C2F2004033
S3150800E3E0023003900CE09DF81200012807D1FFE7E0
S3150800E3F040F24010C2F2004002300390FFE7FFE708
S3150800E4007AE09DF8120038B9FFE740F24810C2F2E8
S3150800E4100040043003900CE09DF81200012807D153
S3150800E420FFE740F24010C2F2004004300390FFE7D5
S3150800E430FFE761E09DF8120038B9FFE740F248109F
S3150800E440C2F20040063003900CE09DF81200012845
S3150800E45007D1FFE740F24010C2F2004006300390B1
S3150800E460FFE7FFE748E09DF8120030B9FFE740F202
S3150800E4706010C2F2004003900BE09DF812000128DC
S3150800E48006D1FFE740F25810C2F200400390FFE7BA
S3150800E490FFE731E09DF8120038B9FFE740F2601057
S3150800E4A0C2F20040023003900CE09DF812000128E9
S3150800E4B007D1FFE740F25810C2F20040023003903D
S3150800E4C0FFE7FFE718E09DF8120038B9FFE740F2CA
S3150800E4D06010C2F20040043003900CE09DF8120070
S3150800E4E0012807D1FFE740F25810C2F20040043075
S3150800E4F00390FFE7FFE7FFE7FFE7FFE7FFE703987C
S3150800E50006B070470000000081B08DED000A9DED51
S3150800E510000A9FED071A20EE010A42F6BC10C2F265
S3150800E52000400068BCEEC00A80ED0E0A01B07047D4
S3150800E53000007A440000000080B584B00390ADF86E
S3150800E5400A100399BDF80A2041F24070C2F2004051
S3150800E550019001F099FD019802F05AF904B080BDC6
S3150800E56087B006908DF81710069804909DF8170046
S3150800E5700B21484303900399012000EBD100029038
S3150800E580039800F0070001900498029A8118805AAF
S3150800E590897840EA0140009000980199C8406FF3D5
S3150800E5A0DF2007B07047000082B08DF807009DF89D
S3150800E5B007100120009051B1FFE79DF8070000F011
S3150800E5C00F000438B0FA80F040090090FFE7009881
S3150800E5D000F0010002B0704780B5FFF749FB42F230
S3150800E5E08051C2F2004108680130086042F6AA402C
S3150800E5F0C2F20040017801310170007864280DDB11
S3150800E600FFE741F24070C2F2004002F05DF942F6BF
S3150800E610AA41C2F2004100200870FFE741F24070AB
S3150800E620C2F2004002F0F4F880BD000000000000CD
S3150800E63081B08DED000A9DED000A9FED071A20EEC8
S3150800E640010A42F60820C2F200400068BCEEC00A81
S3150800E65080ED100A01B0704700FF7F4700000000F8
S3150800E66080B582B0019001980068A0F201200146A9
S3150800E6700091042841D80099DFE801F0030F1B2711
S3150800E6803300019800F1280141F24070C2F20040BF
S3150800E69000F5C67003F098FB30E0019800F12801F8
S3150800E6A041F24070C2F2004000F52C7003F08CFB7A
S3150800E6B024E0019800F1280141F24070C2F20040BE
S3150800E6C000F5757003F080FB18E0019800F1280149
S3150800E6D041F24070C2F2004000F59F6003F074FBFF
S3150800E6E00CE0019800F1280141F24070C2F20040A6
S3150800E6F000F5496003F010F900E0FFE702B080BDBD
S3150800E70080B582B0019001980068A0F20120014608
S3150800E7100091032834D80099DFE801F0020E1A2682
S3150800E720019800F1280141F24070C2F2004000F55C
S3150800E730EF6003F049FB23E0019800F1280141F25C
S3150800E7404070C2F2004000F69C0003F03DFB17E063
S3150800E750019800F1280141F24070C2F2004000F52C
S3150800E7601C6003F0D9F80BE0019800F1280141F28A
S3150800E7704070C2F2004000F6C82003F0CDF8FFE76B
S3150800E78002B080BD0000000086B00590049105988F
S3150800E790039003980178407840EA0120ADF80A0012
S3150800E7A0049868B1FFE705980190049800900198CD
S3150800E7B04078009908700198007800994870FFE73A
S3150800E7C0BDF80A0006B0704780B542F6A940C2F205
S3150800E7D0004001780131017000780A2809DBFFE75B
S3150800E7E042F6A941C2F200410020087000F07CF808
S3150800E7F0FFE741F24070C2F2004002F04DF880BDDA
S3150800E80080B58EB00D908DF833100B920A939DF853
S3150800E81033008007002803D4FFE7002002900AE0AF
S3150800E8209DF833008007002804D5FFE74FF08040A5
S3150800E8300290FFE7FFE79DF83300C0080390022027
S3150800E84004909DF833004007002803D4FFE7012011
S3150800E850059009E09DF833004007002803D5FFE737
S3150800E86002200590FFE7FFE70B9806900A980790A5
S3150800E8700D9802A9F6F790F89DF83300C00748B935
S3150800E880FFE70D98694600230B6002221146F6F74A
S3150800E8900FF90EE09DF83300C00748B1FFE70D9861
S3150800E8A0694601230B6002221146F6F701F9FFE7D4
S3150800E8B0FFE79DF833004007002806D4FFE70D98C8
S3150800E8C001210022F5F778FF0CE09DF83300400798
S3150800E8D0002806D5FFE70D9810210022F5F76CFFF2
S3150800E8E0FFE7FFE70EB080BD80B586B06946082011
S3150800E8F00590086042F2DC70C2F20040029040F2D5
S3150800E9009002C2F200424FF400710391002304936F
S3150800E910FFF7CAFA0599049B02986A46116040F205
S3150800E9208802C2F2004240F2FF11FFF7BDFA0399CE
S3150800E930049B05986A46106042F67C00C2F20040C5
S3150800E94040F2F002C2F20042FFF7AEFA06B080BD0E
S3150800E95080B582B08DED010A9DED010A04F002F83A
S3150800E96002B080BD0000000080B584B003908DED34
S3150800E970020ACDED010A039800F00100FFF748FAF4
S3150800E9800398C0F34000FFF753FA0398C0F38000DA
S3150800E990FFF72EFA42F60820C2F200400C21FAF7D9
S3150800E9A0ABFF42F6BC10C2F200400421FAF7A4FFFE
S3150800E9B09DED020AFFF73CFE9DED010AFFF7A4FD57
S3150800E9C004B080BD000000004EF6FC51CEF20001F6
S3150800E9D0086840F08070086041F20401CEF2000138
S3150800E9E00020086041F20003CEF200031A6842F0E4
S3150800E9F001021A60096841F22872C2F200421160E7
S3150800EA0041F23071C2F20041486008607047000068
S3150800EA1082B08DED010A9DED010AB5EE400AF1EED0
S3150800EA2010FA05DDFFE79DED010A8DED000A06E007
S3150800EA309DED010AB1EE400A8DED000AFFE79DED56
S3150800EA40000A02B07047000082B001900091019858
S3150800EA5000680021C4F20101884209D1FFE7019844
S3150800EA6040F26021C2F2004108600098486019E14E
S3150800EA7001980068B0F1804F09D1FFE7019840F28C
S3150800EA807821C2F2004108600098486009E10198BF
S3150800EA90006840F20041C4F20001884209D1FFE74C
S3150800EAA0019840F28021C2F200410860009848604F
S3150800EAB0F6E00198006840F60001C4F200018842B9
S3150800EAC009D1FFE7019840F28821C2F200410860A7
S3150800EAD000984860E3E00198006840F60041C4F2F7
S3150800EAE00001884209D1FFE7019840F29021C2F25D
S3150800EAF00041086000984860D0E00198006841F23B
S3150800EB000001C4F20001884209D1FFE7019840F2EA
S3150800EB109821C2F20041086000984860BDE001985B
S3150800EB20006841F20041C4F20001884209D1FFE7BA
S3150800EB30019840F2A021C2F200410860009848609E
S3150800EB40AAE00198006840F20041C4F20101884237
S3150800EB5009D1FFE7019840F2A821C2F200410860F6
S3150800EB600098486097E00198006841F60001C4F2F1
S3150800EB700001884209D1FFE7019840F23021C2F22C
S3150800EB80004108600098486084E00198006841F6F2
S3150800EB900041C4F20001884209D1FFE7019840F21A
S3150800EBA03821C2F2004108600098486071E0019877
S3150800EBB0006842F20001C4F20001884209D1FFE769
S3150800EBC0019840F24021C2F200410860009848606E
S3150800EBD05EE00198006844F20001C4F2010188422F
S3150800EBE009D1FFE7019840F24821C2F200410860C6
S3150800EBF0009848604BE00198006844F20041C4F26E
S3150800EC000101884209D1FFE7019840F25021C2F27A
S3150800EC10004108600098486038E00198006844F6AA
S3150800EC200001C4F20101884209D1FFE7019840F2C8
S3150800EC305821C2F2004108600098486025E0019812
S3150800EC4000684EF20001C4F20001884209D1FFE7CC
S3150800EC50019840F26821C2F20041086000984860B5
S3150800EC6012E0019800684EF20041C4F200018842A1
S3150800EC7009D1FFE7019840F27021C2F2004108600D
S3150800EC8000984860FFE7FFE7FFE7FFE7FFE7FFE7D2
S3150800EC90FFE7FFE7FFE7FFE7FFE7FFE7FFE7FFE736
S3150800ECA0FFE7FFE702B0704780B584B00390029192
S3150800ECB0ADF806200398006841F20001C4F201018C
S3150800ECC0884215D1FFE7039840F2BC41C2F20041E1
S3150800ECD008600298C1F80802BDF80600A1F8040207
S3150800ECE00398B1F8042201F58271FBF739F916E1A8
S3150800ECF00398006844F20041C4F20001884215D125
S3150800ED00FFE7039840F2C861C2F200410860029822
S3150800ED10C1F80802BDF80600A1F804020398B1F884
S3150800ED20042201F58271FBF71BF9F7E003980068E6
S3150800ED3044F60001C4F20001884215D1FFE70398A2
S3150800ED4040F6D401C2F2004108600298C1F80802F0
S3150800ED50BDF80600A1F804020398B1F8042201F5EB
S3150800ED608271FBF7FDF8D8E00398006844F6004185
S3150800ED70C4F20001884215D1FFE7039840F6E02166
S3150800ED80C2F2004108600298C1F80802BDF8060000
S3150800ED90A1F804020398B1F8042201F58271FBF781
S3150800EDA0DFF8B9E00398006845F20001C4F20001F3
S3150800EDB0884215D1FFE7039840F6EC41C2F20041BC
S3150800EDC008600298C1F80802BDF80600A1F8040216
S3150800EDD00398B1F8042201F58271FBF7C1F89AE0AD
S3150800EDE00398006841F20041C4F20101884215D136
S3150800EDF0FFE7039840F6F861C2F2004108600298FE
S3150800EE00C1F80802BDF80600A1F804020398B1F893
S3150800EE10042201F58271FBF7A3F87BE003980068EA
S3150800EE2047F60001C4F20001884215D1FFE70398AE
S3150800EE3041F20411C2F2004108600298C1F80802C2
S3150800EE40BDF80600A1F804020398B1F8042201F5FA
S3150800EE508271FBF785F85CE00398006847F6004185
S3150800EE60C4F20001884215D1FFE7039841F2103138
S3150800EE70C2F2004108600298C1F80802BDF806000F
S3150800EE80A1F804020398B1F8042201F58271FBF790
S3150800EE9067F83DE00398006841F60001C4F20101F5
S3150800EEA0884215D1FFE7039841F21C51C2F200418E
S3150800EEB008600298C1F80802BDF80600A1F8040225
S3150800EEC00398B1F8042201F58271FBF749F81EE0B0
S3150800EED00398006841F60041C4F20101884215D141
S3150800EEE0FFE7039840F2B021C2F200410860029899
S3150800EEF0C1F80802BDF80600A1F804020398B1F8A3
S3150800EF00042201F58271FBF72BF8FFE7FFE7FFE71D
S3150800EF10FFE7FFE7FFE7FFE7FFE7FFE7FFE704B0E5
S3150800EF2080BD00000000000080B582B00190019805
S3150800EF3000F04EFE0120B5EE400AF1EE10FA009000
S3150800EF4022D1FFE7019800F04BFE0120B5EE400AFA
S3150800EF50F1EE10FA009017D1FFE7019800F048FE8D
S3150800EF600120B5EE400AF1EE10FA00900CD1FFE749
S3150800EF70019800F045FE0020B5EE400AF1EE10FAC1
S3150800EF8018BF01200090FFE7009800F0010002B0CA
S3150800EF9080BD00000000000083B002908DED010ADC
S3150800EFA0CDED000A02990198C1F8C0050098C1F88C
S3150800EFB0C40503B07047000080B584B00390039879
S3150800EFC0019000F55A709FED070A8DED020A02F0CE
S3150800EFD097FC01989DED020A00F58E6002F090FC00
S3150800EFE004B080BD0000000081B0009000990120A7
S3150800EFF081F8780501B0704782B001908DED000A5E
S3150800F000019A009902F5B960C2F8C8159DED000A83
S3150800F010B1EE400A80ED010A02B070470000000018
S3150800F02080B586B005900598009000F5907002901E
S3150800F0300321019102F0BCFE0098019900F51170B8
S3150800F040039002F0B5FE02989FED060A8DED040ABC
S3150800F05002F0A2FE03989DED040A02F09DFE06B09A
S3150800F06080BD00BF0000000081B00090009800F24B
S3150800F0707C5090ED000A01B07047000000000000C7
S3150800F08080B584B003900398019000218DF80B1089
S3150800F09000F5B06090ED000AFFF7BAFC019800F29F
S3150800F0A09C5090ED001AB4EE410AF1EE10FA16DC07
S3150800F0B0FFE7019800F2845090ED000AFFF7A8FCDC
S3150800F0C0019800F29C5090ED001AB4EE410AF1EE58
S3150800F0D010FA04DCFFE701208DF80B00FFE79DF826
S3150800F0E00B0000F0010004B080BD00000000000025
S3150800F0F080B584B003900398029000F5907002F0F2
S3150800F100D3FDFFF785FC9FED361AB4EE410AF1EE02
S3150800F11010FA22DCFFE7029800F5907002F034FE40
S3150800F120FFF776FCB2EE031AB4EE410AF1EE10FAD6
S3150800F13013DBFFE7029800F5B06090ED000A9FED3B
S3150800F140291AB4EE410AF1EE10FA05DDFFE7029935
S3150800F150012081F8A605FFE7FFE7029800F5117080
S3150800F16002F0A2FDFFF754FC9FED1D1AB4EE410A0A
S3150800F170F1EE10FA22DCFFE7029800F5117002F0B2
S3150800F18003FEFFF745FCB2EE031AB4EE410AF1EEB0
S3150800F19010FA13DBFFE7029800F2845090ED000A9C
S3150800F1A09FED101AB4EE410AF1EE10FA05DDFFE7FD
S3150800F1B00299012081F8A705FFE7FFE7029890F872
S3150800F1C0A6150120C907019029B9FFE7029890F80A
S3150800F1D0A7050190FFE7019800F0010004B080BD83
S3150800F1E0CDCC4C3ECDCC4C3D80B586B0059005982F
S3150800F1F0039000F5907002F04FFD0398B0EE401AA8
S3150800F20000F2E451019191ED002A00F5B8610291EE
S3150800F21091ED000A91EE020A00F5B061049181EDC4
S3150800F220000A00F5117002F037FD019B029A039857
S3150800F2300499B0EE401A93ED002A92ED010A91EE78
S3150800F240020A81ED010A803091ED000A03F004FA02
S3150800F25003980499D03091ED010A03F0FDF906B040
S3150800F26080BD00000000000081B00090009800F505
S3150800F270B06090ED000A01B0704700000000000081
S3150800F28081B00090009800F2845090ED000A01B019
S3150800F290704700000000000081B00090009901202E
S3150800F2A081F8790501B0704780B584B0039003985A
S3150800F2B0019000218DF80B1000F5B06191ED000A60
S3150800F2C000F5B16090ED001A30EE410AFFF7A0FB99
S3150800F2D0019800F29C5090ED001AB4EE410AF1EE46
S3150800F2E010FA3BDCFFE7019800F2845191ED000A21
S3150800F2F000F28C5090ED001A30EE410AFFF788FBB9
S3150800F300019800F29C5090ED001AB4EE410AF1EE15
S3150800F31010FA23DCFFE7019800F5907002F0C4FCB0
S3150800F320B7EEC00A9FED101BB4EE410BF1EE10FAD2
S3150800F33013DCFFE7019800F5117002F0B5FCB7EE93
S3150800F340C00A9FED091BB4EE410BF1EE10FA04DC7E
S3150800F350FFE701208DF80B00FFE7FFE79DF80B009C
S3150800F36000F0010004B080BD9A9999999999A93F2E
S3150800F37081B000900099002081F8790501B07047A6
S3150800F38080B584B003900398029000F5B06090EDC4
S3150800F390000AFFF73DFB029800F5B46090ED001AED
S3150800F3A0B4EE410AF1EE10FA17DBFFE7029800F512
S3150800F3B0907002F079FCFFF72BFB029800F5B76016
S3150800F3C090ED001AB4EE410AF1EE10FA05DCFFE7FB
S3150800F3D00299012081F8A405FFE7029800F28450FB
S3150800F3E090ED000AFFF714FB029800F5B46090ED63
S3150800F3F0001AB4EE410AF1EE10FA17DBFFE702989D
S3150800F40000F5117002F050FCFFF702FB029800F2BB
S3150800F410BC5090ED001AB4EE410AF1EE10FA05DC84
S3150800F420FFE70299012081F8A505FFE7029890F801
S3150800F430A4150020C907019029B1FFE7029890F8A2
S3150800F440A5050190FFE7019800F0010004B080BD12
S3150800F45080B584B003900398019000218DF80B10B5
S3150800F46000F5B06191ED000A00F5B26090ED001A62
S3150800F47030EE410AFFF7CCFA019800F29C5090ED65
S3150800F480001AB4EE410AF1EE10FA3BDCFFE70198E8
S3150800F49000F2845191ED000A00F2945090ED001AA2
S3150800F4A030EE410AFFF7B4FA019800F29C5090ED4D
S3150800F4B0001AB4EE410AF1EE10FA23DCFFE70198D0
S3150800F4C000F5907002F0F0FBB7EEC00A9FED101B36
S3150800F4D0B4EE410BF1EE10FA13DCFFE7019800F5E4
S3150800F4E0117002F0E1FBB7EEC00A9FED091BB4EEFE
S3150800F4F0410BF1EE10FA04DCFFE701208DF80B0052
S3150800F500FFE7FFE79DF80B0000F0010004B080BD9F
S3150800F5109A9999999999A93F80B58CB00B908DEDD8
S3150800F5200A0ACDED090A0B9806909DED0A0A00F520
S3150800F530B06090ED001A30EE410AFFF769FA0698B6
S3150800F54000F5B36090ED001AB4EE410AF1EE10FA38
S3150800F55005DAFFE79DED0A0A8DED050A07E006982C
S3150800F56000F5B36090ED000A8DED050AFFE70698F1
S3150800F5709DED050A8DED080A9DED090A00F28450F5
S3150800F58090ED001A30EE410AFFF742FA069800F5A8
S3150800F590B36090ED001AB4EE410AF1EE10FA05DAFE
S3150800F5A0FFE79DED090A8DED040A07E0069800F5C8
S3150800F5B0B36090ED000A8DED040AFFE706989DED0D
S3150800F5C0040A8DED070A803000909DED080A02F0C6
S3150800F5D08FFE0698D03002909DED070A02F088FE4D
S3150800F5E0009802F09DFE029802F09AFE009806998D
S3150800F5F001F59071019103F027F8019802F0CCFB10
S3150800F6000699029801F51171039103F01DF8039804
S3150800F61002F0C2FB0CB080BD80B584B0039003989D
S3150800F6200290FFF7E1FD0298043001F0ADF9029867
S3150800F63000F5907002F0E4FB029800F5117002F0F4
S3150800F640DFFB029800F55A7002F076F9029800F589
S3150800F6508E6002F071F90298FFF74AFD014602989A
S3150800F66080F87A1590F87A05C00788B1FFE70298FE
S3150800F67000F590709FED070A8DED010A02F08CFBEC
S3150800F68002989DED010A00F5117002F085FBFFE76F
S3150800F69004B080BD0000000080B582B001900198DA
S3150800F6A00090FFF725FD009800F5907002F0E0FB4A
S3150800F6B0009800F5117002F0DBFB009800F55A700F
S3150800F6C002F066F9009800F58E6002F061F902B062
S3150800F6D080BD00000000000080B588B0079007983C
S3150800F6E00490803002909FED140A8DED010A02F015
S3150800F6F0FFFD9DED010A0498D030059002F0F8FD53
S3150800F700029802F00DFE059802F00AFE0298049986
S3150800F71001F59071039102F097FF039802F03CFB04
S3150800F7200499059801F51171069102F08DFF069866
S3150800F73002F032FB08B080BD0000000000000000A7
S3150800F74080B598B017901798149000F590700A90A5
S3150800F7506A4600211691116042F67C01C2F2004108
S3150800F76004910122032305939FED820A8DED020A77
S3150800F770F3EE040ACDED030A02F0AEFB9DED020A94
S3150800F780DDED030A0499059B1498169A00F5117085
S3150800F7900B90EC46CCF80020022202F09DFB04995F
S3150800F7A0059B149800F55A709FED730A8DED060AAD
S3150800F7B0F2EE040ACDED070A1A4602F015F9049985
S3150800F7C0059B9DED060ADDED070A149800F58E6087
S3150800F7D00422159202F008F91498169900F5B870E3
S3150800F7E0B1EE080A8DED080ADFED640ACDED090AC7
S3150800F7F09FED633A8DED123A9FED625A8DED135ADD
S3150800F800B0EE451AF0EE451AB0EE452AF0EE452A56
S3150800F810F0EE453AB0EE454AF0EE454A02F0D8FE1B
S3150800F8209DED080ADDED090A9DED123A9DED135A84
S3150800F8301498169900F52570B0EE451AF0EE451A9B
S3150800F840B0EE452AF0EE452AF0EE453AB0EE454AC6
S3150800F850F0EE454A02F0BCFE0A989FED4B0A8DED84
S3150800F8600C0A02F0C1FA0B989DED0C0A02F0BCFADC
S3150800F8709DED123A9DED135A1498169980309FED16
S3150800F880430A8DED0D0ADFED420ACDED0E0A9FED16
S3150800F890411A8DED0F1AF0EE082ACDED102AF0EE7A
S3150800F8A0451AB0EE452AF0EE453AB0EE454AF0EE76
S3150800F8B0454A02F08DFE9DED0D0ADDED0E0A9DED21
S3150800F8C00F1ADDED102A9DED123A9DED135A149884
S3150800F8D01699D030F0EE451AB0EE452AF0EE453AC4
S3150800F8E0B0EE454AF0EE454A02F072FE9DED123A38
S3150800F8F09DED135A1498169900F56E70B0EE000A2D
S3150800F9008DED110AF0EE450AB0EE451AF0EE451AED
S3150800F910B0EE452AF0EE452AF0EE453AB0EE454AF5
S3150800F920F0EE454A02F054FE9DED110A9DED123A9D
S3150800F9309DED135A1498169900F59860F0EE450A4D
S3150800F940B0EE451AF0EE451AB0EE452AF0EE452A15
S3150800F950F0EE453AB0EE454AF0EE454A02F038FE7A
S3150800F960149B1599169A181D9B6702F089FC18B006
S3150800F97080BD00BF2CA0994100001042CDCCCC3DE3
S3150800F9806F12833A000000009A99193F000070C26E
S3150800F990295C8F3D0AD7A33C80B584B003900399B0
S3150800F9A0019101F55A7001F5B961029191ED000ACC
S3150800F9B001F0A6FF0198029900F58E6091ED010A03
S3150800F9C001F09EFF04B080BD80B588B00790079807
S3150800F9D0019000F5907003900521029102F0E8F974
S3150800F9E00198029900F51170069002F0E1F9039862
S3150800F9F040F20001C2F20041049191ED000A40F282
S3150800FA007801C2F20041059191ED001A30EE010A23
S3150800FA1002F0E2FA049A0599069892ED000A91ED29
S3150800FA20011A30EE010A02F0D7FA08B080BD0000CC
S3150800FA3080B584B003900398019000F590709FED0F
S3150800FA40070A8DED020A02F0A7F901989DED020A50
S3150800FA5000F5117002F0A0F904B080BD00000000A6
S3150800FA6080B584B00390039801900021029101703B
S3150800FA70043001F099F80198803002F0F9FD0198F8
S3150800FA80D03002F0F5FD019800F5907002F0B0FA5A
S3150800FA90019800F5117002F0ABFA019800F55A705A
S3150800FAA002F01AF8019800F58E6002F015F8019830
S3150800FAB0029980F8781580F8791580F87A15002269
S3150800FAC0C4F24832C0F87C25C0F88015C0F8841501
S3150800FAD045F62942CBF68F62C0F88825C0F88C25F2
S3150800FAE048F65C72CBF6C262C0F89025C0F8942539
S3150800FAF04CF6CD42C3F6CC62C0F898254CF28F225C
S3150800FB00C3F6F542C0F89C25C0F8A02580F8A415D0
S3150800FB1080F8A51580F8A61580F8A7150022CCF25E
S3150800FB202002C0F8A825C0F8AC250022C4F2A0021D
S3150800FB30C0F8B025C0F8B4254FF07E52C0F8B825F5
S3150800FB40C0F8BC25C0F8C015C0F8C415C0F8C8155B
S3150800FB50C0F8CC1500F5BA6244F25E31C3F6F97105
S3150800FB60C0F8D01543F24C71C3F68951C0F8D415C4
S3150800FB7000F5BB6C0021C4F2C011C0F8D815FF21EE
S3150800FB8080F8DC1500F5BC6341F26F21C3F603412A
S3150800FB90C0F8E01500F2E45190F9DCE500EE10EA51
S3150800FBA0B8EEC00A9CED001A20EE010A93ED001A81
S3150800FBB020EE010A92ED001A9FED042A21EE021AA0
S3150800FBC080EE010A81ED000A04B080BDDB0FC94052
S3150800FBD081B00090009890ED120A01B070470000BD
S3150800FBE081B00090009890ED130A01B070470000AC
S3150800FBF081B00090009890ED100A01B0704700009F
S3150800FC0081B00090009890ED110A01B0704700008D
S3150800FC1081B00090009890F85C0001B07047000031
S3150800FC2081B00090009890F85D0001B07047000020
S3150800FC3081B00090009890F85E0001B0704700000F
S3150800FC4081B00090009890F85F0001B070470000FE
S3150800FC5084B0039002910192039800900298008C58
S3150800FC600199098C884248D1FFE70298408C01998E
S3150800FC70498C884241D1FFE70298C08C0199C98C0A
S3150800FC8088423AD1FFE70298808C0199898C88428C
S3150800FC9033D1FFE70298008D0199098D88422CD14E
S3150800FCA0FFE70298408D0199498D884225D1FFE7E3
S3150800FCB0009890F8DD1090F8E10088421DD1FFE722
S3150800FCC0009890F8DE1090F8E200884215D1FFE718
S3150800FCD0009890F8DF1090F8E30088420DD1FFE70E
S3150800FCE0009890F8E01090F8E400884205D1FFE704
S3150800FCF00099002081F8E60004E00099012081F8C7
S3150800FD00E600FFE704B0704781B00090009890F8CD
S3150800FD10E50001B07047000080B588B006900591EF
S3150800FD20ADF8122006980090BDF81200182804D8DD
S3150800FD30FFE700208DF81F003FE04FF0FF300390EB
S3150800FD400020ADF80A00FFE7BDF80A001930BDF833
S3150800FD50121088421CD8FFE70598BDF80A10084417
S3150800FD600190019800780F2801D0FFE70AE0019872
S3150800FD70007EFEF719FC08B9FFE703E0BDF80A00A4
S3150800FD800390FFE7BDF80A000130ADF80A00DBE78B
S3150800FD900398B0F1FF3F04DCFFE700208DF81F0051
S3150800FDA00BE000980C300599039A11441922F0F7D4
S3150800FDB077FB01208DF81F00FFE79DF81F0008B0AC
S3150800FDC080BD00000000000080B586B0059005984B
S3150800FDD0039000208DF81300FFE79DF813000F2805
S3150800FDE014D8FFE703980C309DF81310FEF7B8FBFC
S3150800FDF003999DF8132001EB4201A1F86000FFE783
S3150800FE009DF8130001308DF81300E6E7039890F883
S3150800FE10231000F14002029280F8841090F88410B2
S3150800FE2001F00101002918BF40F2FF71A0F8801007
S3150800FE3090F8841001F00201002918BF40F2FF7102
S3150800FE40A0F8821090F88410C1F3800180F885101C
S3150800FE5090F88410C1F3C00180F88610012102F0E1
S3150800FE602FFC01460398B7EE000A8DED010A02F051
S3150800FE705BFC039880ED100A022102F021FC9DED3F
S3150800FE80010A0146039802F04FFC039880ED110A17
S3150800FE90042102F015FC9DED010A0146039802F0C3
S3150800FEA043FC039880ED120A032102F009FC9DED3C
S3150800FEB0010A0146039802F037FC039880ED130AFD
S3150800FEC0052102F0FDFB9DED010A0146039802F0AB
S3150800FED02BFC039880ED140A062102F0F1FB9DED38
S3150800FEE0010A0146039802F01FFC039880ED150AE3
S3150800FEF0016D8165072102F0E3FB0146039890F83E
S3150800FF00E12002F039FC0146039880F8DD1008214B
S3150800FF1002F0D6FB0146039890F8E22002F02CFC8A
S3150800FF200146039880F8DE10092102F0C9FB014654
S3150800FF30039890F8E32002F053FC0146039880F8F2
S3150800FF40DF100A2102F0BCFB0146039890F8E42072
S3150800FF5002F012FC0146039880F8E01090F8DD10D4
S3150800FF60013918BF062180F85C1090F8DE100139B7
S3150800FF7018BF062180F85D1000F15E0190F8DF20B9
S3150800FF8090F8E33000F0F8F80398029A90F8E01039
S3150800FF90013918BF062180F85F1000F18801FFF7C4
S3150800FFA057FE06B080BD000080B584B00390039864
S3150800FFB001900021029180F824100162C1618161DB
S3150800FFC041610161C16080F83D10C0F83910C0F880
S3150800FFD03510C0F83110C0F82D10C0F82910C0F837
S3150800FFE02510403048210091F0F7D1FA0099019880
S3150800FFF08830F0F7CCFA01990298012281F8DD20C1
S3150801000081F8DE2081F8DF2081F8E02081F8E120FF
S3150801001081F8E22081F8E32081F8E42081F85C0088
S3150801002081F85D0081F85E0081F85F0081F8A4001F
S3150801003081F8A50081F8A60081F8A70081F8DC00FF
S3150801004004B080BD0000000080B582B0019001981F
S31508010050009040304821F0F79AFA0099012081F87A
S31508010060DD0081F8DE0081F8DF0081F8E00000207C
S3150801007081F85C0081F85D0081F85E0081F85F0017
S3150801008081F8E60002B080BD80B584B00390029184
S31508010090ADF80620039800900299BDF80620FFF7EF
S315080100A03BFE38B9FFE70099B1F8DA000130A1F84B
S315080100B0DA005FE00098FFF787FE009890F8850060
S315080100C0C00730B9FFE7009890F88600C00748B323
S315080100D0FFE70098012180F8DC10002180F8E5107F
S315080100E0FFF7B2FF009800F10C0125301922F0F74D
S315080100F0D7F9009800F1400188304822F0F715FA3F
S31508010100009991F8DD0081F8E10091F8DE0081F8A7
S31508010110E20091F8DF0081F8E30091F8E00081F848
S31508010120E40027E00098002180F8DC10D0F8D01010
S315080101300131C0F8D01000F10C0125301922F0F771
S31508010140AFF9009800F1400188304822F0F7EDF93F
S31508010150009991F8DD0081F8E10091F8DE0081F857
S31508010160E20091F8DF0081F8E30091F8E00081F8F8
S31508010170E400FFE704B080BD87B0069005918DF8CD
S3150801018013208DF812309DF81200014603910128BB
S3150801019008D0FFE70398022820D0FFE70398032831
S315080101A038D038E09DF8130001460291012808D09D
S315080101B0FFE70298022808D0FFE70298032808D02B
S315080101C00BE005990020087007E0059904200870DE
S315080101D003E0059901200870FFE739E09DF813004F
S315080101E001460191012808D0FFE70198022808D0A5
S315080101F0FFE70198032808D00BE00599022008704B
S3150801020007E005990620087003E00599052008709E
S31508010210FFE71DE0FFE79DF813000146009101285D
S3150801022008D0FFE70098022808D0FFE700980328BE
S3150801023008D008E005990220087008E0059904200D
S31508010240087004E0FFE7059903200870FFE7FFE758
S3150801025007B070470000000082B001900198009035
S3150801026090F8DC00C00728B1FFE70099002081F863
S31508010270E50017E00099D1F8D000D1F8D4108842EA
S315080102800AD1FFE70099002081F8E500B1F8D80006
S315080102900130A1F8D80004E00099012081F8E500B1
S315080102A0FFE7FFE70099D1F8D000C1F8D40002B002
S315080102B0704700000000000080B584B003900291E9
S315080102C0039801900298006841F20001C4F2010105
S315080102D0884207D1FFE7019940F2BC40C2F20040CB
S315080102E0086054E00298006844F20041C4F2000133
S315080102F0884207D1FFE7019940F2C860C2F200407F
S31508010300086043E00298006844F60001C4F200015F
S31508010310884207D1FFE7019940F6D400C2F20040AE
S31508010320086032E00298006844F60041C4F2000110
S31508010330884207D1FFE7019940F6E020C2F2004062
S31508010340086021E00298006845F20001C4F2000144
S31508010350884207D1FFE7019940F6EC40C2F2004016
S31508010360086010E00298006841F20041C4F20101F8
S31508010370884207D1FFE7019940F6F860C2F20040CA
S315080103800860FFE7FFE7FFE7FFE7FFE7FFE70198F9
S315080103900021C4F2784141604CF20001C4F24C419B
S315080103A08160FFF701FE04B080BD00000000000077
S315080103B081B0009000980021016048F20002C4F261
S315080103C0BB4242600022C4F2FA328260C0F8D01001
S315080103D0C0F8D410A0F8D810A0F8DA1080F8DC100C
S315080103E0012280F8DD2080F8DE2080F8DF2080F801
S315080103F0E02080F8E12080F8E22080F8E32080F808
S31508010400E42080F8E51080F8E61001B07047000096
S3150801041085B002AA009202460098049280ED010A6C
S31508010420C0ED000A8DF8071004990398086102982F
S3150801043048619DF80700087105B070470000000083
S3150801044081B0009000980021016001718160C1604E
S3150801045001614161816101B070470000000000003F
S3150801046080B584B0039003990191086889880122AF
S315080104700292F5F721FF01990298887104B080BDAF
S3150801048080B582B001900199009108688988002297
S31508010490F5F712FF00990220887102B080BD0000AD
S315080104A080B584B003900291ADF8062003980299AD
S315080104B00160BDF806108180FFF7E2FF04B080BD38
S315080104C081B0009000980021817101B07047000049
S315080104D080B59AB019901998109000F0A5F910985E
S315080104E000211891179190F8390E012840F083815F
S315080104F0FFE7109890F8380E002840F07C81FFE756
S315080105001098002113911291FFF76AFBFEF780FA02
S31508010510109800F63C6090ED001AB4EE410AF1EE2F
S3150801052010FA06DDFFE71098FFF75AFB8DED0F0A63
S3150801053004E09FEDB50A8DED0F0AFFE710989DEDD2
S315080105400F0A8DED160AFFF743FBFEF761FA1098BD
S3150801055000F63C6090ED001AB4EE410AF1EE10FA8D
S315080105600CDDFFE71098FFF733FBB0EE401A9FED5D
S31508010570A70A30EE410A8DED0E0A04E09FEDA20AA4
S315080105808DED0E0AFFE710989DED0E0A8DED150A01
S31508010590FFF72EFBFEF73CFA109800F63C6090ED4B
S315080105A0001AB4EE410AF1EE10FA0CDDFFE71098D5
S315080105B0FFF71EFBB0EE401A9FED940A30EE410A92
S315080105C08DED0D0A04E09FED900A8DED0D0AFFE70A
S315080105D09DED0D0A8DED140A9DED160A8DED050AA0
S315080105E09DED150A20EE000AB0EE001A8DED071AE8
S315080105F080EE011AB7EE000A8DED080A30EE410ABF
S31508010600FEF7A6F91098B0EE401A9DED050A20EE00
S31508010610010A8DED060A00F59C700A9000F064FD4A
S315080106209DED061A9DED072AB0EE403A9DED080AA2
S3150801063021EE031A8DED131A9DED151A8DED091A82
S315080106409DED161A21EE011A81EE021A30EE410AC3
S31508010650FEF77EF90A98B0EE401A9DED090A20EEDA
S31508010660010A8DED0B0A00F04BFD0A98B0EE401A0F
S315080106709DED0B0A20EE010A8DED120A9DED140A75
S315080106808DED0C0A00F078FC1098B0EE401A9DED3D
S315080106900C0A20EE010A41F23C71C2F2004181EDD9
S315080106A0000A91ED001A41F23871C2F2004191ED4A
S315080106B0000A30EE010A81ED000AFFF7A9FA0628B9
S315080106C007D1FFE7109800F59C70002100F054FD52
S315080106D020E01098FFF79CFAD8B9FFE7109800F5C3
S315080106E09C700490012100F047FD04989DED130AC2
S315080106F000F02AFD04989DED120A00F031FD0498D8
S3150801070041F23C71C2F2004191ED000A00F0E0FCB1
S31508010710FFE7FFE79DED160A8DED010A9DED150A26
S3150801072020EE000AB8EE001A80EE010AB7EE001AAA
S3150801073030EE010AFEF70CF91098B0EE401A9DED5D
S31508010740010A20EE010A8DED030A00F5CB6002903D
S31508010750FEF78AFC0298B0EE401A9DED030A20EED8
S31508010760010A8DED110A9DED110AFEF745FC109857
S31508010770FFF766FAA0B9FFE71098FFF739FAB7EE5F
S31508010780C00A9FED1F1BB4EE410BF1EE10FA06DD10
S31508010790FFE7109800F5CB60FEF726FCFFE7FFE7B9
S315080107A01098FFF745FA30B9FFE7109800F5CB60C6
S315080107B0FEF772FD05E0109800F5CB60FEF7D8FD4F
S315080107C0FFE71098FFF73CFA062813D1FFE71098C0
S315080107D0FFF70EFAB7EEC00A9FED091BB4EE410BFF
S315080107E0F1EE10FA05DDFFE71099012081F81C0EDC
S315080107F0FFE7FFE7FFE71AB080BD00BF00BF00BFF4
S31508010800666666666666EE3F0000000000000080C8
S3150801081080B582B001900198009000F005F8009823
S31508010820FFF756FE02B080BD80B582B001900198EF
S31508010830009000F019F80098FFF7F2F906280BD195
S31508010840FFE70098FFF760FA012805D1FFE700994D
S31508010850012081F8390E04E00099002081F8390E4B
S31508010860FFE702B080BD000080B582B00190019813
S315080108700090FEF759FB28B1FFE70099002081F89F
S31508010880380E04E00099022081F8380EFFE702B01D
S3150801089080BD00000000000080B582B0019001987B
S315080108A0009000F59C70012100F0BEFD009800F54E
S315080108B0CB60FEF7B1FE009800F5446000F068FAD7
S315080108C002B080BD0000000080B582B00190019899
S315080108D00090FFF7C1FC009800F5CB60FEF7DCFE3F
S315080108E002B080BD0000000080B584B003908DED94
S315080108F0020A0398019042F61441C2F20041FFF739
S31508010900DBFC019800F59C70F1EE000AB2EE001AC4
S31508010910B0EE600A00F098FD019800F5CB60FEF78D
S315080109200FFF019800F5446000F066FA01990298F4
S31508010930C1F83C0E04B080BD80B582B00190019823
S315080109400090FFF735FD0098E83001F091FE009818
S3150801095000F59C7000F088FE009800F5CB60FFF763
S315080109607FF8009800F5446000F0D2FA0098022159
S3150801097080F8381E002180F8391E012180F83A1EB8
S3150801098002B080BD0000000080B586B005900598CC
S31508010990039090F8711000EBC10251680131516062
S315080109A090F8710001460491042800F2F480049934
S315080109B0DFE801F0037C4CACD1000398406FFEF7E9
S315080109C0DFFC28B9FFE70398406FFEF7FDFF3CE01F
S315080109D00398406FFEF7D4FCB0B3FFE70398406F66
S315080109E0FEF71EFB0398406F90F87805C00750B3D1
S315080109F0FFE70398406F0190FEF736FC03988DEDEB
S31508010A00020A406FFEF73CFC0198F0EE400A9DEDA4
S31508010A10020AFEF7C1FA039890F8711000EBC102B9
S31508010A2000215160406F90F87905C00728B1FFE7AA
S31508010A300398022101F008FC04E00398012101F062
S31508010A4003FCFFE7FFE7FFE7FFE7A4E00398406F32
S31508010A50FEF7FEFC58B9FFE70398406F00F5B2614F
S31508010A6091ED000AD1ED010AFEF756FD1DE0039846
S31508010A70406FFEF7EDFCB8B1FFE70398406FFEF74C
S31508010A80D7FF0398406F90F87805C00758B1FFE77C
S31508010A90039890F8711000EBC102002151600321FF
S31508010AA001F0D2FBFFE7FFE7FFE774E00398406F29
S31508010AB0FEF7FAFB58B9FFE70398406F00F5B161F5
S31508010AC091ED000AD1ED010AFEF726FD1DE0039816
S31508010AD0406FFEF7E9FBB8B1FFE70398406FFEF7F1
S31508010AE0A7FF0398406F90F87805C00758B1FFE74C
S31508010AF0039890F8711000EBC1020021516003219F
S31508010B0001F0A2FBFFE7FFE7FFE744E00398406F28
S31508010B10FEF742FF0398406F90F87805C007C8B101
S31508010B20FFE7039890F8711000EBC1004068B0F533
S31508010B30FA6F0FD9FFE70398406FFEF73DFA03985E
S31508010B4090F8711000EBC10200215160042101F0F7
S31508010B507BFBFFE71FE00398406FFEF791FA28B980
S31508010B60FFE70398406FFEF7B7FD13E00398406F60
S31508010B70FEF786FA68B1FFE70398406F90F87805A3
S31508010B80C00728B1FFE70398012101F05DFBFFE7E4
S31508010B90FFE7FFE7FFE70398416F002081F8780533
S31508010BA006B080BD0000000080B582B001900198B2
S31508010BB0009001F095FB0098002180F8781002B0AA
S31508010BC080BD00000000000080B582B00190019848
S31508010BD050309FED030A00F093FE02B080BD00BFBE
S31508010BE0000000000000000081B00090009890F815
S31508010BF0DC0100F0010001B07047000000000000B0
S31508010C0080B584B003900398019000218DF80B10EC
S31508010C1090ED7A0A90ED7B1A30EE410AFDF7F8FE5F
S31508010C209FED0F1AB4EE410AF1EE10FA12DAFFE758
S31508010C300198503000F0F8FDFDF7EAFE9FED091A1C
S31508010C40B4EE410AF1EE10FA04DAFFE701208DF855
S31508010C500B00FFE79DF80B0000F0010004B080BD12
S31508010C60CDCCCC3ECDCC4C3D80B584B00390039819
S31508010C700290503001909FED060A00F041FE01985E
S31508010C8000F0CAFD029880ED790A04B080BD00BF64
S31508010C90000000000000000080B584B003900398AE
S31508010CA0019000218DF80B1090ED7A0A90ED7C1ACF
S31508010CB030EE410AFDF7ACFE9FED0F1AB4EE410A7C
S31508010CC0F1EE10FA12DAFFE70198503000F0ACFDA8
S31508010CD0FDF79EFE9FED091AB4EE410AF1EE10FAF0
S31508010CE004DAFFE701208DF80B00FFE79DF80B00FA
S31508010CF000F0010004B080BDCDCC4C3ECDCC4C3DBE
S31508010D0080B582B0019001980090503000F084FDC2
S31508010D10009890ED781A90ED792A30EE420A20EE85
S31508010D20010A9FED061A80EE010A80ED7A0A90ED16
S31508010D307A0A01F091FC02B080BD00BFDB0FC94001
S31508010D4082B00190019890F8DD01B0FA80F040096F
S31508010D508DF803009DF8030000F0010002B070470A
S31508010D6080B584B003900398019090ED7B0A01F059
S31508010D70BFFA019801F0D4FA019800F150010291E5
S31508010D8001F062FC029800F0BBFD04B080BD0000D2
S31508010D9080B582B00190019800900020C5F6020046
S31508010DA00121F5F771FA0146009880F8DD11FFF780
S31508010DB0A7FF009800F5B07001F066F90098503069
S31508010DC000F0BAFD02B080BD80B584B003900398E7
S31508010DD0019090ED7C0A01F08BFA019801F0A0FAD6
S31508010DE0019800F15001029101F02EFC029800F0E1
S31508010DF087FD04B080BD000080B588B007900798CC
S31508010E000590503042F2DC71C2F2004105220323FB
S31508010E109FED2D0AF2EE040ACDED000A00F0E4FD7D
S31508010E200598B2EE080ADFED290ACDED010A9FED14
S31508010E30283A8DED023ADFED274ACDED034AB7EEA2
S31508010E40005A8DED045A00210691B0EE641AF0EEAF
S31508010E50641AB0EE452AF0EE642AF0EE643AB0EE72
S31508010E60644A01F0B5FB9DED000A9DED012A9DED51
S31508010E70023ADDED034A9DED045A05980699A0301C
S31508010E80F1EE082AF0EE420AB0EE431AF0EE641AC1
S31508010E90F0EE643AB0EE644A01F09AFB059800F563
S31508010EA0AC7040F60001C5F602014FF40052FFF797
S31508010EB0F7FA0599069A01F5B070C1F8D41104211B
S31508010EC001F0DEF908B080BD000010420AD7233CC4
S31508010ED06F12833A0000000080B582B00190019933
S31508010EE001F1500091ED7D0A00F00AFD02B080BDC6
S31508010EF080B582B00190019850309FED030A00F049
S31508010F00FFFC02B080BD00BF000000000000000029
S31508010F1080B582B001900198009001F0A9FB009874
S31508010F20503000F0D9FD009800F5AC70FFF7C8FA0B
S31508010F30009800F5B07001F077F90098002180F863
S31508010F40DD114CF6CD42C3F6CC62C0F8E021C0F8FB
S31508010F50E411C0F8E8114FF04041C0F8EC11002146
S31508010F60CCF26011C0F8F0110021C4F2A011C0F84A
S31508010F70F41102B080BD000081B00090009800F223
S31508010F80EC4090ED000A01B0704700000000000037
S31508010F9082B001908DED000A01990098C1F81C05EF
S31508010FA002B070470000000080B58CB00B900B981A
S31508010FB00190002002900A900990089007900690E7
S31508010FC0059004900390FFE70398032814DCFFE7D4
S31508010FD0019A03984FF4927100FB0120543000F0F6
S31508010FE063FE039904A800EB810080ED000AFFE780
S31508010FF0039801300390E7E701989DED040A9DEDFA
S31508011000053A9DED062A9DED071A30EE430A30EEA4
S31508011010420A30EE010A9FED2C2A20EE020A9FEDC4
S315080110202B1A20EE010A8DED0A0A9DED040A9DEDA3
S31508011030055A9DED064A9DED073A30EE050A30EE52
S31508011040440A30EE430A20EE020A20EE010A8DED2B
S31508011050090A9DED040A9DED053A9DED062A9DEDC9
S31508011060071A30EE030A30EE020A30EE010AB7EE2D
S31508011070C00ABCEE001B20EE010B9FED0F1B20EEF4
S31508011080010B9FED0F1B80EE010BB7EEC00B8DED2B
S31508011090080A9DED0A0A00F03FF801989DED090A34
S315080110A000F046F801989DED080AFFF771FF0CB0AC
S315080110B080BD00BF00BF00BF000000A045B6C33F0A
S315080110C000000060B81ED13FF404353E2DB21D3E26
S315080110D082B001908DED000A01990098C1F81005BA
S315080110E002B070470000000081B00090009800F23D
S315080110F0E44090ED000A01B07047000000000000CE
S3150801110081B00090009800F59D6090ED000A01B04D
S31508011110704700000000000082B001908DED000AC2
S3150801112001990098C1F8140502B070470000000043
S3150801113082B001908DED000A01990098C1F8180551
S3150801114002B070470000000082B001908DED000AE0
S3150801115001990098C1F8080502B07047000000001F
S3150801116082B001908DED000A01990098C1F80C052D
S3150801117002B070470000000082B001908DF803109C
S3150801118001999DF8030081F8040502B07047000033
S3150801119080B592B011901198049090F80405014613
S315080111A0059120B1FFE7059801282ED018E1002006
S315080111B01090FFE71098032826DCFFE7049800F152
S315080111C05402019210984FF49271029100FB01208A
S315080111D0032100F0EDFD019A0299109800FB012008
S315080111E09FED8F0A8DED030A01F08EF8019A029997
S315080111F09DED030A109800FB012000F0CDFDFFE7E5
S31508011200109801301090D5E7EAE000200F90FFE72B
S315080112100F9803280FDCFFE7049A0F984FF4927191
S3150801122000FB01205430032100F0C2FDFFE70F98AF
S3150801123001300F90ECE7049800F2E44090ED000AC3
S31508011240B5EE400AF1EE10FA0CD0FFE7049901F564
S31508011250A16001F2E441D1ED000AB1EE600AFCF7A2
S31508011260F7FDFFE7049800F59D6090ED000AB5EEDD
S31508011270400AF1EE10FA0CD0FFE7049901F20C507E
S3150801128001F59D61D1ED000AB1EE600AFCF7E0FDBA
S31508011290FFE7049800F2EC4090ED000AB5EE400A2B
S315080112A0F1EE10FA0CD0FFE7049901F5A26001F2FC
S315080112B0EC41D1ED000AB1EE600AFCF7C9FDFFE782
S315080112C0049800F5A16393ED000A00F20C5292ED21
S315080112D0001A30EE010AB7EEC01A00F5A26191EDC7
S315080112E0000A9FED4D3A20EE030AB7EEC00A9FEDBC
S315080112F0482B91EE020BB7EEC00B8DED0E0A93ED5E
S31508011300000A92ED001A30EE410AB7EEC01A91EDC5
S31508011310000A20EE030AB7EEC00A91EE420BB7EEB9
S31508011320C00B8DED0D0A93ED001A92ED000A30EE11
S31508011330010AB7EEC01A91ED000A20EE030AB7EECC
S31508011340C00A91EE420BB7EEC00B8DED0C0A93ED78
S31508011350001A92ED000A30EE410AB7EEC01A91ED75
S31508011360000A20EE030AB7EEC00A91EE420BB7EE69
S31508011370C00B8DED0B0A9DED0E0A9FED281A20EE86
S31508011380010A8DED0A0A9DED0D0A20EE010A8DED81
S31508011390090A9DED0C0A20EE010A8DED080A9DED5C
S315080113A00B0A20EE010A8DED070A54309DED0A0A53
S315080113B000F0F2FC049800F5BC709DED090A00F0F6
S315080113C0EBFC049800F527709DED080A00F0E4FC93
S315080113D0049800F570709DED070A00F0DDFCFFE743
S315080113E000200690FFE7069803280EDCFFE7049A1B
S315080113F006984FF4927100FB0120543000F000FD6D
S31508011400FFE7069801300690EDE712B080BD00BFF0
S31508011410000000809EA0E63FC3F5883ECECA4F4134
S31508011420000000000000000080B584B003908DF82C
S315080114300B1003980190FFF7B7FD0198FFF7A8FE77
S3150801144004B080BD0000000080B598B017908DEDFE
S31508011450160ACDED150A8DED141A179804901699EA
S31508011460C0F8E4141599C0F8E8141499C0F8EC14F6
S315080114709FED730A8DED020ADFED720ACDED030ABF
S3150801148000210E91FEF7C4FF9DED020ADDED030A68
S3150801149004980E991C30FEF7BBFF04980E99383054
S315080114A0DFED690AB0EE600AFEF7B2FF04980E99FD
S315080114B000F154020B92A430B1EE080A8DED050A2B
S315080114C09FED621A8DED061A9FED612A8DED072AA9
S315080114D0DFED602ACDED082A9FED5F3A8DED093AD9
S315080114E09FED5E5A8DED0A5AF0EE450AF0EE451A61
S315080114F0F0EE453AB0EE454AF0EE454A01F068F895
S3150801150004989DED050A9DED061A9DED072ADDED68
S31508011510082A9DED093A9DED0A5A0E9900F5BC7205
S315080115200C9200F5E470F0EE450AF0EE451AF0EE7D
S31508011530453AB0EE454AF0EE454A01F049F80498B5
S315080115409DED050A9DED061A9DED072ADDED082A92
S315080115509DED093A9DED0A5A0E9900F527720D92ED
S3150801156000F53B70F0EE450AF0EE451AF0EE453A05
S31508011570B0EE454AF0EE454A01F02AF804989DED89
S31508011580050A9DED061A9DED072ADDED082A9DED52
S31508011590093A9DED0A5A0E9900F570720F9200F5F7
S315080115A08260F0EE450AF0EE451AF0EE453AB0EEE5
S315080115B0454AF0EE454A01F00BF80B980E996A4632
S315080115C0116042F2DC71C2F200411091012203233B
S315080115D011939FED230A8DED120AF3EE040ACDED60
S315080115E0130A00F079FC0C980E9A1099119B9DED3F
S315080115F0120ADDED130AEC46CCF80020022200F0AF
S315080116006BFC0D980E9A1099119B9DED120ADDED52
S31508011610130AEC46CCF800201A4600F05DFC0E9A37
S315080116200F981099119B9DED120ADDED130AEC46F0
S31508011630CCF80020042200F04FFC18B080BD00BF92
S31508011640A69BC43BA69B443C0AD7233C8FC2F53CC8
S315080116500000484200007A446F12833A00000000F5
S315080116602CA099410000000080B586B0049004982A
S3150801167001900590FEF7E4FE01981C30FEF7E0FEA6
S3150801168001983830FEF7DCFE019901F1540001F2A8
S31508011690E44102910390FFE70398009000F0A8FC4B
S315080116A00098029A00F59271084691420390F3D187
S315080116B0FFE701994FF08D40C1F8F004002081F849
S315080116C00405C1F80805C1F80C05C1F81005C1F8EB
S315080116D01405C1F81805C1F81C05059806B080BDA2
S315080116E080B586B0059005980190D0F8A0002C30F9
S315080116F00290029804A9FDF747F8029802300DF105
S315080117000E01FDF741F80298043003A9FDF73CF8EC
S315080117100199BDF81000D1F8E420801AADF812003D
S31508011720BDF91200B1F8B4104A42C1EBD271B0EB5F
S31508011730610F07DAFFE70199D1F8EC000130C1F82A
S31508011740EC0010E00199BDF91200B1F8B410B0EB44
S31508011750510F07DDFFE70199D1F8EC000138C1F80F
S31508011760EC00FFE7FFE70199D1F8EC00B1F8B420E6
S31508011770BDF8103000FB0230C1F8E80091ED2B1AD4
S3150801178091ED3A0AB8EEC00AB1F8B40002EE100AB1
S31508011790B8EE422A80EE020A30EE000A9FED1A2AB6
S315080117A020EE020A80EE010A81ED340ABDF90E0027
S315080117B000EE100AB8EEC00A9FED141A20EE010ACF
S315080117C091ED2B1A80EE010A81ED350ABDF90C005F
S315080117D000EE100AB8EEC00A91ED2E1A80EE010A43
S315080117E081ED360A0298807900EE100AB8EEC00A31
S315080117F09FED071A30EE010A81ED370ABDF8100090
S31508011800C1F8E40006B080BDDB0F49405077D63DEC
S31508011810339388430000000081B00090009890ED52
S31508011820340A01B07047000081B00090009890ED2D
S31508011830350A01B07047000080B586B00590059855
S31508011840039090F8F00001460491012808D0FFE7BB
S315080118500498032805D0FFE7049804281DD045E01D
S3150801186049E0039901F15000029091ED3E0A91ED8C
S31508011870401A30EE010A00F03BFD0298039991EDFA
S31508011880350A00F0E9FE029800F04AFD029800F0D8
S31508011890DBFE039880ED3F0A2DE0039890ED3D0AA3
S315080118A000F026FD039800F03BFD039800F0CCFEFE
S315080118B0039981ED3E0A01F15000019091ED3E0A2E
S315080118C091ED401A30EE010A00F012FD01980399D4
S315080118D091ED350A00F0C0FE019800F021FD01984E
S315080118E000F0B2FE039880ED3F0A04E00399002058
S315080118F0C1F8FC00FFE706B080BD0000000000004B
S3150801190082B001908DED000A01990098C1F8F8009E
S3150801191002B070470000000080B582B001900091C6
S315080119200198D0F8C0100131C0F8C010FFF7D8FEF1
S3150801193002B080BD0000000080B584B00390039812
S315080119400190FFF779FF019890ED3F0A90ED411A52
S3150801195030EE010A8DED020AD0ED2C0AB1EE600ACD
S3150801196002A8FCF775FA01989DED020A90ED2E1A68
S3150801197020EE010A80ED320A00F096F8019900205E
S31508011980C1F80401C1F8000104B080BD00000000DF
S3150801199080B584B0039003990291D1F8C000D1F8BB
S315080119A0C410884211D1FFE70298002180F8CC10B3
S315080119B09FED0C0A8DED010A00F0A6FC02989DED3B
S315080119C0010A503000F0A0FC04E00299012081F8D8
S315080119D0CC00FFE70299D1F8C000C1F8C40004B0F1
S315080119E080BD00BF0000000080B586B00590049157
S315080119F08DF80F208DF80E308DED020ACDED010A16
S31508011A0005980090049800684AF20001C4F20001A2
S31508011A10884208D1FFE7009940F2A800C2F20040C7
S31508011A20C1F8A00023E0049800684AF20041C4F214
S31508011A300001884208D1FFE7009940F20810C2F276
S31508011A400040C1F8A00011E0049800684DF2004179
S31508011A50C4F20001884208D1FFE7009940F26810F4
S31508011A60C2F20040C1F8A000FFE7FFE7FFE70099CF
S31508011A709DF80F0081F8A4009DF80E0081F8F0008A
S31508011A800298C1F8AC000198C1F8B00004989DF815
S31508011A900F100022FCF788FA0099C1F8A80006B0D1
S31508011AA080BD00000000000081B00090009991ED12
S31508011AB0320ABDEEC00A10EE100A000AD1F8A820B3
S31508011AC0107091ED320ABDEEC00A10EE100AD1F877
S31508011AD0A810487001B0704780B582B0019001988E
S31508011AE0009000F0C5FD0098503000F0C1FD009847
S31508011AF04FF40051A0F8B4100021C4F27A41C0F89D
S31508011B00B8100021C4F22011C0F8BC100021C0F899
S31508011B10C010C0F8C410C0F8C81080F8CC10042250
S31508011B2080F8F020C0F8F410C0F8F810C0F8FC10DE
S31508011B30C0F80011C0F8041102B080BD0000000011
S31508011B4080B586B0059005980190D0F8A0002C3094
S31508011B500290029804A9FCF717FE029802300DF1CB
S31508011B600E01FCF711FE0298043003A9FCF70CFEDE
S31508011B700199BDF81000D1F8F820801AADF81200C5
S31508011B80BDF91200B1F8C8104A42C1EBD271B0EBE7
S31508011B90610F07DAFFE70199D1F800010130C1F8B1
S31508011BA0000110E00199BDF91200B1F8C810B0EBB7
S31508011BB0510F07DDFFE70199D1F800010138C1F896
S31508011BC00001FFE7FFE70198D0F80011B0F8C82037
S31508011BD0BDF8103001FB0231C0F8FC1090ED2B1A4C
S31508011BE090ED3F0AB8EEC00AB0F8C81002EE101A16
S31508011BF0B8EE422A80EE020A30EE000A9FED232A49
S31508011C0020EE020A80EE010A80ED390ABDF90E10AE
S31508011C1000EE101AB8EEC00A9FED1D1A20EE010A51
S31508011C2090ED2B1A80EE010A80ED3A0ABDF90C10E7
S31508011C3000EE101AB8EEC00A90ED331A80EE010ACA
S31508011C4080ED3B0A0299897900EE101AB8EEC00AAE
S31508011C509FED101A30EE010A80ED3C0A90ED2E0A2E
S31508011C60D0ED2F0A90ED301AD0ED311A90ED3B2ABE
S31508011C70D0ED3A2AFCF76CF9019981ED3D0ABDF8D8
S31508011C801000C1F8F80006B080BD00BFDB0F49405F
S31508011C905077D63D3393884381B00090009890EDF4
S31508011CA0390A01B07047000081B00090009890EDA4
S31508011CB03A0A01B07047000080B586B005900598CC
S31508011CC0039090F8080101460491012808D0FFE71E
S31508011CD00498032805D0FFE7049804281DD04AE094
S31508011CE04EE0039901F15000029091ED440A91EDFD
S31508011CF0461A30EE010A00F0FBFA0298039991EDB3
S31508011D003A0A00F0A9FC029800F00AFB029800F0D2
S31508011D109BFC039880ED450A32E0039890ED430A4F
S31508011D2000F0E6FA039890ED390A00F095FC03985D
S31508011D3000F0F6FA039800F087FC039981ED440A4E
S31508011D4001F15000019091ED440A91ED461A30EEE9
S31508011D50010A00F0CDFA0198039991ED3A0A00F0CB
S31508011D607BFC019800F0DCFA019800F06DFC039801
S31508011D7080ED450A04E003990020C1F81401FFE744
S31508011D8006B080BD0000000081B00090009890ED7B
S31508011D903B0A01B07047000082B001908DED000A40
S31508011DA001990098C1F8100102B0704700000000BF
S31508011DB082B001908DF8031001999DF8030081F80E
S31508011DC0080102B07047000080B582B00190009109
S31508011DD00198D0F8D4100131C0F8D410FFF7B0FE3D
S31508011DE002B080BD0000000082B001908DED000AAE
S31508011DF001990098C1F8180102B070470000000067
S31508011E0080B584B0039003980190FFF755FF0198B8
S31508011E1090ED450A90ED471A30EE010A8DED020A5A
S31508011E20D0ED2D0AB1EE600A02A8FCF711F8019867
S31508011E3090F8080105280AD0FFE701989DED020AE6
S31508011E4090ED331A20EE010A80ED370AFFE7019873
S31508011E5000F0AAF8019890F8B00038B9FFE701999F
S31508011E600020C1F81C01C1F81801FFE704B080BDC4
S31508011E7080B584B0039003990291D1F8D400D1F8C2
S31508011E80D810884219D1FFE702980021019180F8FC
S31508011E90E010012180F808119FED0E0A8DED000A68
S31508011EA000F032FA9DED000A0298503000F02CFA43
S31508011EB002990198C1F8140104E00299012081F8F8
S31508011EC0E000FFE70299D1F8D400C1F8D80004B0C0
S31508011ED080BD00BF0000000080B588B084460A981E
S31508011EE0CDF81CC006918DF817208DF816308DEDAA
S31508011EF0040A8DF80F00CDED020A0798019006989D
S31508011F0000684AF20001C4F20001884208D1FFE7DD
S31508011F10019940F2A800C2F20040C1F8A00023E0EE
S31508011F20069800684AF20041C4F20001884208D1C5
S31508011F30FFE7019940F20810C2F20040C1F8A0007B
S31508011F4011E0069800684DF20041C4F2000188428A
S31508011F5008D1FFE7019940F26810C2F20040C1F8C2
S31508011F60A000FFE7FFE7FFE701999DF8170081F851
S31508011F70A4009DF8160081F808019DF80F0081F864
S31508011F80B0000498C1F8AC000298C1F8B4000698EC
S31508011F909DF817100022FCF707F80199C1F8A80067
S31508011FA008B080BD0000000081B00090009991ED55
S31508011FB0370ABDEEC00A10EE100A000AD1F8A820A9
S31508011FC0107091ED370ABDEEC00A10EE100AD1F86D
S31508011FD0A810487001B0704782B001908DED000AD3
S31508011FE001990098C1F8DC0002B0704700000000B2
S31508011FF080B582B001900198009000F039FB0098F5
S31508012000503000F035FB00984AF28771C3F69761A4
S31508012010C0F8B8100021C0F8BC1048F6AC32C3F6B7
S315080120201B62C0F8C02045F6FB42C3F6AD72C0F884
S31508012030C4204FF40052A0F8C8204CF6CD42C4F291
S315080120404C42C0F8CC200022C4F2A012C0F8D0201D
S31508012050C0F8D410C0F8D810C0F8DC1080F8E01029
S31508012060042280F80821C0F80C11C0F81011C0F834
S315080120701411C0F81811C0F81C114FF07E51C0F8A0
S31508012080201102B080BD000080B584B0039003988A
S31508012090019090F8711000EBC1025168013151604D
S315080120A090F8710001460291032800F2B480029962
S315080120B0DFE801F0023568860198406FFEF740FEB9
S315080120C00146019842F6AC42C2F200421170406FD5
S315080120D0FEF736FE28B9FFE70198406FFEF7FCFECA
S315080120E01CE00198406FFEF72BFEB0B1FFE701989F
S315080120F0406FFEF7B9FD019890F8711000EBC10227
S3150801210000215160406FFEF76FFD28B1FFE7019886
S31508012110012100F099F8FFE7FFE7FFE77CE0019866
S31508012120406FFEF76DFD0146019842F6AE42C2F2D6
S3150801213000421170406FFEF763FD28B9FFE7019869
S31508012140406FFEF70DFE1CE00198406FFEF758FD43
S31508012150B0B1FFE70198406FFEF7CAFE019890F803
S31508012160711000EBC10200215160406FFEF73CFD82
S3150801217028B1FFE70198022100F066F8FFE7FFE7BB
S31508012180FFE749E0019842F6AB42C2F2004201215B
S315080121901170406F00F5AC70FEF762F9019890F87E
S315080121A0711000EBC10200215160406FFEF71CFD62
S315080121B028B1FFE70198032100F046F8FFE72BE075
S315080121C00198406FFEF768FD28B9FFE70198406F4F
S315080121D0FEF7FAFD1EE00198406FFEF75DFDC0B1FE
S315080121E0FFE70198406FFEF7EFFC019890F8711030
S315080121F000EBC1020021516042F6AD42C2F2004233
S3150801220001211170406FFEF7EFFC08B1FFE7FFE708
S31508012210FFE7FFE700E0FFE70198416F002081F83B
S31508012220DC0104B080BD000080B582B00190019840
S31508012230009000F055F80098002180F8781002B057
S3150801224080BD00000000000082B001908DF80310E7
S31508012250019991F87120002001F8320091F8712056
S3150801226001EBC20250609DF80320012001F83200FB
S315080122709DF8030081F8710002B070470000000064
S3150801228084B003908DF80B108DF80A2003990091FC
S315080122909DF80B0081F870009DF80A0081F871001D
S315080122A000200190FFE70099019891F87010884283
S315080122B00EDAFFE70099019A002001F83200019A27
S315080122C001EBC2014860FFE7019801300190EAE796
S315080122D000999DF80A20012001F8320004B07047E0
S315080122E081B000900098002180F8711001B0704704
S315080122F082B001908DED000A01990098486402B0F8
S31508012300704700000000000082B001908DED000AC0
S3150801231001990098C86402B07047000000000000E7
S3150801232080B58AB009900998019000210891079112
S315080123300691059190ED110A90ED121A30EE410AB7
S315080123408DED040A9DED040AFCF762FB01988DEDFB
S31508012350030A9DED030A90ED011AB4EE410AF1EE66
S3150801236010FA07DAFFE70199886C4864002004909F
S315080123700390FFE7019890ED080A9DED041A20EEF7
S31508012380010A8DED080A90ED0E0AB5EE400AF1EE46
S3150801239010FA0DD1FFE7019890ED0F0AB5EE400A44
S315080123A0F1EE10FA04D1FFE74FF07E50029049E0B2
S315080123B001989DED030A90ED0F1AB4EE410AF1EE6C
S315080123C010FA04DCFFE74FF07E50029039E00198DD
S315080123D090ED0F0A9DED031AB4EE410AF1EE10FADB
S315080123E01FDAFFE701989DED030A90ED0E1A90EDAD
S315080123F00F2A31EE021AB4EE410AF1EE10FA10DA9A
S31508012400FFE7019890ED0E1A90ED0F0A31EE000ADA
S315080124109DED032A30EE420A80EE010A8DED020A8D
S315080124200EE001989DED030A90ED0F1AB4EE410AEC
S31508012430F1EE10FA03DBFFE700200290FFE7FFE762
S31508012440FFE7FFE7019890ED0C0AB5EE400AF1EEB9
S3150801245010FA10D0FFE7019901F14C0091ED092A14
S3150801246091ED0C1AB1EE410A80EE020AC1EE020A9A
S31508012470FBF7EEFCFFE7019890ED100AB5EE400A6E
S31508012480F1EE10FA18D1FFE701989DED021A90EDC9
S31508012490002A90ED130A21EE021A9DED042AA1EEF7
S315080124A0020A80ED130A90ED090A90ED131A20EE3F
S315080124B0010A8DED070A28E001989DED030A90EDC2
S315080124C0101AB4EE410AF1EE10FA18DAFFE701988C
S315080124D09DED021A90ED002A90ED130A21EE021ADB
S315080124E09DED042AA1EE020A80ED130A90ED090A70
S315080124F090ED131A20EE010A8DED070A04E0019901
S315080125000020C8640790FFE7FFE70198007A90B9B1
S31508012510FFE7019890ED001A90ED063A90ED0A0A48
S315080125209DED042A32EE432A20EE020A80EE010AC4
S315080125308DED060A11E0019890ED001A90ED053A25
S3150801254090ED072A90ED0A0A32EE432A20EE020A96
S3150801255080EE010A8DED060AFFE7019890ED042A3F
S3150801256090ED0B1A90ED110A30EE420A20EE010A9F
S315080125708DED050A9DED080A9DED071A30EE010A53
S315080125809DED061A30EE010A9DED051A30EE010A97
S3150801259080ED070A90ED0D0AB5EE400AF1EE10FA44
S315080125A00AD0FFE7019901F11C00D1ED0D0AB1EE40
S315080125B0600AFBF74DFCFFE70199886CC860486C17
S315080125C00861C8694861049888610AB080BD00003D
S315080125D08EB002AA0092024600980D9280ED0A0A70
S315080125E0C0ED090A80ED081AC0ED071A80ED062A22
S315080125F0C0ED052A80ED043AC0ED033A80ED024AA2
S31508012600C0ED014A80ED005A8DF807100D990C9816
S3150801261008620B9848620A9888620998C8620898FD
S3150801262008630798486306980860059848600498FF
S3150801263088630398C863029808649DF807000872BE
S315080126400EB070470000000081B00090009890ED30
S31508012650070A01B07047000082B001908DED000AAB
S3150801266001990098886402B07047000000000000D4
S3150801267081B0009000980021C160016141618161CA
S31508012680C161016241628162C16201634163816321
S31508012690C163016441648164C16401B0704700008B
S315080126A082B00190ADF80210BDF802100020B1F514
S315080126B0006F38BF012002B070470000000000001B
S315080126C080B584B002908DF80710029800909DF8A5
S315080126D0070028B1FFE79DF80700132805D3FFE790
S315080126E04FF47870ADF80E0018E000989DF80710C1
S315080126F000EB4101B1F85E10ADF80410BDF8041005
S31508012700FFF7CEFF28B9FFE74FF47870ADF80E0052
S3150801271004E0BDF80400ADF80E00FFE7BDF80E00B1
S3150801272004B080BD0000000080B584B00390ADF808
S315080127300A108DED010A0398BDF80A1000EE101A69
S31508012740B8EE400A90ED012A90ED021A30EE420ADF
S3150801275080EE010A8DED000A6846BFEE000AF7EE23
S31508012760000AFBF775FB9DED000A9DED011A20EEA7
S31508012770010A04B080BD000080B584B00290ADF8AE
S3150801278006108DF805200298BDF80610FFF788FF98
S3150801279028B9FFE79DF805008DF80F0019E0BDF887
S315080127A0060040F21451884204D3FFE701208DF850
S315080127B00F000EE0BDF80600B0F52F7F04D8FFE73D
S315080127C002208DF80F0004E09DF805008DF80F0032
S315080127D0FFE79DF80F0004B080BD0000000000006F
S315080127E080B584B00290ADF806108DF805200298E0
S315080127F0BDF80610FFF754FF28B9FFE79DF8050055
S315080128008DF80F0018E0BDF8060040F21451884211
S3150801281004D3FFE701208DF80F000DE0BDF806008F
S31508012820B0F52F7F04D8FFE702208DF80F0003E0EB
S3150801283003208DF80F00FFE79DF80F0004B080BD57
S3150801284081B0ADF80200BDF9020000280ED4FFE7F9
S31508012850BDF9021001F01F02012090404A094EF20B
S315080128600011CEF2000141F82200FFE701B07047DE
S315080128704EF60C50CEF200000068C0F302207047F5
S3150801288082B0ADF806000091BDF9060000280AD409
S31508012890FFE700980001BDF906104EF20042CEF29C
S315080128A0000288540BE000980001BDF8061001F0FB
S315080128B00F014EF61452CEF200028854FFE702B019
S315080128C0704700000000000083B00290029800F0F3
S315080128D0070000904EF60C51CEF2000108680190EF
S315080128E001984FF6FF02104001900198009A40EABC
S315080128F002200022C0F2FA521043019001980860A2
S3150801290003B070470000000080B541F24070C2F282
S315080129100040FEF711F880BD80B582B00020019015
S31508012920F3F7FAFCF9F7C0F9F8F79EFCF8F78CFB10
S31508012930F8F746FEF8F7D8FBF8F7AEFDF8F758FDB5
S31508012940F8F712FCF8F750FCF8F77EFEF8F714FFD3
S31508012950F8F7CAFEF8F7F0FDF9F7A6FFFFE7F9F76A
S31508012960FFFFFCE710B52DED028BB1EEC08A18EE1C
S31508012970100A20F00040C0F1FF40C00F0AD010EE47
S31508012980100A20F00040C0F1FF40C00F04BF01202B
S31508012990EDF73FFEB0EE480ABDEC028B10BDF1EE35
S315080129A0100A4FF6FF71C0F2C03120EA010040F06B
S315080129B04070E1EE100A70470000000000000000B8
S315080129C000000000000000000000000001000000F7
S315080129D002000000030000000400000000000000DF
S315080129E005000000000000000000000000000000D3
S315080129F006000000000000000000000000000000C2
S31508012A00070000000000000001020304010203049C
S31508012A10060708090001020304050607080C101435
S31508012A201820304000061016000610160804020485
S31508012A30080101010101010307010000010002006B
S31508012A400400060008000A000C00100020004000DF
S31508012A5080000001782A01080000002418000000FF
S31508012A6008030008902A010818000024A032000073
S31508012A7024030008F5B1FFFF0080BBC40090D00312
S31508012A800090D003010000001000000000000000C3
S705080002CD23
