:020000040800F2
:100000008833002471030008D1B8000869B00008E3
:10001000C9B800081106000821DD00080000000032
:10002000000000000000000000000000F1BC00081B
:10003000E91000080000000049B9000851BD00089F
:100040008B0300088B0300088B0300088B03000858
:100050008B0300088B0300088B0300088B03000848
:100060008B0300088B0300088B03000819060008A7
:10007000290600088B030008390600084906000815
:100080008B0300088B0300088B030008291100086C
:10009000391100088B0300088B0300088B0300084C
:1000A0008B0300088B0300088B0300088B030008F8
:1000B0008B0300088B03000869BF00088B0300084E
:1000C0008B0300088B0300088B0300088B030008D8
:1000D0008B03000811DD00088B0300088B03000868
:1000E000F11000088B030008000000008B030008DB
:1000F0008B0300088B0300088B0300088B030008A8
:100100008B0300088B03000879BF00088B030008ED
:1001100019CA000829CA00088B0300088B030008CD
:10012000590600088B0300088B0300088B030008A6
:100130008B0300088B0300088B0300088B03000867
:1001400000000000000000000000000000000000AF
:100150008B0300088B0300088B0300088B03000847
:100160008B0300088B0300088B0300088B03000837
:100170008B0300088B0300088B03000800000000BD
:100180008B0300088B0300088B0300088B03000817
:100190008B0300088B0300088B0300088B03000807
:1001A0008B0300088B0300088B030008000000008D
:1001B0008B0300088B0300088B0300088B030008E7
:1001C0008B0300088B030008000000000000000003
:1001D00000000000000000008B0300080000000089
:1001E000000000000000000000000000000000000F
:1001F00000000000000000008B0300088B030008D3
:100200008B0300088B030008000000008B0300082C
:100210008B0300088B0300088B0300088B03000886
:100220008B030008000000008B03000800000000A2
:100230008B0300088B030008000000008B030008FC
:100240008B0300088B0300088B0300088B03000856
:100250008B0300088B0300088B0300088B03000846
:100260008B0300088B0300088B0300088B03000836
:100270008B0300088B0300088B03000800000000BC
:100280008B0300088B0300088B0300088B03000816
:10029000000000008B0300088B0300080000000032
:1002A000000000008B0300088B0300088B0300088C
:1002B00001DD00088B0300088B03000849110008CA
:1002C0008B0300088B0300088B03000800F002F882
:1002D00000F03EF80AA090E8000C82448344AAF1A2
:1002E0000107DA4501D100F033F8AFF2090EBAE8A0
:1002F0000F0013F0010F18BFFB1A43F0010318475A
:100300003827010058270100103A24BF78C878C167
:10031000FAD8520724BF30C830C144BF04680C600B
:10032000704700000023002400250026103A28BF53
:1003300078C1FBD8520728BF30C148BF0B60704757
:100340001FB512F01EFB00F007F91FBD10B510BD60
:1003500000F028F91146FFF7F3FF12F0CDFA00F094
:1003600046F903B4FFF7F2FF03BC00F049F90000BF
:100370000948804709480047FEE7FEE7FEE7FEE739
:10038000FEE7FEE7FEE7FEE7FEE7FEE70448054975
:10039000054A064B7047000029BE0008CD02000840
:1003A000882D002488330024882F0024882F0024DF
:1003B00053EA020C00F069802DE9F04B4FF0000683
:1003C000002B1FBFB3FA83F503FA05F424FA05F6F0
:1003D0005E4012BF1643B2FA82F502FA05F4C5F187
:1003E00020051EBF22FA05FC44EA0C04203556EA1B
:1003F000044C4FEA144418BF641C4FF000084FF03F
:100400000009904271EB030C39D3002919BFB1FAEE
:1004100081F701FA07F6B0FA80F700FA07F6C7F19C
:1004200020071EBF20FA07FC46EA0C062037B6FB61
:10043000F4FCA7EB0507103F07F01F0BCBF12006DC
:100440002CFA06F60CFA0BFB44BFB3460026202F0D
:10045000A4BF5E464FF0000B5BEA060C08BF4FF0EE
:10046000010B19EB0B0948EB0608ABFB027C06FB02
:1004700002CC0BFB03CCC01B71EB0C01C1E70B469C
:10048000024641464846BDE8F08B13B5084318BF05
:100490004FF0FF300146AFF30080BDE81C407047CD
:1004A00010B5203AC0F00B80B1E81850A0E8185001
:1004B000B1E81850A0E81850203ABFF4F5AF5FEA51
:1004C000027C24BFB1E81850A0E8185044BF18C9F6
:1004D00018C0BDE810405FEA827C24BF51F8043B9D
:1004E00040F8043B08BF7047D20728BF31F8023BF1
:1004F00048BF11F8012B28BF20F8023B48BF00F885
:10050000012B70474FF0000200B513469446964603
:10051000203922BFA0E80C50A0E80C50B1F1200116
:10052000BFF4F7AF090728BFA0E80C5048BF0CC0C4
:100530005DF804EB890028BF40F8042B08BF704722
:1005400048BF20F8022B11F0804F18BF00F8012B94
:10055000704770477047704770B5064C7C44064D35
:100560007D4404E02046016808448047241DAC42D5
:10057000F8D170BDF8240100F824010010B500F096
:1005800009F8006810BD10B5044600F003F80460D7
:1005900010BD00000048704710000024004870475C
:1005A000100000247546FFF7F9FFAE4605006946C6
:1005B000534620F00700854618B020B5FFF7E6FE49
:1005C000BDE820404FF000064FF000074FF0000854
:1005D0004FF0000BAC46ACE8C009ACE8C009ACE891
:1005E000C009ACE8C00921F007018D46704710B57D
:1005F0000446AFF300802046BDE81040FFF7B1BECF
:1006000001491820ABBEFEE726000200704700003B
:10061000FFE7FEE70000000080B542F2C050C2F2E2
:10062000004001F06DFF80BD80B542F2A070C2F2C3
:10063000004001F065FF80BD80B542F2B060C2F2BB
:10064000004001F05DFF80BD80B542F22870C2F22B
:10065000004001F055FF80BD80B542F23860C2F223
:10066000004001F04DFF80BD83B002900298016808
:1006700001201022C4F202029142009000F0A380F7
:10068000FFE70298016801202822C4F20202914289
:10069000009000F09880FFE7029801680120402256
:1006A000C4F202029142009000F08D80FFE70298B0
:1006B000016801205822C4F202029142009000F029
:1006C0008280FFE70298016801207022C4F20202D2
:1006D0009142009077D0FFE70298016801208822BC
:1006E000C4F20202914200906DD0FFE702980168C7
:1006F0000120A022C4F202029142009063D0FFE7E1
:10070000029801680120B822C4F2020291420090CE
:1007100059D0FFE702980168012040F21042C4F26C
:100720000202914200904ED0FFE70298016801203A
:1007300040F22842C4F202029142009043D0FFE707
:1007400002980168012040F24042C4F20202914244
:10075000009038D0FFE702980168012040F258422B
:10076000C4F20202914200902DD0FFE70298016886
:10077000012040F27042C4F202029142009022D065
:10078000FFE702980168012040F28842C4F20202A9
:100790009142009017D0FFE702980168012040F2D3
:1007A000A042C4F20202914200900CD0FFE70298EE
:1007B00000684FF64831CBF6FD710844B0FA80F07E
:1007C00040090090FFE70098C00740B3FFE7029898
:1007D000007810384AF6AB21CAF6AA21A0FB011016
:1007E00000090190019800F0070142F60820C0F6C8
:1007F0000100405C0299C8650198042807D3FFE70F
:1008000002990868042262F30900886506E00299EB
:10081000086840F2FF3290438865FFE705E00299DF
:10082000086820F0FF008865FFE70298806D03B03C
:10083000704700000000000084B003900398006837
:10084000019003980168012045F20842C5F60202B2
:10085000914200904ED0FFE703980168012045F2D5
:100860001C42C5F602029142009043D0FFE7039874
:100870000168012045F23042C5F602029142009023
:1008800038D0FFE703980168012045F24442C5F6DD
:100890000202914200902DD0FFE7039801680120E9
:1008A00045F25842C5F602029142009022D0FFE77D
:1008B00003980168012045F26C42C5F6020291429C
:1008C000009017D0FFE703980168012045F28042AD
:1008D000C5F60202914200900CD0FFE70398006831
:1008E0004AF66C31CAF2FD710844B0FA80F0400952
:1008F0000090FFE70098C00710B3FFE70398007867
:1009000008384CF6CD41CCF6CC41A0FB01100009D3
:100910000290029945F60000C5F6020000EB810046
:1009200003990866039945F68000C5F602004866FB
:10093000029800F01F01012088400399886635E085
:100940000398007810384AF6AB21CAF6AA21A0FB1A
:10095000011000090290019840F2B841C4F202016E
:1009600088420CD8FFE7019840F21041C4F202011E
:10097000884204D3FFE7029808300290FFE702990B
:1009800040F60000C4F2020000EB81000399086603
:10099000039940F68000C4F202004866029800F015
:1009A0001F010120884003998866FFE704B0704763
:1009B00083B002900298007901900198002800F01D
:1009C0008A80FFE70198082800F28580FFE70298F7
:1009D0000168012045F20842C5F6020291420090EA
:1009E0004ED0FFE702980168012045F21C42C5F68F
:1009F00002029142009043D0FFE702980168012073
:100A000045F23042C5F602029142009038D0FFE72D
:100A100002980168012045F24442C5F60202914263
:100A200000902DD0FFE702980168012045F258425E
:100A3000C5F602029142009022D0FFE702980168B9
:100A4000012045F26C42C5F602029142009017D097
:100A5000FFE702980168012045F28042C5F60202D4
:100A6000914200900CD0FFE7029800684AF66C3182
:100A7000CAF2FD710844B0FA80F040090090FFE727
:100A80000098C00780B1FFE7019945F6FC00C5F664
:100A9000020000EB81000299C866029945F64010F9
:100AA000C5F6020008670FE0019940F6FC00C4F2A9
:100AB000020000EB81000299C866029940F64010DE
:100AC000C4F202000867FFE70198411E0120884038
:100AD00002994867FFE703B070470000000000007C
:100AE00085B0049000208DF80F000498806918BB31
:100AF000FFE70498806A029003281BD80299DFE878
:100B000001F0020D0218049890F82F00C00720B1E0
:100B1000FFE701208DF80F00FFE70CE00498C06AA2
:100B2000B0F1C07F04D1FFE701208DF80F00FFE78F
:100B300001E000E0FFE747E004988069B0F5005F5E
:100B400026D1FFE70498806A019003281ED80199F6
:100B5000DFE801F00206021101208DF80F0016E017
:100B6000049890F82F00C00720B1FFE701208DF80E
:100B70000F00FFE70BE00498C06AB0F1C07F04D11A
:100B8000FFE701208DF80F00FFE700E0FFE71AE024
:100B90000498806A0090032804D3FFE70098032894
:100BA00004D00EE001208DF80F000BE0049890F8BF
:100BB0002F00C00720B1FFE701208DF80F00FFE7ED
:100BC00000E0FFE7FFE7FFE79DF80F0005B0704783
:100BD00089B008900791069205930898806D04905B
:100BE0000898806D03900898016801201022C4F2D3
:100BF00002029142029000F00381FFE70898016829
:100C000001202822C4F202029142029000F0F880F2
:100C1000FFE70898016801204022C4F202029142D5
:100C2000029000F0ED80FFE708980168012058224B
:100C3000C4F202029142029000F0E280FFE70898BD
:100C4000016801207022C4F202029142029000F079
:100C5000D780FFE70898016801208822C4F20202C9
:100C60009142029000F0CC80FFE7089801680120D3
:100C7000A022C4F202029142029000F0C180FFE77C
:100C8000089801680120B822C4F202029142029041
:100C900000F0B680FFE708980168012040F210429A
:100CA000C4F202029142029000F0AA80FFE7089885
:100CB0000168012040F22842C4F2020291420290EF
:100CC00000F09E80FFE708980168012040F2404252
:100CD000C4F202029142029000F09280FFE708986D
:100CE0000168012040F25842C4F20202914202908F
:100CF00000F08680FFE708980168012040F270420A
:100D0000C4F20202914202907AD0FFE7089801688B
:100D1000012040F28842C4F20202914202906FD058
:100D2000FFE708980168012040F2A042C4F20202E5
:100D30009142029064D0FFE708980168012040F2D8
:100D4000B842C4F202029142029059D0FFE70898DB
:100D50000168012045F20842C5F602029142029064
:100D60004ED0FFE708980168012045F21C42C5F605
:100D700002029142029043D0FFE7089801680120E7
:100D800045F23042C5F602029142029038D0FFE7A8
:100D900008980168012045F24442C5F602029142DA
:100DA00002902DD0FFE708980168012045F25842D3
:100DB000C5F602029142029022D0FFE7089801682E
:100DC000012045F26C42C5F602029142029017D012
:100DD000FFE708980168012045F28042C5F602024B
:100DE000914202900CD0FFE7089800684AF66C31F7
:100DF000CAF2FD710844B0FA80F040090290FFE7A2
:100E00000298C00770B1FFE70898416E806E486095
:100E10000898C06E28B1FFE70898016F406F4860DE
:100E2000FFE7FFE70898016801201022C4F20202E0
:100E30009142019000F0A380FFE70898016801202B
:100E40002822C4F202029142019000F09880FFE74C
:100E50000898016801204022C4F2020291420190E8
:100E600000F08D80FFE70898016801205822C4F245
:100E700002029142019000F08280FFE70898016829
:100E800001207022C4F202029142019077D0FFE764
:100E90000898016801208822C4F202029142019060
:100EA0006DD0FFE7089801680120A022C4F2020279
:100EB0009142019063D0FFE7089801680120B822B1
:100EC000C4F202029142019059D0FFE708980168EC
:100ED000012040F21042C4F20202914201904ED031
:100EE000FFE708980168012040F22842C4F202029C
:100EF0009142019043D0FFE708980168012040F239
:100F00004042C4F202029142019038D0FFE70898B3
:100F10000168012040F25842C4F20202914201905D
:100F20002DD0FFE708980168012040F27042C4F21A
:100F300002029142019022D0FFE708980168012047
:100F400040F28842C4F202029142019017D0FFE7BA
:100F500008980168012040F2A042C4F202029142C6
:100F600001900CD0FFE7089800684FF64831CBF6A7
:100F7000FD710844B0FA80F040090190FFE7019844
:100F8000C00750B3FFE70898C06D00F01F013F2075
:100F900088400499886008980168086820F48020D7
:100FA0000860059808990968486008988068402892
:100FB00009D1FFE706980899096888600798089999
:100FC0000968C86008E00798089909688860069869
:100FD00008990968C860FFE782E008980168012065
:100FE00045F20842C5F60202914200904ED0FFE75A
:100FF00008980168012045F21C42C5F602029142A0
:10100000009043D0FFE708980168012045F2304284
:10101000C5F602029142009038D0FFE708980168B7
:10102000012045F24442C5F60202914200902DD0C3
:10103000FFE708980168012045F25842C5F6020210
:101040009142009022D0FFE708980168012045F204
:101050006C42C5F602029142009017D0FFE7089853
:101060000168012045F28042C5F6020291420090DB
:101070000CD0FFE7089800684AF66C31CAF2FD719F
:101080000844B0FA80F040090090FFE70098C007DC
:1010900020B3FFE70898C06D00F01F0101208840D1
:1010A000039948600598089909684860089880681D
:1010B000402809D1FFE706980899096888600798D1
:1010C00008990968C86008E0079808990968886065
:1010D000069808990968C860FFE700E0FFE7FFE7A6
:1010E00009B07047000000007047000000000000D9
:1010F00080B54FF4806004F08FFE4FF4006004F080
:101100008BFE4FF4805004F087FE4FF4804004F0D3
:1011100083FE80BD0000000081B0EFF3108072B646
:101120000090FFE7FEE7000080B542F61800C2F22B
:10113000004003F031FE80BD80B542F6B800C2F237
:10114000004003F029FE80BD80B542F65810C2F27F
:10115000004003F021FE80BD84B002900298406BF5
:10116000009002980068D0F884004FF6FC71884324
:10117000009940EA810002990968C1F88400029848
:101180000068D0F8840020F47F00029A1168926B06
:1011900040EA0240C1F884000298816B009808443C
:1011A000009002980068D0F888006FF38F000099D3
:1011B00040EA810002990968C1F888000298006835
:1011C000D0F8880020F4FE00029A1168D26B40EA41
:1011D0000240C1F888000298C16B009800EB410002
:1011E000009002980068D0F8A0006FF38F0000997B
:1011F00040EA810002990968C1F8A00002980068DD
:10120000D0F8A00020F4FE00029A1168126C40EAA7
:101210000240C1F8A0000299086C496C009A00FBDA
:101220000120009002980068D0F8B0006FF38F00A2
:10123000009940EA810002990968C1F8B00002985B
:101240000068D0F8B00020F4FE00029A1168926C99
:1012500040EA0240C1F8B0000299886CC96C009A5B
:1012600000FB0120009002980068D0F8AC006FF3FA
:101270008F00009940EA810002990968C1F8AC002A
:101280000299086D496D009A00FB012000900298B8
:101290000068D0F8F0006FF38F00009940EA8100F9
:1012A00002990968C1F8F00002980068D0F8F000CF
:1012B00020F47C10029A1168926D40EA0240C1F855
:1012C000F0000298816D009800EB410000900298B8
:1012D0000068D0F8C0006FF38F00009940EA8100E9
:1012E00002990968C1F8C00002980068D0F8C000EF
:1012F00020F47C10029A1168D26D40EA0240C1F8D5
:10130000C00002980068D0F8C00020F07C50029A1B
:101310001168126E40EA0260C1F8C00002994A6B7F
:101320004AF60040C4F2000000EB8200C866029951
:101330008A6BC86E00EB820008670299CA6B086F5F
:1013400000EBC200486702990A6C4B6C486F5A4325
:1013500000EB8200886702998A6CCB6C886F5A43D5
:1013600000EB8200C86702990A6D4B6DC86F5A4343
:1013700000EB8200C1F8800002998A6DD1F88000EC
:1013800000EBC200C1F884000299CA6D8B6ED1F8DF
:1013900084005A4300EB8200C1F8880002990A6E6B
:1013A0008B6ED1F888005A4300EB8200C1F89000A0
:1013B0000298D0F890004DF2FD31C4F2000188424D
:1013C0000FD3FFE70299D1F89C0040F02000C1F84C
:1013D0009C000299032081F8980001208DF80F00ED
:1013E00017E00298C06E0190FFE701980299D1F8CA
:1013F0009010884208D2FFE7019900200860FFE7BB
:10140000019804300190F0E7FFE700208DF80F000D
:10141000FFE79DF80F0004B07047000000000000D7
:1014200088B007900691059204930698406848B9E1
:10143000FFE70698016882680069104340EA81402E
:10144000039009E006980168826800691043084328
:1014500040F080400390FFE70698D0F820C0C168B4
:1014600042698369C06940EA0C601843104340EA4E
:10147000014002900798826ED0F88400049951438D
:1014800000EB8100019003980199086001980430F5
:1014900001900298019908600198043001900020A1
:1014A0000090FFE700980699CA6842F6F811C0F666
:1014B0000101895C88420DD2FFE7059800994058E8
:1014C00001990860019804300190FFE7009804300A
:1014D0000090E7E708B0704780B58AB0089004F044
:1014E000BBFE0490089828B9FFE701208DF827007B
:1014F00000F0AABC089890F8350002280ED0FFE74B
:10150000089980204865FFE70899002081F8340099
:10151000FFE701208DF8270000F096BC08980168CD
:1015200001201022C4F202029142039000F0A38035
:10153000FFE70898016801202822C4F202029142C4
:10154000039000F09880FFE708980168012040228E
:10155000C4F202029142039000F08D80FFE70898E8
:10156000016801205822C4F202029142039000F067
:101570008280FFE70898016801207022C4F202020D
:101580009142039077D0FFE70898016801208822F4
:10159000C4F20202914203906DD0FFE708980168FF
:1015A0000120A022C4F202029142039063D0FFE71F
:1015B000089801680120B822C4F202029142039007
:1015C00059D0FFE708980168012040F21042C4F2A8
:1015D0000202914203904ED0FFE708980168012073
:1015E00040F22842C4F202029142039043D0FFE746
:1015F00008980168012040F24042C4F20202914280
:10160000039038D0FFE708980168012040F2584263
:10161000C4F20202914203902DD0FFE708980168BE
:10162000012040F27042C4F202029142039022D0A3
:10163000FFE708980168012040F28842C4F20202E4
:101640009142039017D0FFE708980168012040F20B
:10165000A042C4F20202914203900CD0FFE7089826
:1016600000684FF64831CBF6FD710844B0FA80F0BF
:1016700040090390FFE70398C00780B1FFE708988F
:101680000168086820F01E00086008980168486931
:1016900020F08000486108980068059009E00898EB
:1016A0000168086820F00E0008600898006805903E
:1016B000FFE70898016801201022C4F2020291425B
:1016C000029000F00381FFE70898016801202822BA
:1016D000C4F202029142029000F0F880FFE70898FD
:1016E000016801204022C4F202029142029000F0FF
:1016F000ED80FFE70898016801205822C4F2020239
:101700009142029000F0E280FFE708980168012012
:101710007022C4F202029142029000F0D780FFE7EB
:101720000898016801208822C4F2020291420290C6
:1017300000F0CC80FFE7089801680120A022C4F2E5
:1017400002029142029000F0C180FFE70898016810
:101750000120B822C4F202029142029000F0B68049
:10176000FFE708980168012040F21042C4F202022B
:101770009142029000F0AA80FFE7089801680120DA
:1017800040F22842C4F202029142029000F09E8090
:10179000FFE708980168012040F24042C4F20202CB
:1017A0009142029000F09280FFE7089801680120C2
:1017B00040F25842C4F202029142029000F0868048
:1017C000FFE708980168012040F27042C4F202026B
:1017D000914202907AD0FFE708980168012040F218
:1017E0008842C4F20202914202906FD0FFE708984B
:1017F0000168012040F2A042C4F20202914202902C
:1018000064D0FFE708980168012040F2B842C4F2B2
:1018100002029142029059D0FFE708980168012026
:1018200045F20842C5F60202914202904ED0FFE70F
:1018300008980168012045F21C42C5F60202914257
:10184000029043D0FFE708980168012045F230423A
:10185000C5F602029142029038D0FFE7089801686D
:10186000012045F24442C5F60202914202902DD079
:10187000FFE708980168012045F25842C5F60202C8
:101880009142029022D0FFE708980168012045F2BA
:101890006C42C5F602029142029017D0FFE7089809
:1018A0000168012045F28042C5F602029142029091
:1018B0000CD0FFE7089800684AF66C31CAF2FD7157
:1018C0000844B0FA80F040090290FFE70298C00790
:1018D00038B1FFE70898016E086820F4807008604E
:1018E000FFE7089800681021C4F20201884200F066
:1018F0008180FFE7089800682821C4F2020188422D
:1019000078D0FFE7089800684021C4F202018842BD
:1019100070D0FFE7089800685821C4F2020188429D
:1019200068D0FFE7089800687021C4F2020188427D
:1019300060D0FFE7089800688821C4F2020188425D
:1019400058D0FFE708980068A021C4F2020188423D
:1019500050D0FFE708980068B821C4F2020188421D
:1019600048D0FFE70898006840F21041C4F2020135
:1019700088423FD0FFE70898006840F22841C4F24F
:101980000201884236D0FFE70898006840F24041E3
:10199000C4F2020188422DD0FFE70898006840F2A7
:1019A0005841C4F20201884224D0FFE70898006839
:1019B00040F27041C4F2020188421BD0FFE7089850
:1019C000006840F28841C4F20201884212D0FFE769
:1019D0000898006840F2A041C4F20201884209D090
:1019E000FFE70898006840F2B841C4F2020188425B
:1019F00007D1FFE708980168086820F00100086037
:101A000006E008980168086820F001000860FFE718
:101A1000FFE705980068C007C8B1FFE704F01CFCA9
:101A20000499401A062811D3FFE708992020486539
:101A30000899032081F83500FFE70899002081F814
:101A40003400FFE701208DF82700FDE1E1E7089869
:101A5000016801201022C4F202029142019000F0BC
:101A6000A380FFE70898016801202822C4F202023F
:101A70009142019000F09880FFE7089801680120EA
:101A80004022C4F202029142019000F08D80FFE7F3
:101A90000898016801205822C4F202029142019084
:101AA00000F08280FFE70898016801207022C4F2EC
:101AB00002029142019077D0FFE708980168012067
:101AC0008822C4F20202914201906DD0FFE708988B
:101AD00001680120A022C4F202029142019063D069
:101AE000FFE7089801680120B822C4F2020291427F
:101AF000019059D0FFE708980168012040F2104298
:101B0000C4F20202914201904ED0FFE708980168AA
:101B1000012040F22842C4F202029142019043D0D7
:101B2000FFE708980168012040F24042C4F2020237
:101B30009142019038D0FFE708980168012040F2F7
:101B40005842C4F20202914201902DD0FFE708985A
:101B50000168012040F27042C4F2020291420190F9
:101B600022D0FFE708980168012040F28842C4F2C1
:101B700002029142019017D0FFE708980168012006
:101B800040F2A042C4F20202914201900CD0FFE761
:101B9000089800684FF64831CBF6FD710844B0FA5A
:101BA00080F040090190FFE70198C00760B1FFE7AE
:101BB0000898806D07900898C06D00F01F013F20C5
:101BC0008840079988600BE00898806D0690089817
:101BD000C06D00F01F010120884006994860FFE7B2
:101BE0000898016801201022C4F20202914200907C
:101BF00000F00381FFE70898016801202822C4F261
:101C000002029142009000F0F880FFE70898016816
:101C100001204022C4F202029142009000F0ED80C7
:101C2000FFE70898016801205822C4F2020291429D
:101C3000009000F0E280FFE7089801680120702220
:101C4000C4F202029142009000F0D780FFE70898AA
:101C5000016801208822C4F202029142009000F043
:101C6000CC80FFE7089801680120A022C4F202029C
:101C70009142009000F0C180FFE7089801680120C0
:101C8000B822C4F202029142009000F0B680FFE751
:101C900008980168012040F21042C4F20202914209
:101CA000009000F0AA80FFE708980168012040F248
:101CB0002842C4F202029142009000F09E80FFE7A9
:101CC00008980168012040F24042C4F202029142A9
:101CD000009000F09280FFE708980168012040F230
:101CE0005842C4F202029142009000F08680FFE761
:101CF00008980168012040F27042C4F20202914249
:101D000000907AD0FFE708980168012040F28842ED
:101D1000C4F20202914200906FD0FFE70898016878
:101D2000012040F2A042C4F202029142009064D02D
:101D3000FFE708980168012040F2B842C4F20202AD
:101D40009142009059D0FFE708980168012045F2C0
:101D50000842C5F60202914200904ED0FFE7089873
:101D60000168012045F21C42C5F602029142009032
:101D700043D0FFE708980168012045F23042C5F6DC
:101D800002029142009038D0FFE7089801680120D4
:101D900045F24442C5F60202914200902DD0FFE781
:101DA00008980168012045F25842C5F602029142A6
:101DB000009022D0FFE708980168012045F26C42AC
:101DC000C5F602029142009017D0FFE7089801681B
:101DD000012045F28042C5F60202914200900CD0EB
:101DE000FFE7089800684AF66C31CAF2FD710844B2
:101DF000B0FA80F040090090FFE70098C007A0B15A
:101E0000FFE70898416E806E48600898C06E58B130
:101E1000FFE70898C16E086820F480700860089891
:101E2000016F406F4860FFE7FFE70899012081F8E4
:101E30003500FFE70899002081F83400FFE7FFE74D
:101E400000208DF82700FFE79DF827000AB080BD2D
:101E500080B586B00490049820B9FFE701208DF882
:101E6000170046E3049890F83500022807D0FFE7F2
:101E700004998020486501208DF8170039E3049803
:101E8000016801201022C4F202029142029000F087
:101E9000A380FFE70498016801202822C4F202020F
:101EA0009142029000F09880FFE7049801680120B9
:101EB0004022C4F202029142029000F08D80FFE7BE
:101EC0000498016801205822C4F202029142029053
:101ED00000F08280FFE70498016801207022C4F2BC
:101EE00002029142029077D0FFE704980168012036
:101EF0008822C4F20202914202906DD0FFE704985A
:101F000001680120A022C4F202029142029063D033
:101F1000FFE7049801680120B822C4F2020291424E
:101F2000029059D0FFE704980168012040F2104266
:101F3000C4F20202914202904ED0FFE70498016879
:101F4000012040F22842C4F202029142029043D0A2
:101F5000FFE704980168012040F24042C4F2020207
:101F60009142029038D0FFE704980168012040F2C6
:101F70005842C4F20202914202902DD0FFE7049829
:101F80000168012040F27042C4F2020291420290C4
:101F900022D0FFE704980168012040F28842C4F291
:101FA00002029142029017D0FFE7049801680120D5
:101FB00040F2A042C4F20202914202900CD0FFE72C
:101FC000049800684FF64831CBF6FD710844B0FA2A
:101FD00080F040090290FFE70298C007002800F057
:101FE0009D80FFE70499042081F83500049800687B
:101FF0001021C4F20201884200F08180FFE70498BA
:1020000000682821C4F20201884278D0FFE70498D2
:1020100000684021C4F20201884270D0FFE70498B2
:1020200000685821C4F20201884268D0FFE7049892
:1020300000687021C4F20201884260D0FFE7049872
:1020400000688821C4F20201884258D0FFE7049852
:102050000068A021C4F20201884250D0FFE7049832
:102060000068B821C4F20201884248D0FFE7049812
:10207000006840F21041C4F2020188423FD0FFE7FD
:102080000498006840F22841C4F20201884236D028
:10209000FFE70498006840F24041C4F20201884220
:1020A0002DD0FFE70498006840F25841C4F20201C5
:1020B000884224D0FFE70498006840F27041C4F2DF
:1020C000020188421BD0FFE70498006840F2884173
:1020D000C4F20201884212D0FFE70498006840F27F
:1020E000A041C4F20201884209D0FFE704980068C9
:1020F00040F2B841C4F20201884207D1FFE70498D8
:102100000168086820F00100086006E00498016892
:10211000086820F001000860FFE7E5E10498016825
:10212000086820F00E000860049800681021C4F2CE
:102130000201884200F08180FFE7049800682821AE
:10214000C4F20201884278D0FFE704980068402179
:10215000C4F20201884270D0FFE704980068582159
:10216000C4F20201884268D0FFE704980068702139
:10217000C4F20201884260D0FFE704980068882119
:10218000C4F20201884258D0FFE704980068A021F9
:10219000C4F20201884250D0FFE704980068B821D9
:1021A000C4F20201884248D0FFE70498006840F278
:1021B0001041C4F2020188423FD0FFE70498006852
:1021C00040F22841C4F20201884236D0FFE7049869
:1021D000006840F24041C4F2020188422DD0FFE77E
:1021E0000498006840F25841C4F20201884224D0A9
:1021F000FFE70498006840F27041C4F2020188428F
:102200001BD0FFE70498006840F28841C4F2020145
:10221000884212D0FFE70498006840F2A041C4F25F
:102220000201884209D0FFE70498006840F2B841F3
:10223000C4F20201884207D1FFE7049801680868E8
:1022400020F00100086006E004980168086820F0AA
:1022500001000860FFE70498016801201022C4F221
:1022600002029142019000F00381FFE704980168A7
:1022700001202822C4F202029142019000F0F8806D
:10228000FFE70498016801204022C4F20202914253
:10229000019000F0ED80FFE70498016801205822CA
:1022A000C4F202029142019000F0E280FFE704983C
:1022B000016801207022C4F202029142019000F0F4
:1022C000D780FFE70498016801208822C4F2020247
:1022D0009142019000F0CC80FFE704980168012052
:1022E000A022C4F202029142019000F0C180FFE7F7
:1022F000049801680120B822C4F2020291420190C0
:1023000000F0B680FFE704980168012040F2104217
:10231000C4F202029142019000F0AA80FFE7049803
:102320000168012040F22842C4F202029142019069
:1023300000F09E80FFE704980168012040F24042CF
:10234000C4F202029142019000F09280FFE70498EB
:102350000168012040F25842C4F202029142019009
:1023600000F08680FFE704980168012040F2704287
:10237000C4F20202914201907AD0FFE7049801680A
:10238000012040F28842C4F20202914201906FD0D3
:10239000FFE704980168012040F2A042C4F2020263
:1023A0009142019064D0FFE704980168012040F257
:1023B000B842C4F202029142019059D0FFE704985A
:1023C0000168012045F20842C5F6020291420190DF
:1023D0004ED0FFE704980168012045F21C42C5F683
:1023E00002029142019043D0FFE704980168012066
:1023F00045F23042C5F602029142019038D0FFE723
:1024000004980168012045F24442C5F60202914257
:1024100001902DD0FFE704980168012045F2584251
:10242000C5F602029142019022D0FFE704980168AC
:10243000012045F26C42C5F602029142019017D08C
:10244000FFE704980168012045F28042C5F60202C8
:10245000914201900CD0FFE7049800684AF66C3175
:10246000CAF2FD710844B0FA80F040090190FFE71C
:102470000198C00728B3FFE70498016E086820F4AC
:10248000807008600498806D03900498C06D00F01F
:102490001F0101208840039948600498416E806EB6
:1024A00048600498C06E58B1FFE70498C16E086890
:1024B00020F4807008600498016F406F4860FFE767
:1024C000FFE70499012081F83500FFE70499002017
:1024D00081F83400FFE70498006D20B1FFE704980D
:1024E000016D8847FFE7FFE7FFE700208DF8170041
:1024F000FFE79DF8170006B080BD00000000000057
:1025000080B590B00F9000200B9040F20000C2F216
:102510000040006848F2B511C1F64E31A0FB011031
:10252000800A0A900F98806D09900F98806D08902E
:10253000099800680E90089800680D900F9801683F
:1025400001201022C4F202029142079000F0A38001
:10255000FFE70F98016801202822C4F2020291428D
:10256000079000F09880FFE70F9801680120402253
:10257000C4F202029142079000F08D80FFE70F98AD
:10258000016801205822C4F202029142079000F033
:102590008280FFE70F98016801207022C4F20202D6
:1025A0009142079077D0FFE70F98016801208822B9
:1025B000C4F20202914207906DD0FFE70F980168C4
:1025C0000120A022C4F202029142079063D0FFE7EB
:1025D0000F9801680120B822C4F2020291420790CC
:1025E00059D0FFE70F980168012040F21042C4F271
:1025F0000202914207904ED0FFE70F980168012038
:1026000040F22842C4F202029142079043D0FFE711
:102610000F980168012040F24042C4F20202914248
:10262000079038D0FFE70F980168012040F2584228
:10263000C4F20202914207902DD0FFE70F98016883
:10264000012040F27042C4F202029142079022D06F
:10265000FFE70F980168012040F28842C4F20202AD
:102660009142079017D0FFE70F980168012040F2D0
:10267000A042C4F20202914207900CD0FFE70F98EB
:1026800000684FF64831CBF6FD710844B0FA80F08F
:1026900040090790FFE70798C007002800F013855E
:1026A000FFE70E980F99C96D01F01F01C8400007A0
:1026B000002840F1B080FFE70F9800681021C4F2B5
:1026C0000201884200F08180FFE70F98006828210E
:1026D000C4F20201884278D0FFE70F9800684021D9
:1026E000C4F20201884270D0FFE70F9800685821B9
:1026F000C4F20201884268D0FFE70F980068702199
:10270000C4F20201884260D0FFE70F980068882178
:10271000C4F20201884258D0FFE70F980068A02158
:10272000C4F20201884250D0FFE70F980068B82138
:10273000C4F20201884248D0FFE70F98006840F2D7
:102740001041C4F2020188423FD0FFE70F980068B1
:1027500040F22841C4F20201884236D0FFE70F98C8
:10276000006840F24041C4F2020188422DD0FFE7E8
:102770000F98006840F25841C4F20201884224D008
:10278000FFE70F98006840F27041C4F202018842EE
:102790001BD0FFE70F98006840F28841C4F20201A5
:1027A000884212D0FFE70F98006840F2A041C4F2BF
:1027B0000201884209D0FFE70F98006840F2B84153
:1027C000C4F20201884207D1FFE70F980068006851
:1027D00000F00400069006E00F980068006800F022
:1027E00008000690FFE70698A0B1FFE70F98016880
:1027F000086820F0040008600F98C06D00F01F0109
:1028000008208840099988600F99486D40F00100C0
:102810004865FFE7FFE70E980F99C96D01F01F01AA
:10282000C840C007002800F0A980FFE70F980068A3
:102830001021C4F20201884200F08180FFE70F9866
:1028400000682821C4F20201884278D0FFE70F987F
:1028500000684021C4F20201884270D0FFE70F985F
:1028600000685821C4F20201884268D0FFE70F983F
:1028700000687021C4F20201884260D0FFE70F981F
:1028800000688821C4F20201884258D0FFE70F98FF
:102890000068A021C4F20201884250D0FFE70F98DF
:1028A0000068B821C4F20201884248D0FFE70F98BF
:1028B000006840F21041C4F2020188423FD0FFE7B5
:1028C0000F98006840F22841C4F20201884236D0D5
:1028D000FFE70F98006840F24041C4F202018842CD
:1028E0002DD0FFE70F98006840F25841C4F2020172
:1028F000884224D0FFE70F98006840F27041C4F28C
:10290000020188421BD0FFE70F98006840F288411F
:10291000C4F20201884212D0FFE70F98006840F22B
:10292000A041C4F20201884209D0FFE70F98006875
:1029300040F2B841C4F20201884207D1FFE70F9884
:102940000068406900F08000059005E00F9800687D
:10295000006800200590FFE7059870B1FFE70F9829
:10296000C06D00F01F0101208840099988600F990F
:10297000486D40F002004865FFE7FFE70E980F99A9
:10298000C96D01F01F01C8404007002840F1A9802F
:10299000FFE70F9800681021C4F20201884200F09E
:1029A0008180FFE70F9800682821C4F20201884265
:1029B00078D0FFE70F9800684021C4F202018842F6
:1029C00070D0FFE70F9800685821C4F202018842D6
:1029D00068D0FFE70F9800687021C4F202018842B6
:1029E00060D0FFE70F9800688821C4F20201884296
:1029F00058D0FFE70F980068A021C4F20201884276
:102A000050D0FFE70F980068B821C4F20201884255
:102A100048D0FFE70F98006840F21041C4F202016D
:102A200088423FD0FFE70F98006840F22841C4F287
:102A30000201884236D0FFE70F98006840F240411B
:102A4000C4F2020188422DD0FFE70F98006840F2DF
:102A50005841C4F20201884224D0FFE70F98006871
:102A600040F27041C4F2020188421BD0FFE70F9888
:102A7000006840F28841C4F20201884212D0FFE7A8
:102A80000F98006840F2A041C4F20201884209D0C8
:102A9000FFE70F98006840F2B841C4F20201884293
:102AA00007D1FFE70F980068006800F0020004906B
:102AB00005E00F980068006800200490FFE7049884
:102AC00070B1FFE70F98C06D00F01F01042088402F
:102AD000099988600F99486D40F004004865FFE748
:102AE000FFE70E980F99C96D01F01F01C840C0069D
:102AF000002840F1DE80FFE70F9800681021C4F243
:102B00000201884200F08180FFE70F9800682821C9
:102B1000C4F20201884278D0FFE70F980068402194
:102B2000C4F20201884270D0FFE70F980068582174
:102B3000C4F20201884268D0FFE70F980068702154
:102B4000C4F20201884260D0FFE70F980068882134
:102B5000C4F20201884258D0FFE70F980068A02114
:102B6000C4F20201884250D0FFE70F980068B821F4
:102B7000C4F20201884248D0FFE70F98006840F293
:102B80001041C4F2020188423FD0FFE70F9800686D
:102B900040F22841C4F20201884236D0FFE70F9884
:102BA000006840F24041C4F2020188422DD0FFE7A4
:102BB0000F98006840F25841C4F20201884224D0C4
:102BC000FFE70F98006840F27041C4F202018842AA
:102BD0001BD0FFE70F98006840F28841C4F2020161
:102BE000884212D0FFE70F98006840F2A041C4F27B
:102BF0000201884209D0FFE70F98006840F2B8410F
:102C0000C4F20201884207D1FFE70F98006800680C
:102C100000F00800039006E00F980068006800F0DC
:102C200004000390FFE70398002841D0FFE70F98C6
:102C3000C06D00F01F0110208840099988600F982E
:102C400000680068400300281AD5FFE70F98006865
:102C500000680003002809D4FFE70F98006C20B13A
:102C6000FFE70F98016C8847FFE708E00F98806C3A
:102C700020B1FFE70F98816C8847FFE7FFE716E078
:102C80000F9800680068C005002807D4FFE70F9878
:102C90000168086820F008000860FFE70F98006CE2
:102CA00020B1FFE70F98016C8847FFE7FFE7FFE7D8
:102CB000FFE70E980F99C96D01F01F01C84080060B
:102CC000002840F12681FFE70F9800681021C4F228
:102CD0000201884200F08180FFE70F9800682821F8
:102CE000C4F20201884278D0FFE70F9800684021C3
:102CF000C4F20201884270D0FFE70F9800685821A3
:102D0000C4F20201884268D0FFE70F980068702182
:102D1000C4F20201884260D0FFE70F980068882162
:102D2000C4F20201884258D0FFE70F980068A02142
:102D3000C4F20201884250D0FFE70F980068B82122
:102D4000C4F20201884248D0FFE70F98006840F2C1
:102D50001041C4F2020188423FD0FFE70F9800689B
:102D600040F22841C4F20201884236D0FFE70F98B2
:102D7000006840F24041C4F2020188422DD0FFE7D2
:102D80000F98006840F25841C4F20201884224D0F2
:102D9000FFE70F98006840F27041C4F202018842D8
:102DA0001BD0FFE70F98006840F28841C4F202018F
:102DB000884212D0FFE70F98006840F2A041C4F2A9
:102DC0000201884209D0FFE70F98006840F2B8413D
:102DD000C4F20201884207D1FFE70F98006800683B
:102DE00000F01000029006E00F980068006800F004
:102DF00002000290FFE70298002800F08980FFE7B8
:102E00000F98C06D00F01F0120208840099988604C
:102E10000F9890F83500042837D1FFE70F98016824
:102E2000086820F0160008600F980168486920F0D3
:102E3000800048610F98006C20B9FFE70F98806C04
:102E400038B1FFE70F980168086820F008000860B3
:102E5000FFE70F98C06D00F01F013F2088400999DF
:102E600088600F99012081F83500FFE70F99002055
:102E700081F83400FFE70F98006D20B1FFE70F984D
:102E8000016D8847FFE700F019BC0F9800680068E3
:102E9000400300281AD5FFE70F9800680068000378
:102EA000002809D4FFE70F98406C20B1FFE70F9886
:102EB000416C8847FFE708E00F98C06B20B1FFE73F
:102EC0000F98C16B8847FFE7FFE720E00F98006885
:102ED0000068C005002811D4FFE70F980168086852
:102EE00020F0100008600F99012081F83500FFE7FD
:102EF0000F99002081F83400FFE7FFE70F98C06BBF
:102F000020B1FFE70F98C16B8847FFE7FFE7FFE7B6
:102F1000FFE70F98406D002800F0D480FFE70F987E
:102F2000406DC007002800F0C480FFE70F9904201F
:102F300081F835000F9800681021C4F20201884220
:102F400000F08180FFE70F9800682821C4F2020199
:102F5000884278D0FFE70F9800684021C4F2020150
:102F6000884270D0FFE70F9800685821C4F2020130
:102F7000884268D0FFE70F9800687021C4F2020110
:102F8000884260D0FFE70F9800688821C4F20201F0
:102F9000884258D0FFE70F980068A021C4F20201D0
:102FA000884250D0FFE70F980068B821C4F20201B0
:102FB000884248D0FFE70F98006840F21041C4F201
:102FC000020188423FD0FFE70F98006840F2284195
:102FD000C4F20201884236D0FFE70F98006840F241
:102FE0004041C4F2020188422DD0FFE70F980068EB
:102FF00040F25841C4F20201884224D0FFE70F9802
:10300000006840F27041C4F2020188421BD0FFE721
:103010000F98006840F28841C4F20201884212D041
:10302000FFE70F98006840F2A041C4F20201884215
:1030300009D0FFE70F98006840F2B841C4F20201DE
:10304000884207D1FFE70F980168086820F0010067
:10305000086006E00F980168086820F00100086029
:10306000FFE7FFE70B9801300B900A99884201D9DE
:10307000FFE707E0FFE70F9800680068C007002837
:10308000F0D1FFE70F9800680068C00728B1FFE79C
:103090000F99032081F8350004E00F99012081F891
:1030A0003500FFE7FFE70F99002081F83400FFE7C4
:1030B000FFE70F98C06C20B1FFE70F98C16C8847FD
:1030C000FFE7FFE7FAE20F980168012045F20842A6
:1030D000C5F60202914201904ED0FFE70F980168B9
:1030E000012045F21C42C5F602029142019043D0F4
:1030F000FFE70F980168012045F23042C5F6020251
:103100009142019038D0FFE70F980168012045F205
:103110004442C5F60202914201902DD0FFE70F987C
:103120000168012045F25842C5F602029142019021
:1031300022D0FFE70F980168012045F26C42C5F6E6
:1031400002029142019017D0FFE70F980168012019
:1031500045F28042C5F60202914201900CD0FFE791
:103160000F9800684AF66C31CAF2FD710844B0FA53
:1031700080F040090190FFE70198C007002800F0A7
:103180009B82FFE70F98006800680C900D980F99DC
:10319000C96D01F01F01C8404007002840F1D780E9
:1031A000FFE79DF830004007002840F1D080FFE79E
:1031B0000F98C06D00F01F010420884008994860F6
:1031C0009DF831000006002818D5FFE79DF8320071
:1031D000C00748B9FFE70F98806C20B1FFE70F9850
:1031E000816C8847FFE708E00F98006C20B1FFE78B
:1031F0000F98016C8847FFE7FFE7A7E09DF83000D4
:103200008006002800F19980FFE70F9800681021E0
:10321000C4F20201884200F08180FFE70F98006845
:103220002821C4F20201884278D0FFE70F98006895
:103230004021C4F20201884270D0FFE70F98006875
:103240005821C4F20201884268D0FFE70F98006855
:103250007021C4F20201884260D0FFE70F98006835
:103260008821C4F20201884258D0FFE70F98006815
:10327000A021C4F20201884250D0FFE70F980068F5
:10328000B821C4F20201884248D0FFE70F980068D5
:1032900040F21041C4F2020188423FD0FFE70F988C
:1032A000006840F22841C4F20201884236D0FFE7AC
:1032B0000F98006840F24041C4F2020188422DD0CC
:1032C000FFE70F98006840F25841C4F202018842BB
:1032D00024D0FFE70F98006840F27041C4F2020169
:1032E00088421BD0FFE70F98006840F28841C4F283
:1032F0000201884212D0FFE70F98006840F2A04117
:10330000C4F20201884209D0FFE70F98006840F23A
:10331000B841C4F20201884207D1FFE70F98016863
:10332000086820F00800086006E00F980168086847
:1033300020F004000860FFE7FFE70F98006C20B161
:10334000FFE70F98016C8847FFE7FFE7B3E10D98AF
:103350000F99C96D01F01F01C8408007002840F196
:10336000E180FFE79DF830008007002840F1DA8017
:10337000FFE70F98C06D00F01F01022088400899F8
:1033800048609DF831000006002818D5FFE79DF839
:103390003200C00748B9FFE70F98406C20B1FFE743
:1033A0000F98416C8847FFE708E00F98C06B20B189
:1033B000FFE70F98C16B8847FFE7FFE7B1E09DF893
:1033C00030008006002800F1A380FFE70F98006816
:1033D0001021C4F20201884200F08180FFE70F98BB
:1033E00000682821C4F20201884278D0FFE70F98D4
:1033F00000684021C4F20201884270D0FFE70F98B4
:1034000000685821C4F20201884268D0FFE70F9893
:1034100000687021C4F20201884260D0FFE70F9873
:1034200000688821C4F20201884258D0FFE70F9853
:103430000068A021C4F20201884250D0FFE70F9833
:103440000068B821C4F20201884248D0FFE70F9813
:10345000006840F21041C4F2020188423FD0FFE709
:103460000F98006840F22841C4F20201884236D029
:10347000FFE70F98006840F24041C4F20201884221
:103480002DD0FFE70F98006840F25841C4F20201C6
:10349000884224D0FFE70F98006840F27041C4F2E0
:1034A000020188421BD0FFE70F98006840F2884174
:1034B000C4F20201884212D0FFE70F98006840F280
:1034C000A041C4F20201884209D0FFE70F980068CA
:1034D00040F2B841C4F20201884207D1FFE70F98D9
:1034E0000168086820F01400086006E00F98016881
:1034F000086820F00A000860FFE70F99012081F8B2
:103500003500FFE70F99002081F83400FFE7FFE75F
:103510000F98C06B20B1FFE70F98C16B8847FFE79A
:10352000FFE7C7E00D980F99C96D01F01F01C84072
:103530000007002840F1BC80FFE79DF8300000073D
:10354000002840F1B580FFE70F9800681021C4F211
:103550000201884200F08180FFE70F98006828216F
:10356000C4F20201884278D0FFE70F98006840213A
:10357000C4F20201884270D0FFE70F98006858211A
:10358000C4F20201884268D0FFE70F9800687021FA
:10359000C4F20201884260D0FFE70F9800688821DA
:1035A000C4F20201884258D0FFE70F980068A021BA
:1035B000C4F20201884250D0FFE70F980068B8219A
:1035C000C4F20201884248D0FFE70F98006840F239
:1035D0001041C4F2020188423FD0FFE70F98006813
:1035E00040F22841C4F20201884236D0FFE70F982A
:1035F000006840F24041C4F2020188422DD0FFE74A
:103600000F98006840F25841C4F20201884224D069
:10361000FFE70F98006840F27041C4F2020188424F
:103620001BD0FFE70F98006840F28841C4F2020106
:10363000884212D0FFE70F98006840F2A041C4F220
:103640000201884209D0FFE70F98006840F2B841B4
:10365000C4F20201884207D1FFE70F9801680868A9
:1036600020F01C00086006E00F980168086820F050
:103670000E000860FFE70F98C06D00F01F010120E9
:1036800000FA01F1089A51600F9948650F9981F885
:103690003500FFE70F99002081F83400FFE70F980D
:1036A000C06C20B1FFE70F98C16C8847FFE700E0CE
:1036B000FFE7FFE7FFE700E0FFE7FFE710B080BDAF
:1036C00010B58EB00C9002F0C7FD0A900C9828B986
:1036D000FFE701208DF8370000F09EBC0C980168D0
:1036E00001201022C4F202029142079000F0A38050
:1036F000FFE70C98016801202822C4F202029142DF
:10370000079000F09880FFE70C98016801204022A4
:10371000C4F202029142079000F08D80FFE70C98FE
:10372000016801205822C4F202029142079000F081
:103730008280FFE70C98016801207022C4F2020227
:103740009142079077D0FFE70C980168012088220A
:10375000C4F20202914207906DD0FFE70C98016815
:103760000120A022C4F202029142079063D0FFE739
:103770000C9801680120B822C4F20202914207901D
:1037800059D0FFE70C980168012040F21042C4F2C2
:103790000202914207904ED0FFE70C980168012089
:1037A00040F22842C4F202029142079043D0FFE760
:1037B0000C980168012040F24042C4F2020291429A
:1037C000079038D0FFE70C980168012040F258427A
:1037D000C4F20202914207902DD0FFE70C980168D5
:1037E000012040F27042C4F202029142079022D0BE
:1037F000FFE70C980168012040F28842C4F20202FF
:103800009142079017D0FFE70C980168012040F221
:10381000A042C4F20202914207900CD0FFE70C983C
:1038200000684FF64831CBF6FD710844B0FA80F0DD
:1038300040090790FFE70798C007002800F078814B
:10384000FFE70C98406A08B1FFE7FFE70C990220F8
:1038500081F83500FFE70C99002081F83400FFE77C
:103860000C9800681021C4F20201884200F08180A7
:10387000FFE70C9800682821C4F20201884278D042
:10388000FFE70C9800684021C4F20201884270D022
:10389000FFE70C9800685821C4F20201884268D002
:1038A000FFE70C9800687021C4F20201884260D0E2
:1038B000FFE70C9800688821C4F20201884258D0C2
:1038C000FFE70C980068A021C4F20201884250D0A2
:1038D000FFE70C980068B821C4F20201884248D082
:1038E000FFE70C98006840F21041C4F202018842E0
:1038F0003FD0FFE70C98006840F22841C4F2020173
:10390000884236D0FFE70C98006840F24041C4F28C
:10391000020188422DD0FFE70C98006840F2584120
:10392000C4F20201884224D0FFE70C98006840F2FC
:103930007041C4F2020188421BD0FFE70C98006876
:1039400040F28841C4F20201884212D0FFE70C988D
:10395000006840F2A041C4F20201884209D0FFE7AA
:103960000C98006840F2B841C4F20201884207D1C5
:10397000FFE70C980168086820F00100086006E085
:103980000C980168086820F001000860FFE7FFE775
:103990000C9800680068C00798B1FFE702F05CFC73
:1039A0000A99401A06280BD3FFE70C992020486596
:1039B0000C99032081F8350001208DF837002BE3A6
:1039C000E6E70C98006800680B900B9848F23F01FE
:1039D000CFF6106108400B900C998868D1F80CC0A4
:1039E0000B694A6940EA0C00184310438A69104386
:1039F000CA691043096A01430B9808430B900C985D
:103A0000406A042808D1FFE70C99C86A096B014392
:103A10000B9808430B90FFE70C984068292807D3C0
:103A2000FFE70C98416801202F29069036D3FFE765
:103A30000C9840683F2807D3FFE70C9841680120A5
:103A4000432906902AD3FFE70C984068472807D3FC
:103A5000FFE70C9841680120492906901ED3FFE733
:103A60000C9840684F2807D3FFE70C984168012065
:103A70005329069012D3FFE70C984168002074295F
:103A8000059008D3FFE70C9841680020782938BFDB
:103A900001200590FFE705980690FFE70698C0070C
:103AA00028B1FFE70B9840F480100B90FFE70B98CC
:103AB0000C99096808600C98006840690B900B9895
:103AC00020F007000B900C98416A0B9808430B906C
:103AD0000C98406A04281AD1FFE70C98816A0B9869
:103AE00008430B900C98C06A80B1FFE70C98FCF774
:103AF000F7FF50B1FFE70C99402048650C99012071
:103B000081F835008DF8370086E2FFE7FFE70B9874
:103B10000C99096848610C98FCF7A6FD09900C986F
:103B2000C06D00F01F013F2088400999886026E1A0
:103B30000C980168012045F20842C5F60202914244
:103B400004904ED0FFE70C980168012045F21C421A
:103B5000C5F602029142049043D0FFE70C98016839
:103B6000012045F23042C5F602029142049038D05D
:103B7000FFE70C980168012045F24442C5F60202B5
:103B8000914204902DD0FFE70C980168012045F286
:103B90005842C5F602029142049022D0FFE70C98E9
:103BA0000168012045F26C42C5F602029142049080
:103BB00017D0FFE70C980168012045F28042C5F656
:103BC0000202914204900CD0FFE70C9800684AF67C
:103BD0006C31CAF2FD710844B0FA80F040090490DB
:103BE000FFE70498C007002800F0BD80FFE70C98AD
:103BF0000168012045F20842C5F602029142039095
:103C00004ED0FFE70C980168012045F21C42C5F632
:103C100002029142039043D0FFE70C980168012013
:103C200045F23042C5F602029142039038D0FFE7D8
:103C30000C980168012045F24442C5F60202914207
:103C400003902DD0FFE70C980168012045F25842FF
:103C5000C5F602029142039022D0FFE70C9801685A
:103C6000012045F26C42C5F602029142039017D042
:103C7000FFE70C980168012045F28042C5F6020278
:103C8000914203900CD0FFE70C9800684AF66C3123
:103C9000CAF2FD710844B0FA80F040090390FFE7D2
:103CA0000398C00708B1FFE7FFE70C99022081F8ED
:103CB0003500FFE70C99002081F83400FFE70C98ED
:103CC000006800680B900B986FF310100B900C9825
:103CD0008068402803D1FFE71020029008E00C988C
:103CE00080688038B0FA80F0400980030290FFE7D6
:103CF00002980C99CA680B69D1F814C0D1F818E081
:103D0000CC694EEA040E4CEA0E0C43EA0C031A434B
:103D100040EAD200096A40EA11110B9808430B905F
:103D20000B980C99096808600C9908684AF6F832F3
:103D3000CAF2FD7210444CF6CD42CCF6CC42A0FB48
:103D400002026FF0030000EA9200C8650C98FCF7CD
:103D50008BFC08900C98C06D00F01F01012088407A
:103D6000089948600AE00C99402048650C990320A6
:103D700081F8350001208DF837004DE1FFE70C9800
:103D8000016801201022C4F202029142019000F069
:103D90000381FFE70C98016801202822C4F2020287
:103DA0009142019000F0F880FFE70C980168012033
:103DB0004022C4F202029142019000F0ED80FFE740
:103DC0000C98016801205822C4F20202914201902D
:103DD00000F0E280FFE70C98016801207022C4F235
:103DE00002029142019000F0D780FFE70C98016831
:103DF00001208822C4F202029142019000F0CC809E
:103E0000FFE70C9801680120A022C4F2020291424F
:103E1000019000F0C180FFE70C9801680120B822F2
:103E2000C4F202029142019000F0B680FFE70C98C4
:103E30000168012040F21042C4F202029142019056
:103E400000F0AA80FFE70C980168012040F22842A8
:103E5000C4F202029142019000F09E80FFE70C98AC
:103E60000168012040F24042C4F2020291420190F6
:103E700000F09280FFE70C980168012040F2584260
:103E8000C4F202029142019000F08680FFE70C9894
:103E90000168012040F27042C4F202029142019096
:103EA0007AD0FFE70C980168012040F28842C4F202
:103EB0000202914201906FD0FFE70C980168012047
:103EC00040F2A042C4F202029142019064D0FFE7A6
:103ED0000C980168012040F2B842C4F202029142FB
:103EE000019059D0FFE70C980168012045F2084283
:103EF000C5F60202914201904ED0FFE70C9801688E
:103F0000012045F21C42C5F602029142019043D0C5
:103F1000FFE70C980168012045F23042C5F6020225
:103F20009142019038D0FFE70C980168012045F2DA
:103F30004442C5F60202914201902DD0FFE70C9851
:103F40000168012045F25842C5F6020291420190F3
:103F500022D0FFE70C980168012045F26C42C5F6BB
:103F600002029142019017D0FFE70C9801680120EE
:103F700045F28042C5F60202914201900CD0FFE763
:103F80000C9800684AF66C31CAF2FD710844B0FA28
:103F900080F040090190FFE70198C00790B3FFE768
:103FA0000C98FCF749FC0C988068802804D1FFE746
:103FB0000C9900204860FFE70C990879096E0860A9
:103FC0000C98416E806E48600C98406888B1FFE79D
:103FD0000C98406808280CD8FFE70C98FCF7E8FC20
:103FE0000C98C16E002008600C98016F406F48600B
:103FF00007E00C990020C8660C9908670C9948677F
:10400000FFE7FFE70C99002048650C9A012182F830
:1040100035108DF83700FFE79DF837000EB010BD62
:1040200080B588B0069005910492039300208DF826
:104030000B00069820B9FFE701208DF81F006CE304
:10404000FFE7069890F83400012804D1FFE702202A
:104050008DF81F0061E30699012081F83400FFE725
:10406000FFE7069890F83500012840F04383FFE70A
:104070000699022081F835000699002048650698C7
:1040800000681021C4F20201884200F08180FFE73D
:10409000069800682821C4F20201884278D0FFE720
:1040A000069800684021C4F20201884270D0FFE700
:1040B000069800685821C4F20201884268D0FFE7E0
:1040C000069800687021C4F20201884260D0FFE7C0
:1040D000069800688821C4F20201884258D0FFE7A0
:1040E00006980068A021C4F20201884250D0FFE780
:1040F00006980068B821C4F20201884248D0FFE760
:104100000698006840F21041C4F2020188423FD094
:10411000FFE70698006840F22841C4F20201884295
:1041200036D0FFE70698006840F24041C4F2020131
:1041300088422DD0FFE70698006840F25841C4F24B
:104140000201884224D0FFE70698006840F27041DF
:10415000C4F2020188421BD0FFE70698006840F2D3
:104160008841C4F20201884212D0FFE70698006835
:1041700040F2A041C4F20201884209D0FFE706984C
:10418000006840F2B841C4F20201884207D1FFE75B
:1041900006980168086820F00100086006E00698AB
:1041A0000168086820F001000860FFE7069805999B
:1041B000049A039BFCF70CFD06980168012010226D
:1041C000C4F202029142019000F0A380FFE706983A
:1041D000016801202822C4F202029142019000F0FD
:1041E0009880FFE70698016801204022C4F202028D
:1041F0009142019000F08D80FFE706980168012050
:104200005822C4F202029142019000F08280FFE73E
:104210000698016801207022C4F2020291420190C6
:1042200077D0FFE70698016801208822C4F20202D5
:10423000914201906DD0FFE7069801680120A0220D
:10424000C4F202029142019063D0FFE70698016830
:104250000120B822C4F202029142019059D0FFE736
:1042600006980168012040F21042C4F20202914215
:1042700001904ED0FFE706980168012040F22842E5
:10428000C4F202029142019043D0FFE70698016810
:10429000012040F24042C4F202029142019038D023
:1042A000FFE706980168012040F25842C4F202027A
:1042B000914201902DD0FFE706980168012040F25D
:1042C0007042C4F202029142019022D0FFE70698A8
:1042D0000168012040F28842C4F20202914201903A
:1042E00017D0FFE706980168012040F2A042C4F20F
:1042F0000202914201900CD0FFE7069800684FF649
:104300004831CBF6FD710844B0FA80F040090190C5
:10431000FFE70198C007A8B1FFE7069800680068AA
:104320000B2161F344000699096808600698006C47
:1043300038B1FFE706980168086840F00800086097
:10434000FFE714E0069800680068052161F3430068
:104350000699096808600698006C38B1FFE706986E
:104360000168086840F004000860FFE7FFE706986E
:10437000016801201022C4F202029142009000F074
:104380000381FFE70698016801202822C4F2020297
:104390009142009000F0F880FFE706980168012044
:1043A0004022C4F202029142009000F0ED80FFE74B
:1043B0000698016801205822C4F20202914200903E
:1043C00000F0E280FFE70698016801207022C4F245
:1043D00002029142009000F0D780FFE70698016842
:1043E00001208822C4F202029142009000F0CC80A9
:1043F000FFE7069801680120A022C4F20202914260
:10440000009000F0C180FFE7069801680120B82203
:10441000C4F202029142009000F0B680FFE70698D5
:104420000168012040F21042C4F202029142009061
:1044300000F0AA80FFE706980168012040F22842B8
:10444000C4F202029142009000F09E80FFE70698BD
:104450000168012040F24042C4F202029142009001
:1044600000F09280FFE706980168012040F2584270
:10447000C4F202029142009000F08680FFE70698A5
:104480000168012040F27042C4F2020291420090A1
:104490007AD0FFE706980168012040F28842C4F212
:1044A0000202914200906FD0FFE706980168012058
:1044B00040F2A042C4F202029142009064D0FFE7B1
:1044C00006980168012040F2B842C4F2020291420B
:1044D000009059D0FFE706980168012045F2084294
:1044E000C5F60202914200904ED0FFE7069801689F
:1044F000012045F21C42C5F602029142009043D0D1
:10450000FFE706980168012045F23042C5F6020235
:104510009142009038D0FFE706980168012045F2EB
:104520004442C5F60202914200902DD0FFE7069862
:104530000168012045F25842C5F6020291420090FE
:1045400022D0FFE706980168012045F26C42C5F6CB
:1045500002029142009017D0FFE7069801680120FF
:1045600045F28042C5F60202914200900CD0FFE76E
:10457000069800684AF66C31CAF2FD710844B0FA38
:1045800080F040090090FFE70098C007D0B1FFE736
:104590000698006E0068C003002807D5FFE706985C
:1045A000016E086840F480700860FFE70698C06EEE
:1045B00038B1FFE70698C16E086840F48070086063
:1045C000FFE7FFE7069800681021C4F20201884265
:1045D00000F08180FFE7069800682821C4F20201FC
:1045E000884278D0FFE7069800684021C4F20201B3
:1045F000884270D0FFE7069800685821C4F2020193
:10460000884268D0FFE7069800687021C4F2020172
:10461000884260D0FFE7069800688821C4F2020152
:10462000884258D0FFE706980068A021C4F2020132
:10463000884250D0FFE706980068B821C4F2020112
:10464000884248D0FFE70698006840F21041C4F263
:10465000020188423FD0FFE70698006840F22841F7
:10466000C4F20201884236D0FFE70698006840F2A3
:104670004041C4F2020188422DD0FFE7069800684D
:1046800040F25841C4F20201884224D0FFE7069864
:10469000006840F27041C4F2020188421BD0FFE77B
:1046A0000698006840F28841C4F20201884212D0A4
:1046B000FFE70698006840F2A041C4F20201884278
:1046C00009D0FFE70698006840F2B841C4F2020141
:1046D000884207D1FFE706980168086840F00100AA
:1046E000086006E006980168086840F0010008606C
:1046F000FFE70DE006994FF400604865FFE7069973
:10470000002081F83400FFE701208DF80B00FFE75F
:104710009DF80B008DF81F00FFE79DF81F0008B003
:1047200080BD00000000000085B00390029101925E
:10473000039890F898008DF803009DF80300012875
:1047400005D0FFE79DF8030002285DD1FFE702983E
:1047500003990968896D084207D1FFE7039801684A
:10476000C86D40F00100C86515E00298039909681A
:10477000896D08400299884207D1FFE703980168D4
:10478000C86D40F00200C86504E00398016803208A
:10479000C865FFE7FFE79DF809008007002809D5F5
:1047A000FFE7019A03980168D1F8E0001043C1F8CF
:1047B000E000FFE79DF809004007002809D5FFE762
:1047C000019A03980168D1F8E4001043C1F8E400AD
:1047D000FFE7FFE702984FF6FF71C3F6CF7100EADB
:1047E000010203980168486D10434865029A4AF631
:1047F0001401C4F20001086840EA92700860FFE703
:1048000000208DF813000AE00399D1F89C0040F0D5
:104810000200C1F89C0001208DF81300FFE79DF80D
:10482000130005B07047000080B586B00490039176
:1048300002920398406808B9FFE700E0FFE7049898
:1048400090F89800022845D1FFE704980068D0F856
:10485000C00010F07C5F0BD1FFE70499D1F89C00F9
:1048600040F02000C1F89C0001208DF817003CE0CA
:1048700004980068D0F8C400800200280BD5FFE738
:104880000499D1F89C0040F40070C1F89C0001200C
:104890008DF8170029E004980068D0F8C400C0F330
:1048A0000440019004980399029A019BFCF7B8FD1B
:1048B0000199012000FA01F1049A1268C2F8D0109F
:1048C000019988400499C1F89400FFE700208DF811
:1048D00017000AE00499D1F89C0040F00800C1F8E4
:1048E0009C0001208DF81700FFE79DF8170006B027
:1048F00080BD00000000000082B00190009102B075
:10490000704700000000000087B0059004910598F2
:1049100090F898008DF803009DF80300012805D059
:10492000FFE79DF8030002286AD1FFE70498C068FA
:10493000072801D1FFE7FFE70498006878BBFFE78D
:104940000498C068072801D0FFE7FFE70498C06813
:1049500007280CD1FFE7049A10699169D269000415
:1049600040EA0220084340F0605003900CE00499B4
:104970008868CB680A694969800740EAC36040EAF1
:10498000024008430390FFE70598C06E0499496808
:1049900000EB810001900398019908602CE00498D5
:1049A000C068072801D0FFE7FFE70498C1680069E5
:1049B00040EA417003900498C068072804D1FFE7DB
:1049C00004988069029006E004988168406940EA92
:1049D00081700290FFE70598006F0499496800EB29
:1049E000C10001900398019908600198043001907A
:1049F000029801990860FFE700208DF81B000AE08B
:104A00000599D1F89C0040F00200C1F89C000120FB
:104A10008DF81B00FFE79DF81B0007B070470000F2
:104A200085B0DDF814C003900291019200930398C1
:104A300090F89800012812D1FFE70298000101992F
:104A400040EA8100009940EA410005990843039932
:104A50000968C1F8800000208DF813000AE003996E
:104A6000D1F89C0040F00400C1F89C0001208DF8B2
:104A70001300FFE79DF8130005B070470000000029
:104A800081B0009001B0704782B00190009102B0F7
:104A900070470000000000008AB00890079106925D
:104AA000059300200190089890F898008DF8030075
:104AB0009DF80300022840F05C81FFE7079840283A
:104AC00051D1FFE708980068D0F8A00010F4FE0F5D
:104AD0000BD1FFE70899D1F89C0040F02000C1F805
:104AE0009C0001208DF827004EE108980068D0F85E
:104AF000A400400658B9FFE70899D1F89C0040F49B
:104B00008070C1F89C0001208DF827003CE10898D6
:104B10000068D0F8A40000F080710120B0EB116FA4
:104B20000DD1FFE708980068D0F8A0100120B0EB85
:104B3000D17F03D1FFE701200190FFE7FFE708984D
:104B40000068D0F8A40000F47C51019800EB11201B
:104B500001900898426C406F0199514300EB81002D
:104B60000490FFE770E00798412851D1FFE70898CB
:104B70000068D0F8B00010F4FE0F0BD1FFE70899E1
:104B8000D1F89C0040F02000C1F89C0001208DF875
:104B90002700F9E008980068D0F8B400400658B93A
:104BA000FFE70899D1F89C0040F48070C1F89C00A0
:104BB00001208DF82700E7E008980068D0F8B400DD
:104BC00000F080710120B0EB116F0DD1FFE7089864
:104BD0000068D0F8B0100120B0EBD17F03D1FFE71F
:104BE00001200190FFE7FFE708980068D0F8B400C3
:104BF00000F47C51019800EB112001900898C26CE0
:104C0000806F0199514300EB81000490FFE71AE0A7
:104C100007980899096D88420BD3FFE70899D1F8E6
:104C20009C0040F02000C1F89C0001208DF8270076
:104C3000AAE00898426DC06F0799514300EB8100CC
:104C40000490FFE7FFE7FFE70498006800F080406A
:104C5000069948600698406838B9FFE704980068EC
:104C6000C0F38A400699086006E00498006820F0C6
:104C7000604006990860FFE70498006800F0005063
:104C8000069988600498006800F000400699086161
:104C9000049804300490049800880699C861049828
:104CA0000068C0F303400699C8600498006800F4E7
:104CB0008010069948610498006800F40010069975
:104CC000886104980068C0F3066006990862049839
:104CD0000068C00F06994862049804300490049854
:104CE000039000200290FFE702980699CA6842F6F6
:104CF000F811C0F60101895C88420AD2FFE70398E7
:104D0000029A805C05998854FFE70298013002906E
:104D1000EAE70798402806D1FFE701980899096853
:104D2000C1F8A80021E00798412806D1FFE70198C3
:104D300008990968C1F8B80016E007981F2808D834
:104D4000FFE707990120884008990968C1F8980091
:104D500009E0079800F01F010120884008990968C0
:104D6000C1F89C00FFE7FFE7FFE700208DF8270070
:104D70000AE00899D1F89C0040F00800C1F89C00B6
:104D800001208DF82700FFE79DF827000AB0704743
:104D900081B0009001B0704780B594B013904AF68E
:104DA0001000C4F200000068800712904AF6140058
:104DB000C4F200000168129800EA81701290139802
:104DC0000068006D00F47040119013980068416D08
:104DD00011980840119013980068006D00F00F00C2
:104DE000109013980068416D109808401090139827
:104DF0000068006D00F0F0000F9013980068416D9E
:104E00000F9808400F9013980068006D00F07150E3
:104E10000E9013980068416D0E9808400E901398FC
:104E20000068006D00F060700D9013980068416D8F
:104E30000D9808400D9013980068406D03901398EA
:104E40000068006D01909DF80D00C007B8B1FFE744
:104E50009DF80500C00788B1FFE7FFE713980168D8
:104E60004FF4807008654AF61001C4F2000100207A
:104E70000860FFE71398FFF78BFFFFE7FFE79DF858
:104E80000D0000F004010020B0EB910F28D0FFE7E7
:104E90009DF8050000F004010020B0EB910F1ED03A
:104EA000FFE713980068D0F8DC000B9013980068B7
:104EB000D0F8E4100B9808400B90FFE713980168B6
:104EC0004FF4806008654AF61001C4F2000100202A
:104ED0000860FFE713980B9900F0A2FEFFE7FFE7D9
:104EE0001298B8B1FFE7FFE712984FF6FF71C3F6CB
:104EF000CF7108401399096808651298800F4AF627
:104F00001001C4F200010860FFE713981299FFF73F
:104F1000F3FCFFE71198B8B1FFE7FFE711984FF6F0
:104F2000FF71C3F6CF71084013990968086511989D
:104F3000800F4AF61001C4F200010860FFE71398E1
:104F4000119900F07DFEFFE71098B8B1FFE7FFE789
:104F500010984FF6FF71C3F6CF7108401399096896
:104F600008651098800F4AF61001C4F2000108602D
:104F7000FFE71398109900F023FDFFE70F98B8B1F1
:104F8000FFE7FFE70F984FF6FF71C3F6CF710840B8
:104F90001399096808650F98800F4AF61001C4F24A
:104FA00000010860FFE713980F9900F079FDFFE713
:104FB0009DF80D0000F008010020B0EBD10F1BD0D0
:104FC000FFE79DF8050000F008010020B0EBD10FCD
:104FD00011D0FFE7FFE7139801684FF40060086500
:104FE0004AF61001C4F2000100200860FFE71398A0
:104FF00000F02EFEFFE7FFE79DF80D0000F0020134
:105000000020B0EB510F28D0FFE79DF8050000F01D
:1050100002010020B0EB510F1ED0FFE7139800688B
:10502000D0F8D8000C9013980068D0F8E0100C98D5
:1050300008400C90FFE7139801684FF40070086572
:105040004AF61001C4F2000100200860FFE713983F
:105050000C9900F0EDFDFFE7FFE79DF80E0000F072
:1050600008010020B0EBD10F1BD0FFE79DF8060030
:1050700000F008010020B0EBD10F11D0FFE7FFE7EF
:10508000139801684FF4002008654AF61001C4F235
:10509000000100200860FFE7139800F08DFCFFE797
:1050A000FFE79DF80E00C007B8B1FFE79DF80600C6
:1050B000C00788B1FFE7FFE7139801684FF480301D
:1050C00008654AF61001C4F2000100200860FFE7FD
:1050D000139800F0A1FDFFE7FFE79DF80E0000F038
:1050E00004010020B0EB910F1BD0FFE79DF80600F4
:1050F00000F004010020B0EB910F11D0FFE7FFE7B3
:10510000139801684FF4802008654AF61001C4F234
:10511000000100200860FFE7139800F079FDFFE729
:10512000FFE79DF80E0000F002010020B0EB510FE8
:105130001FD0FFE79DF8060000F002010020B0EB51
:10514000510F15D0FFE7FFE7139801684FF40030C7
:1051500008654AF61001C4F2000100200860FFE76C
:105160001399D1F89C0040F08000C1F89C00FFE743
:10517000FFE70D98B8B1FFE7FFE70D984FF6FF7115
:10518000C3F6CF7108401399096808650D98800F20
:105190004AF61001C4F200010860FFE713980D9968
:1051A000FFF772FCFFE70E98D0B1FFE7FFE70E981C
:1051B0004FF6FF71C3F6CF7108401399096808656F
:1051C0000E98800F4AF61001C4F200010860FFE754
:1051D0000E9A1399D1F89C001043C1F89C00FFE788
:1051E000139800684AF20001C4F20001884240F0BE
:1051F000B980FFE71398406880688007002800F0B6
:10520000B080FFE713984068006A00F00F000A9032
:1052100013984068416A0A9808400A9013984068B9
:10522000006A00F03000099013984068416A0998BC
:105230000840099013984068006A00F4C070089014
:1052400013984068416A089808400890139840688D
:10525000006A00F4FC40079013984068416A079880
:105260000840079013984068006A00F4F020069008
:1052700013984068416A0698084006901398406861
:10528000406A029013984068006A00900A9848B1FA
:10529000FFE70A9813994968086213980A9900F081
:1052A0009FFCFFE7099848B1FFE7099813994968FF
:1052B00008621398099900F0A3FCFFE79DF8080025
:1052C00000F040010020B0EB911F1FD0FFE79DF8D8
:1052D000000000F040010020B0EB911F15D0FFE767
:1052E00013984068C06B000C059013984068C06B21
:1052F00000F03F0004901398416840200862139822
:105300000599049A00F074FCFFE7FFE7089848B19C
:10531000FFE708981399496808621398089900F004
:1053200057FCFFE7079860B1FFE7079813994968B2
:105330000862079A1399D1F89C001043C1F89C00A9
:10534000FFE7069860B1FFE706981399496808627D
:10535000069A1399D1F89C001043C1F89C00FFE70E
:10536000FFE7FFE71398D0F89C0020B1FFE7139800
:10537000FFF786FBFFE714B080BD000000000000CF
:1053800080B598B0169042F69C11C0F6010101A8B4
:105390004C22FBF785F8169820B9FFE701208DF81D
:1053A0005F00D9E1169800684AF20001C4F20001DA
:1053B000884206D1FFE71699086800F580704860BA
:1053C000FFE716988068B0F5407F01D1FFE7FFE75F
:1053D0001698006C08B1FFE7FFE71698806C08B1DB
:1053E000FFE7FFE71698006D08B1FFE7FFE71698A3
:1053F000006E08B1FFE7FFE71699C86D096E084413
:1054000008B1FFE7FFE7169890F8980040B9FFE76A
:105410001699002081F89900169800F0A1F9FFE78D
:1054200016980168886920F01000886100F014FF68
:105430001590FFE71698006880690007002817D5C7
:10544000FFE700F009FF1599401A0B280FD3FFE77B
:105450001699D1F89C0040F00100C1F89C00169903
:10546000032081F8980001208DF85F0074E1E1E7E6
:1054700016980168886940F00100886100F0ECFE30
:105480001590FFE7169800688069C007B8B9FFE774
:1054900000F0E2FE1599401A0B280FD3FFE716998A
:1054A000D1F89C0040F00100C1F89C00169903203F
:1054B00081F8980001208DF85F004DE1E2E7169831
:1054C0000168886940F0020088611698007C012814
:1054D00007D1FFE716980168886920F040008861CD
:1054E00006E016980168886940F040008861FFE78F
:1054F0001698407C012807D1FFE716980168886953
:1055000040F48040886106E016980168886920F4BC
:1055100080408861FFE71698807C012807D1FFE76B
:1055200016980168886920F48050886106E0169812
:105530000168886940F480508861FFE71698006828
:10554000806920F44070169A11689268104388614F
:1055500016980168886920F0A4008861169801688F
:10556000086920F0100008611698C068012807D16A
:10557000FFE716980168886940F0040088612BE015
:105580001698C06830B3FFE71698C068022819D093
:10559000FFE716980168886940F0800088611698D6
:1055A0000168086940F0100008611698C068032877
:1055B00007D1FFE716980168886940F020008861EC
:1055C000FFE706E016980168886940F020008861CE
:1055D000FFE700E0FFE7FFE7169A1168536990695B
:1055E000D2F81CE0A0F1010C6FF0FF0000EB0E20E0
:1055F00040EA4C60126A013A10430022CFF6FF7273
:1056000002EB03421043C86116988068B0F5407FF2
:105610001CD1FFE7169A1168536A906AD2F82CE001
:1056200001386FF0FF0C0CEB0E2C40EA0C00D2F8A6
:1056300030C06FF00F0202EB0C1210430022CFF6C5
:10564000FF7202EB03421043C860FFE71698006E3A
:1056500048B1FFE716980168426ED1F8C0001043C8
:10566000C1F8C000FFE71699C86D096E084480B103
:10567000FFE716980068D0F8C80020F00700169AD7
:105680001168936E01AA52F823201043C1F8C80094
:10569000FFE71698006C80B1FFE716980068D0F815
:1056A000BC0020F00700169A1168536C01AA52F84A
:1056B00023201043C1F8BC00FFE71698806C88B126
:1056C000FFE716980068D0F8BC0020F07000169A2A
:1056D0001168D36C01AA52F8232040EA0210C1F8E5
:1056E000BC00FFE71698006D88B1FFE716980068C8
:1056F000D0F8BC0020F4E060169A1168536D01AA3E
:1057000052F8232040EA0220C1F8BC00FFE71698B7
:1057100000684AF20001C4F20001884207D1FFE7A5
:1057200016984168886820F003008860FFE71699A2
:105730000020C1F894001699C1F89C001699012028
:1057400081F898001698FBF707FD8DF853009DF837
:1057500053008DF85F00FFE79DF85F0018B080BD33
:1057600080B5C0B03F9000203E903D903C903B9073
:105770003A900CA8B821FAF7C5FE3F9800684AF2A3
:105780000001C4F20001884255D1FFE700200D90CE
:105790004FF400400C904FF0805027900CA801F07F
:1057A0004FF918B1FFE7FBF7B7FCFFE740F2102015
:1057B000C2F200400168013101600068012810D187
:1057C000FFE7FFE744F2EC40C5F60200016841F450
:1057D00080710160006800F480700B900B98FFE707
:1057E000FFE7FFE744F2E040C5F60200016841F040
:1057F00008010160006800F008000A900A98FFE7BD
:1058000003203A9002203B90002004903C903D9071
:1058100009203E9040F60040C5F602003AA900F08B
:1058200017FB049A13200590114600F0D1FD05984E
:1058300000F0C2FDBEE03F9800684AF20041C4F2A9
:105840000001884255D1FFE700200D904FF4004041
:105850000C904FF0805027900CA801F0F1F818B18F
:10586000FFE7FBF759FCFFE740F21020C2F20040CF
:105870000168013101600068012810D1FFE7FFE7EE
:1058800044F2EC40C5F60200016841F48071016009
:10589000006800F4807009900998FFE7FFE7FFE7D0
:1058A00044F2E040C5F60200016841F002010160E7
:1058B000006800F0020008900898FFE760203A9026
:1058C00002203B90002002903C903D9009203E90A9
:1058D00040F20040C5F602003AA900F0B9FA029A77
:1058E00014200390114600F073FD039800F064FD4E
:1058F0005FE03F9800684DF20041C4F20001884229
:1059000056D1FFE700200D904FF400400C904FF06F
:10591000805027900CA801F093F818B1FFE7FBF72F
:10592000FBFBFFE740F21020C2F2004001680131AA
:1059300001600068012810D1FFE7FFE744F2EC4066
:10594000C5F60200016841F480710160006800F44E
:10595000807007900798FFE7FFE7FFE744F2E04019
:10596000C5F60200016841F008010160006800F01E
:10597000080006900698FFE74FF440503A90022046
:105980003B90002000903C903D9005203E9040F6DA
:105990000040C5F602003AA900F05AFA009A9F208A
:1059A0000190114600F014FD019800F005FDFFE79D
:1059B000FFE7FFE740B080BD81B0009001B07047C5
:1059C00080B586B005900491059800684AF2000100
:1059D000C4F20001884219D1FFE7059840F298010E
:1059E000C2F2004103910A1D01F12C034021FFF78F
:1059F00053F80398406B40B1FFE740F29800C2F2C1
:105A00000040416B04308847FFE745E00598006897
:105A10004AF20041C4F20001884219D1FFE705981B
:105A200040F2F801C2F2004102910A1D01F12C037B
:105A30004021FFF731F80298406B40B1FFE740F298
:105A4000F800C2F20040416B04308847FFE722E0D3
:105A5000059800684DF20041C4F20001884219D156
:105A6000FFE7059840F25811C2F2004101910A1D6A
:105A700001F12C034021FFF70FF80198406B40B172
:105A8000FFE740F25810C2F20040416B04308847F3
:105A9000FFE7FFE7FFE7FFE706B080BD000000007B
:105AA00080B586B005900491059800684AF200011F
:105AB000C4F20001884219D1FFE7059840F298012D
:105AC000C2F2004103910A1D01F12C034121FEF7AE
:105AD000E3FF0398406B40B1FFE740F29800C2F249
:105AE0000040416B04308847FFE745E005980068B7
:105AF0004AF20041C4F20001884219D1FFE705983B
:105B000040F2F801C2F2004102910A1D01F12C039A
:105B10004121FEF7C1FF0298406B40B1FFE740F220
:105B2000F800C2F20040416B04308847FFE722E0F2
:105B3000059800684DF20041C4F20001884219D175
:105B4000FFE7059840F25811C2F2004101910A1D89
:105B500001F12C034121FEF79FFF0198406B40B1FA
:105B6000FFE740F25810C2F20040416B0430884712
:105B7000FFE7FFE7FFE7FFE706B080BD000000009A
:105B800082B00090009890F89800012811D1FFE7AA
:105B90000099022081F8980000980168886920F037
:105BA0000100886100990020C1F89C008DF8070071
:105BB0000AE00099D1F89C0040F00400C1F89C0074
:105BC00001208DF80700FFE79DF8070002B070473D
:105BD00082B00190009102B0704700000000000008
:105BE00082B00190009102B07047000000000000F8
:105BF00083B002900191009203B070470000000052
:105C000082B00190009102B07047000000000000D7
:105C100081B0009001B0704781B0009001B0704732
:105C200082B00190009102B07047000000000000B7
:105C300082B00190009102B07047000000000000A7
:105C400082B00190009102B0704700000000000097
:105C500081B0009001B0704780B582B0ADF8060009
:105C6000BDF80600012807D1FFE740F29010C2F20C
:105C7000004040688047CAE0BDF80600022807D10E
:105C8000FFE740F2C810C2F2004040688047BDE024
:105C9000BDF80600042807D1FFE740F2D010C2F299
:105CA000004040688047B0E0BDF80600082807D1F2
:105CB000FFE740F2D810C2F2004040688047A3E0FE
:105CC000BDF80600102807D1FFE740F2E010C2F24D
:105CD00000404068804796E0BDF80600202807D1C4
:105CE000FFE740F2E810C2F200404068804789E0D8
:105CF000BDF80600402807D1FFE740F2F010C2F2DD
:105D00000040406880477CE0BDF80600802807D14D
:105D1000FFE740F2F810C2F20040406880476FE0B1
:105D2000BDF80600B0F5807F07D1FFE740F2002004
:105D3000C2F200404068804761E0BDF80600B0F55F
:105D4000007F07D1FFE740F20820C2F20040406820
:105D5000804753E0BDF80600B0F5806F07D1FFE73C
:105D600040F29810C2F200404068804745E0BDF81C
:105D70000600B0F5006F07D1FFE740F2A010C2F2B5
:105D800000404068804737E0BDF80600B0F5805F0E
:105D900007D1FFE740F2A810C2F2004040688047F8
:105DA00029E0BDF80600B0F5005F07D1FFE740F23B
:105DB000B010C2F20040406880471BE0BDF806000A
:105DC000B0F5804F07D1FFE740F2B810C2F20040B3
:105DD000406880470DE0BDF80600B0F5004F07D1E0
:105DE000FFE740F2C010C2F2004040688047FFE782
:105DF000FFE7FFE7FFE7FFE7FFE7FFE7FFE7FFE773
:105E0000FFE7FFE7FFE7FFE7FFE7FFE7FFE702B096
:105E100080BD00000000000080B582B0ADF8060033
:105E20008820C5F600000068BDF8061008420BD0B7
:105E3000FFE7BDF806008821C5F600010860BDF83F
:105E40000600FFF709FFFFE702B080BD0000000079
:105E50008FB00E900D9100200C908020C5F60000B0
:105E60000990FFE70D9800680C99C840002800F0E1
:105E7000C181FFE70D9800680C9A0121914008400C
:105E80000B900B98002800F0B181FFE70D98406857
:105E900000F00300012807D0FFE70D98406800F0EC
:105EA000030002282FD1FFE70E9880680A900C9813
:105EB0004100032000FA01F10A9888430A900D98E6
:105EC000C0680C99490000FA01F10A9808430A9049
:105ED0000A980E9988600E9840680A900C990120E3
:105EE00000FA01F10A9888430A900D984068C0F3BF
:105EF00000100C9900FA01F10A9808430A900A98D8
:105F00000E994860FFE70D98406800F003000328F1
:105F100018D0FFE70E98C0680A900C984100032043
:105F200000FA01F10A9888430A900D9880680C994C
:105F3000490000FA01F10A9808430A900A980E995C
:105F4000C860FFE70D98406800F00300022826D1E2
:105F5000FFE70E980C996FF0030202EA5101084422
:105F6000006A0A900C9800F0070081000F2000FAE8
:105F700001F10A9888430A900D9800690C9901F084
:105F80000701890000FA01F10A9808430A900A986B
:105F90000E990C9B02EA530211440862FFE70E9827
:105FA00000680A900C984100032000FA01F10A9859
:105FB00088430A900D98406800F003000C9949004E
:105FC00000FA01F10A9808430A900A980E990860AD
:105FD0000D9880798007002800F00781FFE7FFE730
:105FE00044F2F440C5F60200016841F0020101608C
:105FF000006800F0020008900898FFE70C9820F075
:10600000030040F20841C5F6000140580A900C9880
:1060100000F0030081000F2000FA01F10A98884384
:106020000A900E980021C5F60201884203D1FFE7CD
:10603000002007906CE00E9840F20041C5F6020186
:10604000884203D1FFE7012006905EE00E9840F6FB
:106050000001C5F60201884203D1FFE70220059046
:1060600050E00E9840F60041C5F60201884203D187
:10607000FFE70320049042E00E9841F20001C5F6CC
:106080000201884203D1FFE70420039034E00E9818
:1060900041F20041C5F60201884203D1FFE7052025
:1060A000029026E00E9841F60001C5F602018842F2
:1060B00003D1FFE70620019018E00E9841F6004159
:1060C000C5F60201884203D1FFE7072000900AE0ED
:1060D0000E9942F20042C5F602020A20914208BF20
:1060E00009200090FFE700980190FFE701980290D7
:1060F000FFE702980390FFE703980490FFE70498F6
:106100000590FFE705980690FFE706980790FFE7E0
:1061100007980C9901F00301890000FA01F10A982F
:1061200008430A900A980C9921F0030140F20842B2
:10613000C5F6000288504FF0B04000680A900B99F5
:106140000A9888430A900D988079C006002805D5E2
:10615000FFE70B990A9808430A90FFE70A984FF067
:10616000B04108600420C5F6000000680A900B9951
:106170000A9888430A900D9880798006002805D5F2
:10618000FFE70B990A9808430A90FFE70A98042151
:10619000C5F600010860099840680A900B990A98B2
:1061A00088430A900D9880798007002805D5FFE77D
:1061B0000B990A9808430A90FFE70A9809994860E2
:1061C000099800680A900B990A9888430A900D98DC
:1061D0008079C00728B1FFE70B990A9808430A9015
:1061E000FFE70A9809990860FFE7FFE70C9801307C
:1061F0000C9037E60FB0704782B00190ADF80210F6
:1062000001980069BDF80210084204D0FFE70120A0
:106210008DF8010003E000208DF80100FFE79DF8F4
:10622000010002B07047000082B00190ADF802108A
:106230008DF801209DF8010028B1FFE7BDF80200AC
:106240000199886105E0BDF80200000401998861A8
:10625000FFE702B07047000042F68050C2F20040F3
:10626000006870470000000040F20800C2F20040E1
:10627000027842F68051C2F200410868104408607A
:10628000704700000000000080B582B0032000F0DD
:10629000B7F801F06DFE44F21842C5F6020211682B
:1062A000C1F3032342F6E811C0F60101CB5C03F011
:1062B0001F03D84000900098126802F00F02895C1A
:1062C00001F01F01C84040F20401C2F20041086021
:1062D000009840F20001C2F2004108600F2000F077
:1062E00013F820B1FFE701208DF8070005E000F06A
:1062F0004FF800208DF80700FFE79DF8070002B077
:1063000080BD00000000000080B582B0009040F227
:106310000800C2F20040007820B9FFE701208DF8A4
:10632000070030E040F20000C2F20040006840F296
:106330000801C2F200410A784FF47A71B1FBF2F120
:10634000B0FBF1F002F0ACFC20B1FFE701208DF8CA
:10635000070018E000980F280DD8FFE700994FF0CC
:10636000FF30002200F034F8009840F20C01C2F235
:106370000041086003E001208DF8070003E00020E1
:106380008DF80700FFE79DF8070002B080BD000010
:1063900081B0FFE744F2F440C5F60200016841F025
:1063A00002010160006800F0020000900098FFE721
:1063B00001B070470000000080B582B0ADF8060063
:1063C000BDF906000CF02CFA02B080BD0000000000
:1063D00080B586B0ADF81600049103920CF038FA3F
:1063E0000290BDF91600019002980499039A05F0F5
:1063F00073FA014601980CF033FA06B080BD000034
:1064000080B582B0019001980CF04EFA02B080BDC8
:1064100080B584B0029044F60C00C5F60200006816
:1064200000F004010020B0EB910F13D1FFE744F618
:106430000C00C5F60200006800F0070002998842CF
:1064400004D0FFE701208DF80F002EE000208DF82A
:106450000F002AE044F60C01C5F60201086820F09E
:106460000700029A10430860FFF7F6FE0190FFE76D
:1064700044F60400C5F60200006800F40051002054
:10648000B0EB513F0DD1FFE7FFF7E6FE0199401A4F
:10649000B0F57A7F04D9FFE701208DF80F0004E002
:1064A000E6E700208DF80F00FFE79DF80F0004B02D
:1064B00080BD00000000000080B501F005FD44F241
:1064C0002041C5F602010968C1F3021242F6E81143
:1064D000C0F60101895C01F01F01C84080BD0000C9
:1064E00088B0079044F22840C5F60200016801F028
:1064F000030106910068C0F30530059044F22C407A
:10650000C5F602000068C0F300100490049844F23D
:106510003C41C5F60201096889B2C908484300EE4A
:10652000100AB8EE400A8DED020A0598002800F026
:106530001B81FFE70698009048B1FFE7009801280B
:1065400069D0FFE70098022800F08980ABE044F2B0
:106550000040C5F60200006800F020010020B0EB0A
:10656000511F33D0FFE744F20040C5F60200006837
:10657000C0F3C10149F20000C0F2D030C84003901E
:106580009DED030AB8EE400A9DED051AB8EE411ADA
:1065900080EE010A44F23840C5F6020000686FF34D
:1065A0005F2001EE100AB8EE411A9DED022A9FED20
:1065B000743A82EE032A31EE021AB7EE002A31EE67
:1065C000021A20EE010A8DED010A23E09DED050A75
:1065D000B8EE401A9FED6C0A80EE010A44F2384092
:1065E000C5F6020000686FF35F2001EE100AB8EEF6
:1065F000411A9DED022A9FED623A82EE032A31EEA6
:10660000021AB7EE002A31EE021A20EE010A8DEDD1
:10661000010AFFE76BE09DED050AB8EE401A9FED19
:10662000590A80EE010A44F23840C5F602000068BB
:106630006FF35F2001EE100AB8EE411A9DED022AB9
:106640009FED4F3A82EE032A31EE021AB7EE002A8E
:1066500031EE021A20EE010A8DED010A47E09DEDB0
:10666000050AB8EE401A9FED450A80EE010A44F291
:106670003840C5F6020000686FF35F2001EE100A93
:10668000B8EE411A9DED022A9FED3D3A82EE032AB3
:1066900031EE021AB7EE002A31EE021A20EE010A9C
:1066A0008DED010A23E09DED050AB8EE401A9FED3D
:1066B000350A80EE010A44F23840C5F6020000684F
:1066C0006FF35F2001EE100AB8EE411A9DED022A29
:1066D0009FED2B3A82EE032A31EE021AB7EE002A22
:1066E00031EE021A20EE010A8DED010AFFE79DED61
:1066F000010A44F23840C5F60200016889B2490A2D
:1067000001EE101AB8EE411AB7EE002A31EE021A65
:1067100080EE010A0799BCEEC00A81ED000A9DEDEA
:10672000010A0168C1F3064101EE101AB8EE411AE0
:1067300031EE021A80EE010A0799BCEEC00A81ED23
:10674000010A9DED010A0068C0F3066001EE100A1F
:10675000B8EE411A31EE021A80EE010A0798BCEE3B
:10676000C00A80ED020A07E0079900200860079937
:10677000486007998860FFE708B07047001BB74B77
:10678000000000460024744A0024744C00000000FD
:1067900088B0079044F22840C5F60200016801F075
:1067A000030106910068C0F30550059044F22C40A7
:1067B000C5F602000068C0F300200490049844F27B
:1067C0004441C5F60201096889B2C908484300EE90
:1067D000100AB8EE400A8DED020A0598002800F074
:1067E0001B81FFE70698009048B1FFE70098012859
:1067F00069D0FFE70098022800F08980ABE044F2FE
:106800000040C5F60200006800F020010020B0EB57
:10681000511F33D0FFE744F20040C5F60200006884
:10682000C0F3C10149F20000C0F2D030C84003906B
:106830009DED030AB8EE400A9DED051AB8EE411A27
:1068400080EE010A44F24040C5F6020000686FF392
:106850005F2001EE100AB8EE411A9DED022A9FED6D
:10686000743A82EE032A31EE021AB7EE002A31EEB4
:10687000021A20EE010A8DED010A23E09DED050AC2
:10688000B8EE401A9FED6C0A80EE010A44F24040D7
:10689000C5F6020000686FF35F2001EE100AB8EE43
:1068A000411A9DED022A9FED623A82EE032A31EEF3
:1068B000021AB7EE002A31EE021A20EE010A8DED1F
:1068C000010AFFE76BE09DED050AB8EE401A9FED67
:1068D000590A80EE010A44F24040C5F60200006801
:1068E0006FF35F2001EE100AB8EE411A9DED022A07
:1068F0009FED4F3A82EE032A31EE021AB7EE002ADC
:1069000031EE021A20EE010A8DED010A47E09DEDFD
:10691000050AB8EE401A9FED450A80EE010A44F2DE
:106920004040C5F6020000686FF35F2001EE100AD8
:10693000B8EE411A9DED022A9FED3D3A82EE032A00
:1069400031EE021AB7EE002A31EE021A20EE010AE9
:106950008DED010A23E09DED050AB8EE401A9FED8A
:10696000350A80EE010A44F24040C5F60200006894
:106970006FF35F2001EE100AB8EE411A9DED022A76
:106980009FED2B3A82EE032A31EE021AB7EE002A6F
:1069900031EE021A20EE010A8DED010AFFE79DEDAE
:1069A000010A44F24040C5F60200016889B2490A72
:1069B00001EE101AB8EE411AB7EE002A31EE021AB3
:1069C00080EE010A0799BCEEC00A81ED000A9DED38
:1069D000010A0168C1F3064101EE101AB8EE411A2E
:1069E00031EE021A80EE010A0799BCEEC00A81ED71
:1069F000010A9DED010A0068C0F3066001EE100A6D
:106A0000B8EE411A31EE021A80EE010A0798BCEE88
:106A1000C00A80ED020A07E0079900200860079984
:106A2000486007998860FFE708B07047001BB74BC4
:106A3000000000460024744A0024744C000000004A
:106A400080B59AB0189000208DF857008DF8560048
:106A50001898C0780007002848D5FFE71898406EBE
:106A6000149078B1FFE71498B0F5801F13D0FFE7BA
:106A70001498B0F5001F16D0FFE71498B0F5401F2A
:106A800019D019E044F22C41C5F60201086840F41F
:106A90000030086014E018980830022104F058FF14
:106AA0008DF857000CE018982830022105F038F8CE
:106AB0008DF8570004E003E001208DF85700FFE750
:106AC0009DF8570060B9FFE744F25041C5F6020156
:106AD000086820F44010189A526E1043086004E0D1
:106AE0009DF857008DF85600FFE7FFE718984078AB
:106AF000C007002840D0FFE71898806D1390042845
:106B000020D81399DFE801F0030C141C1D0044F297
:106B10002C41C5F60201086840F40030086015E019
:106B200018980830002104F013FF8DF857000DE08D
:106B300018982830002104F0F3FF8DF8570005E085
:106B400004E003E001208DF85700FFE79DF85700AF
:106B500060B9FFE744F25041C5F60201086820F031
:106B60000700189A926D1043086004E09DF85700E2
:106B70008DF85600FFE7FFE7189840784007002897
:106B800056D5FFE71898D0F8A4001290C8B1FFE7D7
:106B90001298B0F5001F1DD0FFE71298B0F5800FD6
:106BA00020D0FFE71298B0F5C00F23D0FFE712986E
:106BB000B0F5000F1FD0FFE71298B0F5200F1BD0E3
:106BC0001BE044F22C41C5F60201086840F4003095
:106BD000086016E018980830002104F0B9FE8DF81E
:106BE00057000EE018982830002104F099FF8DF826
:106BF000570006E005E004E003E001208DF85700AF
:106C0000FFE79DF8570068B9FFE744F25841C5F621
:106C10000201086820F46000189AD2F8A4201043FA
:106C2000086004E09DF857008DF85600FFE7FFE785
:106C3000189840780007002856D5FFE71898D0F834
:106C4000A8001190C8B1FFE71198B0F1807F1DD066
:106C5000FFE71198B0F1007F20D0FFE71198B0F165
:106C6000407F23D0FFE71198B0F1806F1FD0FFE77E
:106C70001198B0F1A06F1BD01BE044F22C41C5F677
:106C80000201086840F40030086016E018980830E7
:106C9000002104F05DFE8DF857000EE018982830B2
:106CA000002104F03DFF8DF8570006E005E004E008
:106CB00003E001208DF85700FFE79DF8570068B901
:106CC000FFE744F25841C5F60201086820F0E06091
:106CD000189AD2F8A8201043086004E09DF85700E5
:106CE0008DF85600FFE7FFE71898C0788007002866
:106CF0003ED5FFE71898C06C1090F0B1FFE71098F0
:106D0000102808D0FFE7109820280DD0FFE7109832
:106D1000302811D012E044F22C41C5F60201086877
:106D200040F4003008600DE018980830022104F0AB
:106D30000FFE8DF8570005E004E003E001208DF818
:106D40005700FFE79DF8570060B9FFE744F24C4158
:106D5000C5F60201086820F03000189AD26C104382
:106D6000086004E09DF857008DF85600FFE7FFE744
:106D700018984078C00600284ED5FFE71898C06DD7
:106D80000F90A0B1FFE70F98B0F5805F18D0FFE734
:106D90000F98B0F5005F1BD0FFE70F98B0F5405F8C
:106DA0001ED0FFE70F98B0F5804F1AD01AE044F2DA
:106DB0002C41C5F60201086840F40030086015E077
:106DC00018980830002104F0C3FD8DF857000DE03D
:106DD00018982830002104F0A3FE8DF8570005E034
:106DE00004E003E001208DF85700FFE79DF857000D
:106DF00060B9FFE744F25041C5F60201086820F48B
:106E0000E040189AD26D1043086004E09DF85700E6
:106E10008DF85600FFE7FFE71898407880060028B5
:106E20004CD5FFE71898006E0E90C8B1FFE70E989A
:106E3000B0F5803F15D0FFE70E98B0F5003F18D0B1
:106E4000FFE70E98B0F5403F1BD0FFE70E98B0F576
:106E5000802F17D0FFE70E98B0F5A02F13D013E0C6
:106E600016E018980830012104F072FD8DF85700E3
:106E70000EE018982830012104F052FE8DF85700DA
:106E800006E005E004E003E001208DF85700FFE78D
:106E90009DF8570060B9FFE744F25041C5F6020182
:106EA000086820F4E020189A126E1043086004E08D
:106EB0009DF857008DF85600FFE7FFE718984078D7
:106EC000400600284ED5FFE71898D0F8AC000D908A
:106ED000C8B1FFE70D98B0F1805F15D0FFE70D98BE
:106EE000B0F1005F18D0FFE70D98B0F1405F1BD004
:106EF000FFE70D98B0F1804F17D0FFE70D98B0F184
:106F0000A04F13D013E016E018980830012104F0C8
:106F10001FFD8DF857000EE018982830012104F06D
:106F2000FFFD8DF8570006E005E004E003E00120D6
:106F30008DF85700FFE79DF8570068B9FFE744F266
:106F40005841C5F60201086820F0E040189AD2F8CE
:106F5000AC201043086004E09DF857008DF85600FF
:106F6000FFE7FFE718984078000600283BD5FFE7C9
:106F70001898C06E0C90D8B1FFE70C98B0F1805F04
:106F800005D0FFE70C98B0F1005F09D011E044F2A2
:106F90002C41C5F60201086840F4003008600CE09E
:106FA00018980830012104F0D3FC8DF8570004E054
:106FB00003E001208DF85700FFE79DF8570060B906
:106FC000FFE744F25041C5F60201086820F0405046
:106FD000189AD26E1043086004E09DF857008DF8AF
:106FE0005600FFE7FFE71898C078C007002837D0A1
:106FF000FFE71898806C0B90032817D80B99DFE8EF
:1070000001F014020B1344F22C41C5F6020108688A
:1070100040F4003008600DE018980830022104F0B8
:1070200097FC8DF8570005E004E003E001208DF89F
:107030005700FFE79DF8570060B9FFE744F24C4165
:10704000C5F60201086820F00300189A926C1043FC
:10705000086004E09DF857008DF85600FFE7FFE751
:10706000189880784006002840F1B480FFE744F685
:107070000001C5F60201086840F480700860FFF75F
:10708000EBF81690FFE744F60000C5F60200006832
:10709000C00500280CD4FFE7FFF7DEF81699401A68
:1070A000652804D3FFE703208DF8570000E0EAE7E6
:1070B0009DF85700002840F08780FFE744F27040B9
:1070C000C5F60200006800F440701899D1F8B010BD
:1070D00001F44071884213D0FFE744F27041C5F6D5
:1070E0000201086820F440701790086840F480306E
:1070F0000860086820F48030086017980860FFE78F
:107100001898D0F8B000B0F5807F1FD1FFE7FFF7E7
:10711000A3F81690FFE744F27040C5F6020000683D
:1071200000F002010020B0EB510F0ED1FFE7FFF796
:1071300093F81699401A41F28931884204D3FFE747
:1071400003208DF8570000E0E5E7FFE79DF85700C2
:10715000A0BBFFE7FFE71898D0F8B00000F440703C
:10716000B0F5407F13D1FFE744F21041C5F60201AC
:10717000086820F47C50189AD2F8B0204FF6F043FB
:10718000C0F6FF731A4040EA1210086008E044F2AB
:107190001041C5F60201086820F47C500860FFE742
:1071A0001898D0F8B0206FF31F3244F27041C5F642
:1071B0000201086810430860FFE704E09DF85700EB
:1071C0008DF85600FFE704E09DF857008DF8560053
:1071D000FFE7FFE718980068C007002800F04C8020
:1071E000FFE71898806F0A9028282BD80A99DFE8C3
:1071F00001F0152929292929292916292929292987
:1072000029291E29292929292929262929292929FC
:1072100029292729292929292929280016E0189808
:107220000830012104F094FB8DF857000EE0189807
:107230002830012104F074FC8DF8570006E005E0C9
:1072400004E003E001208DF85700FFE79DF85700A8
:1072500060B9FFE744F25441C5F60201086820F026
:107260003800189A926F1043086004E09DF85700A8
:107270008DF85600FFE7FFE7189800788007002890
:1072800039D5FFE71898406F0990052819D8099952
:10729000DFE801F003040C14151616E01898083006
:1072A000012104F055FB8DF857000EE018982830A6
:1072B000012104F035FC8DF8570006E005E004E0FC
:1072C00003E001208DF85700FFE79DF8570060B9F3
:1072D000FFE744F25441C5F60201086820F00700B8
:1072E000189A526F1043086004E09DF857008DF81B
:1072F0005600FFE7FFE718980078400700283BD5C5
:10730000FFE71898D0F890000890052819D8089938
:10731000DFE801F003040C14151616E01898083085
:10732000012104F015FB8DF857000EE01898283065
:10733000012104F0F5FB8DF8570006E005E004E0BC
:1073400003E001208DF85700FFE79DF8570068B96A
:10735000FFE744F25841C5F60201086820F0070033
:10736000189AD2F890201043086004E09DF8570066
:107370008DF85600FFE7FFE7189800788006002890
:107380004ED5FFE71898D0F88C000790C8B1FFE7FA
:107390000798B0F1805F15D0FFE70798B0F1005F64
:1073A00018D0FFE70798B0F1405F1BD0FFE70798C0
:1073B000B0F1804F17D0FFE70798B0F1A04F13D07E
:1073C00013E016E018980830002104F0C1FA8DF897
:1073D00057000EE018982830022104F0A1FB8DF828
:1073E000570006E005E004E003E001208DF85700B7
:1073F000FFE79DF8570068B9FFE744F25441C5F62E
:107400000201086820F0E040189AD2F88C2010435E
:10741000086004E09DF857008DF85600FFE7FFE78D
:1074200018980078400600284ED5FFE71898D0F845
:1074300098000690C8B1FFE70698B0F5806F15D0A8
:10744000FFE70698B0F5006F18D0FFE70698B0F593
:10745000406F1BD0FFE70698B0F5805F17D0FFE7BD
:107460000698B0F5A05F13D013E016E01898083026
:10747000002104F06DFA8DF857000EE018982830BE
:10748000022104F04DFB8DF8570006E005E004E012
:1074900003E001208DF85700FFE79DF8570068B919
:1074A000FFE744F25841C5F60201086820F4E050B5
:1074B000189AD2F898201043086004E09DF857000D
:1074C0008DF85600FFE7FFE71898007800060028BF
:1074D0004ED5FFE71898D0F89C000590C8B1FFE79B
:1074E0000598B0F5005F15D0FFE70598B0F5804F1F
:1074F00018D0FFE70598B0F5C04F1BD0FFE70598FF
:10750000B0F5004F17D0FFE70598B0F5204F13D026
:1075100013E016E018980830002104F019FA8DF8ED
:1075200057000EE018982830022104F0F9FA8DF87F
:10753000570006E005E004E003E001208DF8570065
:10754000FFE79DF8570068B9FFE744F25841C5F6D8
:107550000201086820F46040189AD2F89C20104379
:10756000086004E09DF857008DF85600FFE7FFE73C
:10757000189800780007002820D5FFE71898D0F861
:107580008000B0F5805F0CD1FFE718982830022109
:1075900004F0C6FA20B1FFE701208DF85600FFE79E
:1075A000FFE744F25441C5F60201086820F4405058
:1075B000189AD2F8802010430860FFE718980078E6
:1075C000C006002820D5FFE71898D0F89400B0F541
:1075D000807F0CD1FFE718982830022104F0A0FA30
:1075E00020B1FFE701208DF85600FFE7FFE744F2E6
:1075F0005841C5F60201086820F44070189AD2F884
:10760000942010430860FFE718988078000700284E
:107610003CD5FFE71898D0F8A000049050B1FFE7E0
:107620000498B0F5803F0DD0FFE70498B0F5003F17
:1076300010D010E018980830002104F089F98DF876
:1076400057000CE018982830022104F069FA8DF8F0
:10765000570004E003E001208DF85700FFE79DF894
:10766000570068B9FFE744F25841C5F602010868BF
:1076700020F44030189AD2F8A0201043086004E0AB
:107680009DF857008DF85600FFE7FFE718988078BF
:10769000400700283FD5FFE71898D0F884000390F2
:1076A000B0F5801F0AD0FFE70398B0F5001F0ED099
:1076B000FFE70398B0F5401F11D011E044F22C41D0
:1076C000C5F60201086840F4003008600CE0189824
:1076D0002830012104F024FA8DF8570004E003E07B
:1076E00001208DF85700FFE79DF8570068B9FFE7C4
:1076F00044F25441C5F60201086820F44010189A7B
:10770000D2F884201043086004E09DF857008DF8FB
:107710005600FFE7FFE718988078C007A8B3FFE797
:107720001898006D029028B1FFE70298B0F5803FED
:1077300009D010E044F22C41C5F60201086840F47B
:10774000003008600BE018980830022104F000F9BE
:107750008DF8570003E001208DF85700FFE79DF8F2
:10776000570060B9FFE744F24C41C5F602010868D2
:1077700020F48030189A126D1043086004E09DF8E0
:1077800057008DF85600FFE7FFE71898C07880068D
:1077900000280CD5FFE718982830022104F0C0F922
:1077A00020B1FFE701208DF85600FFE7FFE71898AA
:1077B0008078800700283AD5FFE71898C06F0190BD
:1077C000D0B1FFE70198B0F5807F0AD0FFE70198BC
:1077D000B0F5007F0ED0FFE70198B0F5407F0AD0EA
:1077E0000BE044F22C41C5F60201086840F4003079
:1077F000086006E005E004E003E001208DF8570092
:10780000FFE79DF8570060B9FFE744F25441C5F621
:107810000201086820F44070189AD26F1043086083
:1078200004E09DF857008DF85600FFE7FFE7189831
:107830008078C00600280CD5FFE744F25041C5F619
:107840000201086820F00040189A126F1043086087
:10785000FFE718988078800600280CD5FFE744F2EF
:107860005041C5F60201086820F08070189A926EA7
:1078700010430860FFE71898C0784006002811D52B
:10788000FFE7FFE744F21041C5F60201086820F463
:10789000004008601898D0F8B420086810430860C9
:1078A000FFE7FFE71898C078000600280CD5FFE72F
:1078B00044F24C41C5F60201086820F04050189A85
:1078C000526D10430860FFE7189880780006002882
:1078D0000DD5FFE744F25441C5F60201086820F4D3
:1078E0004000189AD2F8882010430860FFE71898E3
:1078F0000079C00790B1FFE718980830002104F024
:1079000027F88DF857009DF8570008B9FFE704E005
:107910009DF857008DF85600FFE7FFE718980079AB
:107920008007002812D5FFE718980830012104F0DD
:107930000FF88DF857009DF8570008B9FFE704E0ED
:107940009DF857008DF85600FFE7FFE7189800797B
:107950004007002812D5FFE718980830022103F0ED
:10796000F7FF8DF857009DF8570008B9FFE704E0CE
:107970009DF857008DF85600FFE7FFE7189800794B
:107980000007002812D5FFE718982830002104F0DE
:10799000C7F88DF857009DF8570008B9FFE704E0D5
:1079A0009DF857008DF85600FFE7FFE7189800791B
:1079B000C006002812D5FFE718982830012104F0EE
:1079C000AFF88DF857009DF8570008B9FFE704E0BD
:1079D0009DF857008DF85600FFE7FFE718980079EB
:1079E0008006002812D5FFE718982830022104F0FD
:1079F00097F88DF857009DF8570008B9FFE704E0A5
:107A00009DF857008DF85600FFE7FFE79DF85600F8
:107A100020B9FFE700208DF8670003E001208DF812
:107A20006700FFE79DF867001AB080BD0000000006
:107A300080B586B004900391049820B9FFE7012037
:107A40008DF817003CE2039842F20001C5F20021D4
:107A5000096801F00F01884216D9FFE742F20000E1
:107A6000C5F20020016821F00F01039A1143016063
:107A7000006800F00F000399884204D0FFE701205E
:107A80008DF817001CE2FFE70498007840070028F3
:107A900019D5FFE70498006944F21841C5F60201C0
:107AA000096801F0700188420CD9FFE744F21841DF
:107AB000C5F60201086820F07000049A12691043AC
:107AC0000860FFE7FFE7049800780007002819D551
:107AD000FFE70498406944F21C41C5F602010968B9
:107AE00001F0700188420CD9FFE744F21C41C5F651
:107AF0000201086820F07000049A5269104308607F
:107B0000FFE7FFE704980078C006002819D5FFE7D3
:107B10000498806944F21C41C5F60201096801F429
:107B2000E06188420CD9FFE744F21C41C5F602012E
:107B3000086820F4E060049A926910430860FFE747
:107B4000FFE7049800788006002819D5FFE704981D
:107B5000C06944F22041C5F60201096801F07001D4
:107B600088420CD9FFE744F22041C5F602010868BB
:107B700020F07000049AD26910430860FFE7FFE725
:107B8000049800788007002819D5FFE70498C0689A
:107B900044F21841C5F60201096801F00F0188425C
:107BA0000CD9FFE744F21841C5F60201086820F03D
:107BB0000F00049AD26810430860FFE7FFE70498BB
:107BC0000078C007002800F08C80FFE744F21841DD
:107BD000C5F60201086820F47060049A92681043A8
:107BE000086004984068022811D1FFE744F2004081
:107BF000C5F60200006800F400310020B0EB514FE0
:107C000004D1FFE701208DF8170059E13EE0049808
:107C10004068032811D1FFE744F20040C5F6020096
:107C2000006800F000710020B0EB516F04D1FFE755
:107C300001208DF8170043E127E0049840680128EF
:107C400011D1FFE744F20040C5F60200006800F4DD
:107C500080710020B0EB112F04D1FFE701208DF8D7
:107C600017002DE110E044F20040C5F60200006864
:107C700000F004010020B0EB910F04D1FFE70120D8
:107C80008DF817001CE1FFE7FFE7FFE744F2104122
:107C9000C5F60201086820F00700049A52681043F4
:107CA0000860FEF7D9FA0190FFE744F21040C5F6EC
:107CB0000200006800F0380004994968B0EBC10F79
:107CC0000ED0FFE7FEF7C8FA0199401A41F2893158
:107CD000884204D3FFE703208DF81700F0E0E4E7C3
:107CE000FFE7049800788007002819D5FFE704987B
:107CF000C06844F21841C5F60201096801F00F019D
:107D000088420CD2FFE744F21841C5F60201086828
:107D100020F00F00049AD26810430860FFE7FFE7E5
:107D2000039842F20001C5F20021096801F00F0139
:107D3000884216D2FFE742F20000C5F20020016837
:107D400021F00F01039A11430160006800F00F0059
:107D50000399884204D0FFE701208DF81700AFE0B7
:107D6000FFE7049800784007002819D5FFE704983A
:107D7000006944F21841C5F60201096801F070017A
:107D800088420CD2FFE744F21841C5F602010868A8
:107D900020F07000049A126910430860FFE7FFE7C3
:107DA000049800780007002819D5FFE70498406977
:107DB00044F21C41C5F60201096801F070018842D5
:107DC0000CD2FFE744F21C41C5F60201086820F01E
:107DD0007000049A526910430860FFE7FFE70498B7
:107DE0000078C006002819D5FFE70498806944F29E
:107DF0001C41C5F60201096801F4E06188420CD219
:107E0000FFE744F21C41C5F60201086820F4E06077
:107E1000049A926910430860FFE7FFE7049800782E
:107E20008006002819D5FFE70498C06944F2204174
:107E3000C5F60201096801F0700188420CD2FFE723
:107E400044F22041C5F60201086820F07000049A4F
:107E5000D26910430860FFE7FFE700F089F844F2B9
:107E60001842C5F602021168C1F3032342F6E81175
:107E7000C0F60101CB5C03F01F03D84000900098CE
:107E8000126802F00F02895C01F01F01C84040F245
:107E90000401C2F200410860009840F20001C2F201
:107EA0000041086040F20C00C2F200400068FEF79A
:107EB0002BFA8DF80B009DF80B008DF81700FFE7EB
:107EC0009DF8170006B080BD80B582B000F050F874
:107ED00044F21842C5F602021168C1F3032342F6C8
:107EE000E811C0F60101CB5C03F01F03D8400190FC
:107EF0000198126802F00F02895C01F01F0120FA5C
:107F000001F140F20400C2F200400160019940F228
:107F10000002C2F200421160006802B080BD0000A1
:107F200080B5FFF7D1FF44F21C41C5F60201096894
:107F3000C1F3021242F6E811C0F60101895C01F0BA
:107F40001F01C84080BD000080B5FFF7BDFF44F2AF
:107F50001C41C5F602010968C1F3022242F6E8118C
:107F6000C0F60101895C01F01F01C84080BD00001E
:107F70008AB044F21040C5F60200006800F03800F4
:107F800001460191182800F269810199DFE811F09A
:107F900019006601660166016601660166016601F7
:107FA0003A006601660166016601660166016601C6
:107FB00040006601660166016601660166016601B0
:107FC000460044F20040C5F60200006800F02001BF
:107FD0000020B0EB511F0ED0FFE744F20040C5F681
:107FE00002000068C0F3C10149F20000C0F2D030C5
:107FF000C840029005E049F20000C0F2D030029083
:10800000FFE731E140F60010C0F23D0002902BE1A5
:1080100043F20060C0F26E10029025E144F2284065
:10802000C5F60200016801F0030108910068C0F381
:108030000510079044F22C40C5F60200006800F0DD
:1080400001000690069844F23441C5F60201096821
:1080500089B2C908484300EE100AB8EE400A8DED17
:10806000040A0798002800F0F580FFE708980090C0
:1080700048B1FFE70098012869D0FFE7009802287F
:1080800000F08980ABE044F20040C5F602000068D1
:1080900000F020010020B0EB511F33D0FFE744F285
:1080A0000040C5F602000068C0F3C10149F20000BB
:1080B000C0F2D030C84005909DED050AB8EE400AE8
:1080C0009DED071AB8EE411A80EE010A44F23040E5
:1080D000C5F6020000686FF35F2001EE100AB8EEEB
:1080E000411A9DED042A9FED633A82EE032A31EE98
:1080F000021AB7EE002A31EE021A20EE010A8DEDC7
:10810000030A23E09DED070AB8EE401A9FED5B0AD3
:1081100080EE010A44F23040C5F6020000686FF3B9
:108120005F2001EE100AB8EE411A9DED042A9FED82
:10813000513A82EE032A31EE021AB7EE002A31EEEE
:10814000021A20EE010A8DED030AFFE76BE09DEDB8
:10815000070AB8EE401A9FED480A80EE010A44F281
:108160003040C5F6020000686FF35F2001EE100A90
:10817000B8EE411A9DED042A9FED3E3A82EE032AA5
:1081800031EE021AB7EE002A31EE021A20EE010A91
:108190008DED030A47E09DED070AB8EE401A9FED0A
:1081A000340A80EE010A44F23040C5F6020000684D
:1081B0006FF35F2001EE100AB8EE411A9DED042A1C
:1081C0009FED2C3A82EE032A31EE021AB7EE002A16
:1081D00031EE021A20EE010A8DED030A23E09DED37
:1081E000070AB8EE401A9FED240A80EE010A44F215
:1081F0003040C5F6020000686FF35F2001EE100A00
:10820000B8EE411A9DED042A9FED1A3A82EE032A38
:1082100031EE021AB7EE002A31EE021A20EE010A00
:108220008DED030AFFE744F23040C5F60200006816
:1082300081B2012000EB512009909DED030A9DEDD4
:10824000091AB8EE411A80EE010ABCEEC00A8DEDA3
:10825000020A02E000200290FFE705E040F600106D
:10826000C0F23D000290FFE702980AB0704700BFDD
:10827000001BB74B000000460024744A0024744CD5
:1082800080B58CB00A900A9828B9FFE701208DF8D4
:108290002F0000F001BD0A980078C007002800F008
:1082A000B980FFE744F21040C5F60200006800F014
:1082B0003800069044F22840C5F602000068059098
:1082C000069810280AD0FFE7069818281CD1FFE767
:1082D000059800F00300022816D1FFE744F20040A1
:1082E000C5F60200006800F400310020B0EB514FE9
:1082F00009D0FFE70A98406828B9FFE701208DF808
:108300002F0000F0C9BC84E0FFE70A984068B0F590
:10831000803F09D1FFE744F20041C5F60201086839
:1083200040F48030086032E00A98406868B9FFE79E
:1083300044F20041C5F60201086820F4803008606C
:10834000086820F48020086020E00A984068B0F5B2
:10835000A02F0DD1FFE744F20041C5F602010868E5
:1083600040F480200860086840F4803008600CE029
:1083700044F20041C5F60201086820F4803008602C
:10838000086820F480200860FFE7FFE7FFE7FFE7C9
:108390000A984068F0B1FFE7FDF75EFF0990FFE73C
:1083A00044F20040C5F60200006800F400310020ED
:1083B000B0EB514F0DD1FFE7FDF74EFF0999401A81
:1083C000652805D3FFE703208DF82F0000F064BC7B
:1083D000E6E71DE0FDF740FF0990FFE744F20040AB
:1083E000C5F60200006800F400310020B0EB514FE8
:1083F0000DD0FFE7FDF730FF0999401A652805D336
:10840000FFE703208DF82F0000F046BCE6E7FFE70A
:10841000FFE7FFE70A9800788007002840F1C58051
:10842000FFE744F21040C5F60200006800F0380093
:10843000049044F22840C5F60200006803900498B6
:1084400050B1FFE70498182850D1FFE79DF80C00C1
:10845000800700284AD1FFE744F20040C5F6020039
:10846000006800F004010020B0EB910F09D0FFE795
:108470000A98C06828B9FFE701208DF82F0000F0A6
:108480000BBC44F20041C5F60201086820F0190057
:108490000A9AD26810430860FDF7DEFE0990FFE7F4
:1084A00044F20040C5F60200006800F0040100201C
:1084B000B0EB910F0CD1FFE7FDF7CEFE0999401A02
:1084C000032804D3FFE703208DF82F00E4E3E7E758
:1084D00044F20441C5F60201086820F0FE400A9A01
:1084E000126940EA02600860FFE75DE00A98C06830
:1084F000A0B3FFE744F20041C5F60201086820F08E
:1085000019000A9AD26810430860FDF7A5FE099089
:10851000FFE744F20040C5F60200006800F00401E5
:108520000020B0EB910F0CD1FFE7FDF795FE099904
:10853000401A032804D3FFE703208DF82F00ABE394
:10854000E7E744F20441C5F60201086820F0FE4066
:108550000A9A126940EA0260086024E044F200418D
:10856000C5F60201086820F001000860FDF774FEFE
:108570000990FFE744F20040C5F60200006800F0F1
:1085800004010020B0EB910F0CD0FFE7FDF764FE73
:108590000999401A032804D3FFE703208DF82F0020
:1085A0007AE3E7E7FFE7FFE7FFE70A980078C0060E
:1085B000002840F1A080FFE744F21040C5F6020019
:1085C000006800F03800029044F22840C5F602002E
:1085D00000680190029808280AD0FFE7029818283E
:1085E0002BD1FFE7019800F00300012825D1FFE718
:1085F00044F20040C5F60200006800F480710020DB
:10860000B0EB112F09D0FFE70A98C069802804D089
:10861000FFE701208DF82F003EE3FFE744F20C4115
:10862000C5F60201086820F07C500A9A126A40EAF6
:1086300002600860FFE7FFE75CE00A98C06998B352
:10864000FFE744F20041C5F60201086840F08000EF
:108650000860FDF701FE0990FFE744F20040C5F60F
:108660000200006800F480710020B0EB112F0CD1E3
:10867000FFE7FDF7F1FD0999401A032804D3FFE74E
:1086800003208DF82F0007E3E7E7FFE744F20C41F2
:10869000C5F60201086820F07C500A9A126A40EA86
:1086A00002600860FFE724E044F20041C5F60201E1
:1086B000086820F080000860FDF7CEFD0990FFE714
:1086C00044F20040C5F60200006800F4807100200A
:1086D000B0EB112F0CD0FFE7FDF7BEFD0999401A52
:1086E000032804D3FFE703208DF82F00D4E2E7E747
:1086F000FFE7FFE7FFE70A980078000700284FD55B
:10870000FFE70A98406928B3FFE744F27441C5F6D1
:108710000201086840F001000860FDF79DFD099026
:10872000FFE744F27440C5F60200006800F0020161
:108730000020B0EB510F0CD1FFE7FDF78DFD09993B
:10874000401A032804D3FFE703208DF82F00A3E28B
:10875000E7E724E044F27441C5F60201086820F01E
:1087600001000860FDF778FD0990FFE744F27440CE
:10877000C5F60200006800F002010020B0EB510FC6
:108780000CD0FFE7FDF768FD0999401A032804D3D0
:10879000FFE703208DF82F007EE2E7E7FFE7FFE722
:1087A0000A980078800600284FD5FFE70A9880696C
:1087B00028B3FFE744F20041C5F60201086840F41F
:1087C00080500860FDF748FD0990FFE744F2004043
:1087D000C5F60200006800F400510020B0EB513FE4
:1087E0000CD1FFE7FDF738FD0999401A032804D39F
:1087F000FFE703208DF82F004EE2E7E724E044F284
:108800000041C5F60201086820F480500860FDF7B9
:1088100023FD0990FFE744F20040C5F6020000681E
:1088200000F400510020B0EB513F0CD0FFE7FDF702
:1088300013FD0999401A032804D3FFE703208DF89C
:108840002F0029E2E7E7FFE7FFE70A9800784007F3
:10885000002840F1A780FFE744F60001C5F60201B9
:10886000086840F480700860FDF7F6FC0990FFE7A7
:1088700044F60000C5F602000068C00500280CD4CC
:10888000FFE7FDF7E9FC0999401A652804D3FFE7E3
:1088900003208DF82F00FFE1EAE7FFE70A988068E0
:1088A000012809D1FFE744F27041C5F602010868CA
:1088B00040F00100086031E00A98806868B9FFE77D
:1088C00044F27041C5F60201086820F0010008601A
:1088D000086820F0040008601FE00A9880680528F6
:1088E0000DD1FFE744F27041C5F60201086840F07F
:1088F00004000860086840F0010008600CE044F2E1
:108900007041C5F60201086820F00100086008689F
:1089100020F004000860FFE7FFE7FFE7FFE70A98A1
:108920008068F8B1FFE7FDF797FC0990FFE744F294
:108930007040C5F60200006800F002010020B0EBB4
:10894000510F0ED1FFE7FDF787FC0999401A41F25C
:108950008931884204D3FFE703208DF82F009BE183
:10896000E5E71EE0FDF778FC0990FFE744F2704070
:10897000C5F60200006800F002010020B0EB510FC4
:108980000ED0FFE7FDF768FC0999401A41F28931E2
:10899000884204D3FFE703208DF82F007CE1E5E750
:1089A000FFE7FFE70A98406A002800F07181FFE7BF
:1089B00044F21040C5F60200006800F038001828A4
:1089C00000F0E080FFE70A98406A022840F0B48097
:1089D000FFE744F20041C5F60201086820F080700C
:1089E0000860FDF739FC0990FFE744F20040C5F646
:1089F0000200006800F000710020B0EB516F0CD055
:108A0000FFE7FDF729FC0999401A032804D3FFE783
:108A100003208DF82F003FE1E7E7FFE744F228410C
:108A2000C5F60201086840F2F33290430A9B9A6A45
:108A3000DB6A42EA0312104308600A99086BD1F816
:108A400034C08B6BCA6B01386FF35F204FF6006147
:108A5000CFF6FF7101EB4C2189B208440021CFF61B
:108A6000FF7101EB034101F4FE0108444FF07F4127
:108A700001EB026101F0FE41084444F23041C5F6C9
:108A800002010860FFE744F22C41C5F602010091A3
:108A9000086820F00100086044F23442C5F6020282
:108AA00010684FF6F87398430A9B9B6C40EAC3002A
:108AB0001060086820F00C000A9A126C10430860DD
:108AC000086820F002000A9A526C10430860086897
:108AD00040F480300860086840F40030086008689E
:108AE00040F480200860086840F00100086044F20B
:108AF0000041C5F60201086840F080700860FDF78B
:108B0000ABFB0990FFE744F20040C5F602000068A5
:108B100000F000710020B0EB516F0CD1FFE7FDF7C2
:108B20009BFB0999401A032804D3FFE703208DF823
:108B30002F00B1E0E7E724E044F20041C5F602016E
:108B4000086820F080700860FDF786FB0990FFE759
:108B500044F20040C5F60200006800F000710020F9
:108B6000B0EB516F0CD0FFE7FDF776FB0999401A87
:108B7000032804D3FFE703208DF82F008CE0E7E7FC
:108B8000FFE784E044F22840C5F602000068089040
:108B900044F23040C5F60200006807900A98406A27
:108BA000012837D0FFE7089800F003000A99896A86
:108BB00088422FD1FFE7089800F47C710A98C06AB8
:108BC000B0EB111F26D1FFE707986FF35F200A99DA
:108BD000096B013988421DD1FFE7BDF81C100A98C6
:108BE000406B0138B0EB512F14D1FFE7079800F428
:108BF000FE010A98806B0138B0EB114F0AD1FFE7F4
:108C0000079800F0FE410A98C06B0138B0EB116F75
:108C100004D0FFE701208DF82F003DE044F23440FE
:108C2000C5F60200006880B2C00808900A98806CFF
:108C30000899884229D0FFE744F22C41C5F6020189
:108C4000086820F001000860FDF706FB0990FFE7C7
:108C5000FDF702FB0999401A08B9FFE7F8E744F26B
:108C60003441C5F6020108684FF6F87290430A9A3B
:108C7000926C40EAC200086044F22C41C5F6020141
:108C8000086840F001000860FFE7FFE7FFE7FFE743
:108C900000208DF82F00FFE79DF82F000CB080BD5D
:108CA00080B582B00190019803F026F802B080BD33
:108CB00081B0009001B0704781B0009001B0704762
:108CC00081B0009001B0704785B003900291FFE73A
:108CD000039890F83C00012804D1FFE702208DF8AA
:108CE0001300ABE00399012081F83C00FFE7FFE7A8
:108CF0000399022081F83D000398006840680190C4
:108D00000398006880680090039800680021C4F20E
:108D10000101884209D0FFE70398006840F2004152
:108D2000C4F2010188420AD1FFE7019820F47000E3
:108D3000019002984168019808430190FFE701986B
:108D400020F070000190029801680198084301909A
:108D50000198039909684860039800680021C4F2EB
:108D6000010188424ED0FFE703980068B0F1804FC0
:108D700048D0FFE70398006840F20041C4F20001C8
:108D800088423FD0FFE70398006840F60001C4F234
:108D90000001884236D0FFE70398006840F60041A2
:108DA000C4F2000188422DD0FFE70398006840F22A
:108DB0000041C4F20101884224D0FFE70398006813
:108DC00041F60001C4F2000188421BD0FFE703987E
:108DD000006844F20001C4F20101884212D0FFE7AA
:108DE000039800684EF20001C4F20001884209D0E5
:108DF000FFE7039800684EF20041C4F20001884288
:108E00000ED1FFE7009820F0800000900298816862
:108E10000098084300900098039909688860FFE76C
:108E20000399012081F83D00FFE70399002081F8B4
:108E30003C00FFE700208DF81300FFE79DF81300CA
:108E400005B070470000000080B582B00090009827
:108E500020B9FFE701208DF8070045E0009890F861
:108E60003D0040B9FFE70099002081F83C000098E0
:108E700000F03EF8FFE70099022081F83D000099DC
:108E800051F8040B03F080F80099012081F84800A4
:108E9000FFE70099012081F83E00009981F83F002A
:108EA000009981F84000009981F84100009981F80B
:108EB0004200009981F84300FFE7FFE70099012095
:108EC00081F84400009981F84500009981F8460036
:108ED000009981F84700FFE70099012081F83D00E3
:108EE00000208DF80700FFE79DF8070002B080BD65
:108EF00080B586B005900598006840F60001C4F280
:108F00000001884219D1FFE7FFE744F2E840C5F6C7
:108F10000200016841F004010160006800F00400F3
:108F200004900498FFE71E20029000221146FDF7EE
:108F30004FFA0298FDF740FA22E00598006840F6E3
:108F40000041C4F20001884219D1FFE7FFE744F273
:108F5000E840C5F60200016841F0080101600068C0
:108F600000F0080003900398FFE7322001900022F0
:108F70001146FDF72DFA0198FDF71EFAFFE7FFE70E
:108F800006B080BD0000000083B00190019890F809
:108F90003D00012804D0FFE701208DF80B0083E09D
:108FA0000199022081F83D0001980168C86840F0ED
:108FB0000100C860019800680021C4F201018842E4
:108FC0004ED0FFE701980068B0F1804F48D0FFE72E
:108FD0000198006840F20041C4F2000188423FD08D
:108FE000FFE70198006840F60001C4F200018842E2
:108FF00036D0FFE70198006840F60041C4F2000156
:1090000088422DD0FFE70198006840F20041C4F289
:109010000101884224D0FFE70198006841F6000171
:10902000C4F2000188421BD0FFE70198006844F2B7
:109030000001C4F20101884212D0FFE701980068E4
:109040004EF20001C4F20001884209D0FFE7019806
:1090500000684EF20041C4F20001884219D1FFE7D6
:109060000198006880680721C0F201010840009063
:10907000009806280CD0FFE70098B0F5803F07D095
:10908000FFE701980168086840F001000860FFE709
:1090900006E001980168086840F001000860FFE7F9
:1090A00000208DF80B00FFE79DF80B0003B0704720
:1090B00080B586B00490039100208DF80B00FFE787
:1090C000049890F83C00012804D1FFE702208DF8B5
:1090D0001700D1E00499012081F83C00FFE7FFE789
:1090E0000499022081F83D0004980068806801908E
:1090F00001984FF68871CFF6CE7108400190019823
:1091000020F47F40019001980499096888600398D1
:1091100000680090002800F09580FFE70098102874
:1091200000F09080FFE70098202800F08B80FFE798
:109130000098302800F08680FFE70098402874D01F
:10914000FFE70098502856D0FFE7009860285FD0CE
:10915000FFE7009870282AD0FFE70098B0F5805FFD
:1091600024D0FFE70098B0F5005F35D0FFE7009806
:10917000B0F5801F66D0FFE70098B0F1101F61D0F6
:10918000FFE700982021C0F2100188425AD0FFE783
:1091900000983021C0F21001884253D0FFE70098B8
:1091A0004021C0F2100188424CD052E055E00498B2
:1091B0000068039B5A689968DB6802F0E9FF04982D
:1091C000006880680190019840F077000190019854
:1091D00004990968886040E004980068039B5A6815
:1091E0009968DB6802F0D4FF04980168886840F44D
:1091F0008040886031E004980068039A5168D26822
:1092000003F056FB04980068502102F0DDFF24E0D3
:1092100004980068039A5168D26803F071FB0498BF
:109220000068602102F0D0FF17E004980068039AFC
:109230005168D26803F03CFB04980068402102F0BA
:10924000C3FF0AE0049800680399096802F0BCFFB4
:1092500003E001208DF80B00FFE70499012081F85D
:109260003D00FFE70499002081F83C00FFE79DF8EE
:109270000B008DF81700FFE79DF8170006B080BDC2
:1092800081B0009001B0704780B584B0039003981E
:109290000068C068029003980068006901909DF81A
:1092A00004008007002824D5FFE79DF80800800708
:1092B00000281DD5FFE7039801686FF002000861E0
:1092C000039901200877039800688069800720B11E
:1092D000FFE70398FFF7D4FF06E0039800F058F982
:1092E000039800F0BDFAFFE7039900200877FFE735
:1092F000FFE79DF804004007002825D5FFE79DF80B
:109300000800400700281ED5FFE7039801686FF0AA
:1093100004000861039902200877039800688069B7
:1093200010F4407F04D0FFE70398FFF7A9FF06E0A1
:10933000039800F02DF9039800F092FAFFE70399E3
:1093400000200877FFE7FFE79DF8040000070028EA
:1093500024D5FFE79DF80800000700281DD5FFE78A
:10936000039801686FF008000861039904200877EA
:1093700003980068C069800720B1FFE70398FFF7F2
:109380007FFF06E0039800F003F9039800F068FA05
:10939000FFE7039900200877FFE7FFE79DF8040047
:1093A000C006002825D5FFE79DF80800C006002864
:1093B0001ED5FFE7039801686FF01000086103995C
:1093C0000820087703980068C06910F4407F04D033
:1093D000FFE70398FFF754FF06E0039800F0D8F882
:1093E000039800F03DFAFFE7039900200877FFE7B4
:1093F000FFE79DF80400C00778B1FFE79DF808007B
:10940000C00748B1FFE7039801686FF001000861E9
:10941000039800F07DFBFFE7FFE7019800F0800074
:10942000802806D0FFE79DF805008006002810D5AB
:10943000FFE79DF808000006002809D5FFE703981C
:1094400001686FF4025008610398FFF735FCFFE7ED
:10945000FFE79DF80500C00780B1FFE79DF8080011
:109460000006002809D5FFE7039801686FF48070B3
:1094700008610398FFF71CFCFFE7FFE79DF8040075
:109480004006002810D5FFE79DF808004006002898
:1094900009D5FFE7039801686FF040000861039861
:1094A00000F0D2FCFFE7FFE79DF8040080060028EB
:1094B00010D5FFE79DF808008006002809D5FFE7D2
:1094C000039801686FF0200008610398FFF7F8FB2C
:1094D000FFE7FFE704B080BD80B588B007900020AB
:1094E000069005900490039002900798006840F25F
:1094F0000041C4F2000188421ED1FFE7FFE744F2B9
:10950000E040C5F60200016841F002010160006818
:1095100000F0020001900198FFE702200290039002
:10952000002104910591069040F20040C5F602002A
:1095300002A9FCF78DFC29E00798006841F60001BC
:10954000C4F20001884220D1FFE7FFE744F2E04087
:10955000C5F60200016841F002010160006800F0F8
:10956000020000900098FFE74FF4004002900220B4
:109570000390002104910591069040F20040C5F649
:10958000020002A9FCF764FCFFE7FFE708B080BD1A
:1095900081B0009001B0704780B586B0049003910F
:1095A000029200208DF80700FFE7049890F83C0035
:1095B000012804D1FFE702208DF81700C0E00499CC
:1095C000012081F83C00FFE7FFE702980090142893
:1095D00000F2A7800099DFE801F00BA4A4A424A462
:1095E000A4A43EA4A4A457A4A4A471A4A4A48A00DF
:1095F00004980068039902F0FFFD049801688869E7
:1096000040F00800886104980168886920F004002F
:109610008861039802690498016888691043886129
:1096200083E004980068039902F08EFE04980168B4
:10963000886940F40060886104980168886920F4B2
:10964000806088610398026904980168886940EA2B
:109650000220886169E004980068039902F02CFFF9
:1096600004980168C86940F00800C861049801685E
:10967000C86920F00400C861039802690498016871
:10968000C8691043C86150E004980068039902F06B
:10969000CBFF04980168C86940F40060C861049871
:1096A0000168C86920F48060C86103980269049861
:1096B0000168C86940EA0220C86136E00498006881
:1096C000039903F021F804980168486D40F0080000
:1096D000486504980168486D20F0040048650398C7
:1096E000026904980168486D104348651DE00498BC
:1096F0000068039903F070F804980168486D40F41D
:109700000060486504980168486D20F480604865F1
:109710000398026904980168486D40EA0220486590
:1097200003E001208DF80700FFE7FFE70499002020
:1097300081F83C00FFE79DF807008DF81700FFE770
:109740009DF8170006B080BD80B582B000900098EB
:1097500020B9FFE701208DF8070045E0009890F858
:109760003D0040B9FFE70099002081F83C000098D7
:1097700000F03EF8FFE70099022081F83D000099D3
:1097800051F8040B02F000FC0099012081F8480018
:10979000FFE70099012081F83E00009981F83F0021
:1097A000009981F84000009981F84100009981F802
:1097B0004200009981F84300FFE7FFE7009901208C
:1097C00081F84400009981F84500009981F846002D
:1097D000009981F84700FFE70099012081F83D00DA
:1097E00000208DF80700FFE79DF8070002B080BD5C
:1097F00083B002900298006840F20041C4F2000178
:10980000884210D1FFE7FFE744F2E840C5F60200C6
:10981000016841F002010160006800F0020001905F
:109820000198FFE719E00298006841F60001C4F2D0
:109830000001884210D1FFE7FFE744F2E840C5F697
:109840000200016841F040010160006800F0400042
:1098500000900098FFE7FFE7FFE703B070470000C4
:1098600081B0009001B0704780B590B00E900D911E
:109870000D9828B9FFE70E9890F83E000B9034E061
:109880000D98042805D1FFE70E9890F83F000A9044
:1098900028E00D98082805D1FFE70E9890F84000C1
:1098A00009901CE00D980C2805D1FFE70E9890F860
:1098B0004100089010E00D98102805D1FFE70E98A0
:1098C00090F84200079004E00E9890F8430007904B
:1098D000FFE707980890FFE708980990FFE70998C5
:1098E0000A90FFE70A980B90FFE70B98012804D035
:1098F000FFE701208DF83F0003E10D9828B9FFE74D
:109900000E99022081F83E0038E00D98042806D117
:10991000FFE70E99022081F83F0006902CE00D9899
:10992000082806D1FFE70E99022081F84000059033
:109930001FE00D980C2806D1FFE70E99022081F850
:109940004100049012E00D98102806D1FFE70E990F
:10995000022081F84200039005E00E99022081F870
:1099600043000390FFE703980490FFE704980590F5
:10997000FFE705980690FFE70698FFE70E98006856
:109980000D990122019202F0E7FB01980E990968F6
:109990000022C4F20102914202902DD0FFE70E98FE
:1099A0000168012040F20042C4F20102914202909B
:1099B00022D0FFE70E980168012044F20002C4F2B1
:1099C00001029142029017D0FFE70E980168012032
:1099D00044F20042C4F20102914202900CD0FFE72F
:1099E0000E9800684BF60001CBF6FE710844B0FA01
:1099F00080F040090290FFE70298C00738B1FFE706
:109A00000E980168486C40F400404864FFE70E98E7
:109A100000680021C4F2010188424ED0FFE70E9891
:109A20000068B0F1804F48D0FFE70E98006840F220
:109A30000041C4F2000188423FD0FFE70E98006861
:109A400040F60001C4F20001884236D0FFE70E98CC
:109A5000006840F60041C4F2000188422DD0FFE7C3
:109A60000E98006840F20041C4F20101884224D0FF
:109A7000FFE70E98006841F60001C4F20001884239
:109A80001BD0FFE70E98006844F20001C4F2010108
:109A9000884212D0FFE70E9800684EF20001C4F22F
:109AA0000001884209D0FFE70E9800684EF200419D
:109AB000C4F20001884219D1FFE70E98006880685F
:109AC0000721C0F2010108400C900C9806280CD028
:109AD000FFE70C98B0F5803F07D0FFE70E980168CC
:109AE000086840F001000860FFE706E00E98016892
:109AF000086840F001000860FFE700208DF83F0093
:109B0000FFE79DF83F0010B080BD0000000000009E
:109B100080B582B0019042F67850C2F200400078E1
:109B2000C00708B9FFE78AE1019800680021C4F284
:109B3000010188420FD1FFE740F25020C2F20040FD
:109B4000406838B1FFE740F25020C2F20040406860
:109B50008047FFE773E101980068B0F1804F0FD1B3
:109B6000FFE740F26820C2F20040406838B1FFE7EA
:109B700040F26820C2F2004040688047FFE75DE1A4
:109B80000198006840F20041C4F2000188420FD100
:109B9000FFE740F27020C2F20040406838B1FFE7B2
:109BA00040F27020C2F2004040688047FFE744E185
:109BB0000198006840F60001C4F2000188420FD10C
:109BC000FFE740F27820C2F20040406838B1FFE77A
:109BD00040F27820C2F2004040688047FFE72BE166
:109BE0000198006840F60041C4F2000188420FD19C
:109BF000FFE740F28020C2F20040406838B1FFE742
:109C000040F28020C2F2004040688047FFE712E146
:109C10000198006841F20001C4F2000188420FD1AE
:109C2000FFE740F28820C2F20040406838B1FFE709
:109C300040F28820C2F2004040688047FFE7F9E028
:109C40000198006841F20041C4F2000188420FD13E
:109C5000FFE740F29020C2F20040406838B1FFE7D1
:109C600040F29020C2F2004040688047FFE7E0E009
:109C70000198006840F20041C4F2010188420FD10E
:109C8000FFE740F29820C2F20040406838B1FFE799
:109C900040F29820C2F2004040688047FFE7C7E0EA
:109CA0000198006841F60001C4F2000188420FD11A
:109CB000FFE740F22020C2F20040406838B1FFE7E1
:109CC00040F22020C2F2004040688047FFE7AEE04B
:109CD0000198006841F60041C4F2000188420FD1AA
:109CE000FFE740F22820C2F20040406838B1FFE7A9
:109CF00040F22820C2F2004040688047FFE795E02C
:109D00000198006842F20001C4F2000188420FD1BC
:109D1000FFE740F23020C2F20040406838B1FFE770
:109D200040F23020C2F2004040688047FFE77CE00C
:109D30000198006844F20001C4F2010188420FD189
:109D4000FFE740F23820C2F20040406838B1FFE738
:109D500040F23820C2F2004040688047FFE763E0ED
:109D60000198006844F20041C4F2010188420FD119
:109D7000FFE740F24020C2F20040406838B1FFE700
:109D800040F24020C2F2004040688047FFE74AE0CE
:109D90000198006844F60001C4F2010188420FD125
:109DA000FFE740F24820C2F20040406838B1FFE7C8
:109DB00040F24820C2F2004040688047FFE731E0AF
:109DC000019800684EF20001C4F2000188420FD1F0
:109DD000FFE740F25820C2F20040406838B1FFE788
:109DE00040F25820C2F2004040688047FFE718E088
:109DF000019800684EF20041C4F2000188420FD180
:109E0000FFE740F26020C2F20040406838B1FFE74F
:109E100040F26020C2F2004040688047FFE7FFE761
:109E2000FFE7FFE7FFE7FFE7FFE7FFE7FFE7FFE702
:109E3000FFE7FFE7FFE7FFE7FFE7FFE7FFE702B026
:109E400080BD00000000000081B0009001B07047AC
:109E500083B00190FFE7019890F88400012804D1B5
:109E6000FFE702208DF80B002CE00199012081F81A
:109E70008400FFE7FFE701992420C1F888000198DA
:109E800000680068009001980168086820F00100EF
:109E90000860009820F0005000900199002048666A
:109EA000009801990968086001992020C1F888008C
:109EB000FFE70199002081F88400FFE700208DF87A
:109EC0000B00FFE79DF80B0003B070470000000097
:109ED00080B586B004900391ADF80A200498D0F8BC
:109EE0008C00202844D1FFE7039820B1FFE7BDF89C
:109EF0000A0020B9FFE701208DF817003CE0049923
:109F00000120C86604990020086704980399BDF8E9
:109F10000A2003F0D5FD8DF809009DF8090010BB5B
:109F2000FFE70498C06E012818D1FFE70498016884
:109F300010200862FFE7FFE70498006850E8000F70
:109F400040F010000190FFE701990498026842E890
:109F500000100028F0D1FFE7FFE703E001208DF8B3
:109F60000900FFE7FFE79DF809008DF8170003E0FF
:109F700002208DF81700FFE79DF8170006B080BD9E
:109F800080B582B00190ADF802100198006841F2EE
:109F90000001C4F20101884220D1FFE740F2AC4049
:109FA000C2F20040D0F8080260B1FFE740F2AC40D6
:109FB000C2F20040D0F80822BDF8021000F582700D
:109FC0009047FFE7019840F2AC41C2F20041B1F87E
:109FD000042201F58271FFF77BFF79E101980068A7
:109FE00044F20041C4F20001884220D1FFE740F270
:109FF000B860C2F20040D0F8080260B1FFE740F25A
:10A00000B860C2F20040D0F80822BDF8021000F596
:10A0100082709047FFE7019840F2B861C2F20041B8
:10A02000B1F8042201F58271FFF752FF4FE1019868
:10A03000006844F60001C4F20001884220D1FFE725
:10A0400040F6C400C2F20040D0F8080260B1FFE759
:10A0500040F6C400C2F20040D0F80822BDF8021059
:10A0600000F582709047FFE7019840F6C401C2F204
:10A070000041B1F8042201F58271FFF729FF25E1C3
:10A080000198006844F60041C4F20001884220D1E2
:10A09000FFE740F6D020C2F20040D0F8080260B1DD
:10A0A000FFE740F6D020C2F20040D0F80822BDF809
:10A0B000021000F582709047FFE7019840F6D0212A
:10A0C000C2F20041B1F8042201F58271FFF700FFEE
:10A0D000FBE00198006845F20001C4F200018842EB
:10A0E00020D1FFE740F6DC40C2F20040D0F8080281
:10A0F00060B1FFE740F6DC40C2F20040D0F8082231
:10A10000BDF8021000F582709047FFE7019840F615
:10A11000DC41C2F20041B1F8042201F58271FFF77F
:10A12000D7FED1E00198006841F20041C4F201017C
:10A13000884220D1FFE740F6E860C2F20040D0F844
:10A14000080260B1FFE740F6E860C2F20040D0F8D4
:10A150000822BDF8021000F582709047FFE70198D1
:10A1600040F6E861C2F20041B1F8042201F58271C3
:10A17000FFF7AEFEA7E00198006847F60001C4F2C1
:10A180000001884220D1FFE741F2F400C2F2004012
:10A19000D0F8080260B1FFE741F2F400C2F20040DB
:10A1A000D0F80822BDF8021000F582709047FFE752
:10A1B000019841F2F401C2F20041B1F8042201F524
:10A1C0008271FFF785FE7DE00198006847F6004147
:10A1D000C4F20001884220D1FFE741F20030C2F210
:10A1E0000040D0F8080260B1FFE741F20030C2F24F
:10A1F0000040D0F80822BDF8021000F582709047A8
:10A20000FFE7019841F20031C2F20041B1F80422A7
:10A2100001F58271FFF75CFE53E00198006841F69A
:10A220000001C4F20101884220D1FFE741F20C5045
:10A23000C2F20040D0F8080260B1FFE741F20C50D2
:10A24000C2F20040D0F80822BDF8021000F582707A
:10A250009047FFE7019841F20C51C2F20041B1F87A
:10A26000042201F58271FFF733FE29E001980068AE
:10A2700041F60041C4F20101884220D1FFE740F2DB
:10A28000A020C2F20040D0F8080260B1FFE740F21F
:10A29000A020C2F20040D0F80822BDF8021000F55C
:10A2A00082709047FFE7019840F2A021C2F200417E
:10A2B000B1F8042201F58271FFF70AFEFFE7FFE71C
:10A2C000FFE7FFE7FFE7FFE7FFE7FFE7FFE7FFE75E
:10A2D00002B080BD0000000081B0009001B0704766
:10A2E00080B584B002900191FFE7029890F8840055
:10A2F000012804D1FFE702208DF80F0032E0029917
:10A30000012081F88400FFE7FFE702992420C1F8CB
:10A310008800029800680068009002980168086848
:10A3200020F00100086002980068806820F06060FA
:10A3300001990843029909688860029802F07CFB41
:10A34000009802990968086002992020C1F88800E5
:10A35000FFE70299002081F88400FFE700208DF8D4
:10A360000F00FFE79DF80F0004B080BD0000000063
:10A3700080B584B002900191FFE7029890F88400C4
:10A38000012804D1FFE702208DF80F0032E0029986
:10A39000012081F88400FFE7FFE702992420C1F83B
:10A3A00088000298006800680090029801680868B8
:10A3B00020F00100086002980068806820F060408A
:10A3C00001990843029909688860029802F034FBF9
:10A3D000009802990968086002992020C1F8880055
:10A3E000FFE70299002081F88400FFE700208DF844
:10A3F0000F00FFE79DF80F0004B080BD00000000D3
:10A4000081B0009001B0704781B0009001B07047FA
:10A4100081B0009001B0704780B592B01190119852
:10A420000068C06910901198006800680F9011983A
:10A43000006880680E90109840F60F0108400D905B
:10A440000D98E0B9FFE79DF840008006002815D57B
:10A45000FFE79DF83C008006002806D4FFE79DF842
:10A460003B00C006002809D5FFE71198406F20B1D6
:10A47000FFE71198416F8847FFE72FE3FFE70D984B
:10A48000002800F00C81FFE70E980121C1F20001C5
:10A49000084209D1FFE70F9840F22011C0F20041B5
:10A4A000084200F0FC80FFE79DF84000C00788B13B
:10A4B000FFE79DF83D00C00760B1FFE71198016814
:10A4C000012008621199D1F8900040F00100C1F814
:10A4D0009000FFE79DF840008007002811D5FFE7B6
:10A4E0009DF83800C00760B1FFE7119801680220AD
:10A4F00008621199D1F8900040F00400C1F8900072
:10A50000FFE79DF840004007002811D5FFE79DF8C0
:10A510003800C00760B1FFE71198016804200862A5
:10A520001199D1F8900040F00200C1F89000FFE7C7
:10A530009DF840000007002819D5FFE79DF83C0072
:10A540008006002807D4FFE70E980121C1F2000120
:10A5500008420CD0FFE711980168082008621199A1
:10A56000D1F8900040F00800C1F89000FFE79DF896
:10A5700041000007002813D5FFE79DF83F00400782
:10A5800000280DD5FFE7119801684FF400600862BC
:10A590001199D1F8900040F02000C1F89000FFE739
:10A5A0001198D0F89000002878D0FFE79DF840007F
:10A5B0008006002815D5FFE79DF83C00800600289E
:10A5C00006D4FFE79DF83B00C006002809D5FFE749
:10A5D0001198406F20B1FFE71198416F8847FFE75E
:10A5E000FFE71198D0F890000C90119800688068EF
:10A5F00000F04000402806D0FFE79DF8300010F042
:10A60000280F42D0FFE7119802F08EFC11980068E5
:10A6100080684006002833D5FFE7FFE7FFE7119881
:10A62000006850E8020F20F040000B90FFE70B9904
:10A630001198026842E802100028F0D1FFE7FFE716
:10A640001198D0F88000B0B1FFE71198D0F88010D1
:10A650004CF65150C0F6000008651198D0F8800003
:10A66000F7F7F6FB30B1FFE71198D0F88000016DE5
:10A670008847FFE703E01198FFF7CAFEFFE703E012
:10A680001198FFF7C5FEFFE707E01198FFF7C0FE3E
:10A6900011990020C1F89000FFE7FFE71EE2119832
:10A6A000C06E012840F0BB81FFE79DF84000C00666
:10A6B000002840F1B481FFE79DF83C00C006002867
:10A6C00040F1AD81FFE711980168102008621198F0
:10A6D000006880684006002840F13F81FFE711983C
:10A6E000D0F8800000681021C4F20201884200F016
:10A6F000A280FFE71198D0F8800000682821C4F2FA
:10A700000201884200F09780FFE71198D0F880009E
:10A7100000684021C4F20201884200F08C80FFE70B
:10A720001198D0F8800000685821C4F202018842D4
:10A7300000F08180FFE71198D0F880000068702158
:10A74000C4F20201884276D0FFE71198D0F8800069
:10A7500000688821C4F2020188426CD0FFE711989A
:10A76000D0F880000068A021C4F20201884262D0C3
:10A77000FFE71198D0F880000068B821C4F2020108
:10A78000884258D0FFE71198D0F88000006840F266
:10A790001041C4F2020188424DD0FFE71198D0F871
:10A7A0008000006840F22841C4F20201884242D091
:10A7B000FFE71198D0F88000006840F24041C4F2F1
:10A7C0000201884237D0FFE71198D0F88000006876
:10A7D00040F25841C4F2020188422CD0FFE71198A0
:10A7E000D0F88000006840F27041C4F20201884253
:10A7F00021D0FFE71198D0F88000006840F288412E
:10A80000C4F20201884216D0FFE71198D0F8800008
:10A81000006840F2A041C4F2020188420BD0FFE779
:10A820001198D0F88000006840F2B841C4F20201EB
:10A83000884207D1FFE71198D0F88000006840688F
:10A84000019006E01198D0F88000006840680190FF
:10A85000FFE70198ADF82A00BDF82A0000287BD058
:10A86000FFE7BDF82A001199B1F85C10884273DA4D
:10A87000FFE7BDF82A001199A1F85E001198D0F801
:10A880008000C069B0F5807F59D0FFE7FFE7FFE7A0
:10A890001198006850E8000F20F480700990FFE7DD
:10A8A00009991198026842E800100028F0D1FFE7EA
:10A8B000FFE7FFE7FFE71198006850E8020F20F07C
:10A8C00001000890FFE708991198026842E8021019
:10A8D0000028F0D1FFE7FFE7FFE7FFE711980068E6
:10A8E00050E8020F20F040000790FFE70799119809
:10A8F000026842E802100028F0D1FFE7FFE7119953
:10A900002020C1F88C0011990020C866FFE7FFE7FE
:10A910001198006850E8000F20F010000690FFE743
:10A9200006991198026842E800100028F0D1FFE76C
:10A93000FFE71198D0F88000F6F7CEFDFFE71199F8
:10A94000022008671198B0F85C10B0F85E20891AF0
:10A9500089B2FFF715FBFFE7C0E01199B1F85C0081
:10A96000B1F85E10401AADF816001198B0F85E000C
:10A97000002853D0FFE7BDF8160000284ED0FFE7AF
:10A98000FFE7FFE71198006850E8000F20F490708F
:10A990000490FFE704991198026842E8001000282B
:10A9A000F0D1FFE7FFE7FFE7FFE71198006850E805
:10A9B000020F4FF6FE71CEF6FF7108400390FFE7DD
:10A9C00003991198026842E802100028EDD1FFE7D0
:10A9D000FFE711992020C1F88C0011990020C8666A
:10A9E00011994867FFE7FFE71198006850E8000FEA
:10A9F00020F010000290FFE702991198026842E8E7
:10AA000000100028F0D1FFE7FFE711990220086746
:10AA10001198BDF81610FFF7B3FAFFE75EE09DF856
:10AA20004200C00600280FD5FFE79DF83A00400617
:10AA3000002809D5FFE7119801684FF480100862DB
:10AA40001198FFF7E1FC49E09DF84000000600285E
:10AA500015D5FFE79DF83C000006002806D4FFE767
:10AA60009DF83A000006002809D5FFE71198806F8D
:10AA700020B1FFE71198816F8847FFE72EE09DF82E
:10AA80004000400600280AD5FFE79DF83C0040063C
:10AA9000002804D5FFE7119802F096FA1EE09DF811
:10AAA0004200000600280AD5FFE79DF83F00400657
:10AAB000002804D5FFE71198FFF7A2FC0EE09DF8EF
:10AAC0004300C00750B1FFE79DF83F000006002893
:10AAD00004D5FFE71198FFF7FFFBFFE712B080BD39
:10AAE00080B582B00090009820B9FFE701208DF872
:10AAF000070046E00098806908B1FFE700E0FFE743
:10AB00000098D0F8880040B9FFE70099002081F84C
:10AB10008400009800F03CF8FFE700992420C1F879
:10AB2000880000980168086820F00100086000981B
:10AB3000806A20B1FFE7009801F0C2FFFFE70098AC
:10AB400002F096FA012804D1FFE701208DF80700F2
:10AB500017E000980168486820F490404860009829
:10AB60000168886820F02A008860009801680868F9
:10AB700040F001000860009802F046F88DF80700E8
:10AB8000FFE79DF8070002B080BD00000000000054
:10AB900080B5D2B05190002050904F904E904D9083
:10ABA0004C901EA8B821F5F7ADFC5198006844F60A
:10ABB0000041C4F2000188427ED1FFE700201F90CF
:10ABC00002211E913B901EA8FBF73AFF18B1FFE748
:10ABD000F6F7A2FAFFE7FFE744F2E840C5F6020005
:10ABE000016841F400210160006800F400201D901C
:10ABF0001D98FFE7FFE744F2E040C5F60200016858
:10AC000041F001010160006800F001001C901C98F7
:10AC1000FFE7022010904C904D90002013904E9032
:10AC20004F90082050900020C5F6020011904CA9CA
:10AC30001291FBF70DF9109B11981299139A4FF48A
:10AC4000805CCDF830C14D934E924F9206225092C7
:10AC5000FBF7FEF8139942F2C050C2F20040149084
:10AC60001022C4F2020202603F2242608160C16091
:10AC70004FF48062026141618161C16101624162A0
:10AC8000F8F71EFD18B1FFE7F6F746FAFFE7FFE712
:10AC9000519842F2C051C2F20041C0F88010519860
:10ACA0008863FFE734200F9000221146FBF790FBEA
:10ACB0000F98FBF781FBC9E15198006845F200014C
:10ACC000C4F20001884240F09680FFE700201F9008
:10ACD00002211E913B901EA8FBF7B2FE18B1FFE7C0
:10ACE000F6F71AFAFFE7FFE744F2E840C5F602007C
:10ACF000016841F480110160006800F480101B902D
:10AD00001B98FFE7FFE744F2E040C5F60200016848
:10AD100041F002010160006800F002001A901A98E8
:10AD2000FFE7FFE744F2E040C5F60200016841F0AA
:10AD300008010160006800F0080019901998FFE709
:10AD40004FF400504C9002200B904D9000200D903D
:10AD50004E904F900E20509040F20040C5F60200F9
:10AD60004CA90C91FBF774F80B9A0C990D980423DD
:10AD70004C934D924E904F900820509040F60040DA
:10AD8000C5F60200FBF764F80D9942F23860C2F292
:10AD900000400E9040F21042C4F2020202604122D2
:10ADA00042608160C1604FF48062026141618161F3
:10ADB0004FF48072C2614FF4403202624162F8F790
:10ADC0007FFC18B1FFE7F6F7A7F9FFE7FFE7519817
:10ADD00042F23861C2F20041C0F880105198886395
:10ADE000FFE735200A9000221146FBF7F1FA0A9896
:10ADF000FBF7E2FA29E15198006841F20001C4F240
:10AE0000010188426ED1FFE700201F9001211E91B1
:10AE10003C901EA8FBF714FE18B1FFE7F6F77CF98B
:10AE2000FFE7FFE744F2F040C5F60200016841F099
:10AE300010010160006800F0100018901898FFE7FA
:10AE4000FFE744F2E040C5F60200016841F001016D
:10AE50000160006800F0010017901798FFE74FF4B9
:10AE6000C0604C9002204D90002008904E904F9072
:10AE7000072050900020C5F602004CA9FAF7E8FF21
:10AE8000089942F2A070C2F2004009902822C4F250
:10AE900002020260292242608160C1604FF4806238
:10AEA000026141618161C16101624162F8F708FCA0
:10AEB00018B1FFE7F6F730F9FFE7FFE7519842F2E4
:10AEC000A071C2F20041C0F8801051988863FFE77A
:10AED0002520079000221146FBF77AFA0798FBF726
:10AEE0006BFAB1E05198006841F60041C4F20101EB
:10AEF000884240F0A880FFE700201F9001211E91AA
:10AF00003C901EA8FBF79CFD18B1FFE7F6F704F98B
:10AF1000FFE7FFE744F2F040C5F60200016841F0A8
:10AF200080010160006800F0800016901698FFE72D
:10AF3000FFE744F2E040C5F60200016841F010016D
:10AF40000160006800F0100015901598FFE70420DC
:10AF50004C90022102914D91002105914E914F910B
:10AF6000509041F20000C5F6020003904CA90491F4
:10AF7000FAF76EFF029B03980499059A4FF0080CAC
:10AF8000CDF830C14D934E924F920B225092FAF76A
:10AF90005FFF059942F2B060C2F20040069058226D
:10AFA000C4F202020260762242608160C1604FF406
:10AFB0008062026141618161C16101624162F8F7B1
:10AFC0007FFB18B1FFE7F6F7A7F8FFE7FFE7519817
:10AFD00042F2B061C2F20041C0F88010519888631B
:10AFE000FFE742F22870C2F2004001907021C4F2E3
:10AFF0000201016077214160402181600021C16030
:10B000004FF48062026141618161C161016241620C
:10B01000F8F756FB18B1FFE7F6F77EF8FFE7FFE712
:10B02000519842F22871C2F20041C1675198886379
:10B03000FFE79C20009000221146FBF7C9F9009819
:10B04000FBF7BAF9FFE7FFE7FFE7FFE752B080BD84
:10B0500081B0009001B0704781B0009001B070479E
:10B0600081B0009001B07047FFE7FEE700000000EC
:10B0700080B588B0FFE744F2D840C5F60200016809
:10B0800041F001010160006800F00100079007989D
:10B09000FFE7FFE744F2D840C5F60200016841F03F
:10B0A00002010160006800F0020006900698FFE7C8
:10B0B0000B200090002204921146FBF789F90098BA
:10B0C000FBF77AF9049A0C2001901146FBF780F9FE
:10B0D0000198FBF771F9049A0E2002901146FBF7D4
:10B0E00077F90298FBF768F9049A0F20039011464C
:10B0F000FBF76EF90398FBF75FF9049A3820059087
:10B100001146FBF765F90598FBF756F908B080BDC5
:10B1100080B582B042F61800C2F2004001904AF2B7
:10B120000001C4F20001016000228260C2600121BE
:10B13000017442748174032141610A2383614FF0D9
:10B140001D0CC0F81CC0036241628362C0F82CC0B1
:10B15000036340F2A463436381630421C163082352
:10B16000036441648364C164026541658265C265AC
:10B170002023036642668166FAF702F918B1FFE7F9
:10B18000F5F7CAFFFFE702B080BD00000000000035
:10B1900080B582B042F6B800C2F2004001904AF297
:10B1A0000041C4F20001016000228260C2600121FE
:10B1B000017442748174032141610A2383614FF059
:10B1C0001D0CC0F81CC0036241628362C0F82CC031
:10B1D000036340F2A463436381630421C1630823D2
:10B1E000036441648364C164026541658265C2652C
:10B1F0002023036642668166FAF7C2F818B1FFE7BA
:10B20000F5F78AFFFFE702B080BD000000000000F4
:10B2100080B582B042F65810C2F2004001904DF263
:10B220000041C4F20001016000228260C26001217D
:10B23000017442748174032141610A2383614FF0D8
:10B240001D0CC0F81CC0036241628362C0F82CC0B0
:10B25000036340F2A463436381630421C163082351
:10B26000036441648364C164026541658265C265AB
:10B270002023036642668166FAF782F818B1FFE779
:10B28000F5F74AFFFFE702B080BD000000000000B4
:10B2900080B592B00020119010900F900E900D90FC
:10B2A000FFE744F2E040C5F60200016841F01001FA
:10B2B0000160006800F010000C900C98FFE7FFE7B9
:10B2C00044F2E040C5F60200016841F0040101606B
:10B2D000006800F004000B900B98FFE7FFE744F2D2
:10B2E000E040C5F60200016841F08001016000689D
:10B2F00000F080000A900A98FFE7FFE744F2E04080
:10B30000C5F60200016841F001010160006800F02B
:10B31000010009900998FFE7FFE744F2E040C5F615
:10B320000200016841F002010160006800F00200C3
:10B3300008900898FFE7FFE744F2E040C5F60200F6
:10B34000016841F008010160006800F00800079002
:10B350000798FFE740F60000C5F6020003904FF49F
:10B36000204100220592FAF75FFF03984FF48041D5
:10B37000009101220292FAF757FF029A0398059969
:10B380004FF4C0430D930E9202220F9210910DA91B
:10B390000491FAF75DFD029B03980499059A4FF416
:10B3A000004CCDF834C00E930F931092FAF750FD75
:10B3B00002980499059A05230D930E920F90002090
:10B3C000C5F60200FAF744FD009A029804990D921E
:10B3D0004FF4041201920E920F9041F20000C5F654
:10B3E0000200FAF735FD019B029A039804994FF485
:10B3F000E05CCDF834C00E930F92FAF729FD059A60
:10B40000282006901146FAF7E3FF0698FAF7D4FFD2
:10B4100012B080BD0000000080B58CB00021019109
:10B420000B910A9109910891079106910591049158
:10B430000391029142F6F810C2F2004041F6000278
:10B44000C4F200020260EF224260816040F2E73203
:10B45000C260016180218161FEF776F918B1FFE7D2
:10B46000F5F75AFEFFE7002009900B9042F6F8101E
:10B47000C2F2004009A9FDF727FC18B1FFE7F5F774
:10B480004BFEFFE76020029000200390049006909E
:10B4900042F6F810C2F2004002A90422FEF77CF83E
:10B4A00018B1FFE7F5F738FEFFE742F6F810C2F2F1
:10B4B0000040FEF711F80CB080BD00000000000055
:10B4C00080B58CB0002101910B910A9109910891EE
:10B4D00007910691059104910391029142F644204F
:10B4E000C2F2004040F20042C4F200020260416039
:10B4F0008160FF22C26001618161FEF725F918B108
:10B50000FFE7F5F709FEFFE7002009900B9042F6F0
:10B510004420C2F2004009A9FDF7D6FB18B1FFE7AD
:10B52000F5F7FAFDFFE760200290002003900490F9
:10B530000420069042F64420C2F2004002A90C22E8
:10B54000FEF72AF818B1FFE7F5F7E6FDFFE742F648
:10B550004420C2F20040FDF7BFFF0CB080BD0000E8
:10B5600080B588B000210091079106910591049162
:10B5700003910291019142F69020C2F2004040F600
:10B580000002C4F200020260EF2242608160632286
:10B59000C26001618161FDF757FC18B1FFE7F5F763
:10B5A000BBFDFFE74FF48050049042F69020C2F2BA
:10B5B000004004A9FDF77CFD18B1FFE7F5F7ACFDED
:10B5C000FFE700200190039042F69020C2F2004075
:10B5D00001A9FDF779FB18B1FFE7F5F79DFDFFE73E
:10B5E00008B080BD0000000080B588B00021009147
:10B5F000079106910591049103910291019142F600
:10B60000DC20C2F2004040F60042C4F200020260B8
:10B61000EF224260816040F2E732C26001618161E5
:10B62000FDF712FC18B1FFE7F5F776FDFFE74FF4E1
:10B630008050049042F6DC20C2F2004004A9FDF7DD
:10B6400037FD18B1FFE7F5F767FDFFE70020019030
:10B65000039042F6DC20C2F2004001A9FDF734FB62
:10B6600018B1FFE7F5F758FDFFE708B080BD00000F
:10B6700080B582B042F65040C2F20040019044F6DC
:10B680000041C4F2000101604FF4E13141604FF428
:10B69000805181604FF40051C1604FF480610161BD
:10B6A0000421416100218161C161016241628162C5
:10B6B000FFF716FA18B1FFE7F5F72EFDFFE742F6A0
:10B6C0005040C2F200400021FEF752FE18B1FFE7E1
:10B6D000F5F722FDFFE742F65040C2F2004000219C
:10B6E000FEF7FEFD18B1FFE7F5F716FDFFE742F69E
:10B6F0005040C2F20040FEF7ABFB18B1FFE7F5F790
:10B700000BFDFFE702B080BD80B582B042F6E44099
:10B71000C2F20040009045F20001C4F20001016055
:10B720004FF4E1314160002101918160C16001610C
:10B73000042242618161C161016241628162FFF75D
:10B74000CFF918B1FFE7F5F7E7FCFFE742F6E44071
:10B75000C2F200400021FEF70BFE18B1FFE7F5F73B
:10B76000DBFCFFE742F6E440C2F200400021FEF7B6
:10B77000B7FD18B1FFE7F5F7CFFCFFE742F6E4406D
:10B78000C2F20040FEF764FB18B1FFE7F5F7C4FC16
:10B79000FFE702B080BD000080B582B042F6BC3049
:10B7A000C2F20040009041F60041C4F20101016084
:10B7B0004FF416514160002101918160C160016127
:10B7C0000C2242618161C161016241628162FFF7C5
:10B7D00087F918B1FFE7F5F79FFCFFE742F6BC30A9
:10B7E000C2F200400021FEF7C3FD18B1FFE7F5F7F4
:10B7F00093FCFFE742F6BC30C2F200400021FEF7A6
:10B800006FFD18B1FFE7F5F787FCFFE742F6BC30A4
:10B81000C2F20040FEF71CFB18B1FFE7F5F77CFC15
:10B82000FFE702B080BD000080B582B042F628304C
:10B83000C2F20040019041F20001C4F20101016036
:10B8400048F2A061C0F201014160002181604FF423
:10B850000052C2604FF4806202610C224261816139
:10B86000C16101624162022181624FF48031016352
:10B87000FFF736F918B1FFE7F5F74EFCFFE742F6A0
:10B880002830C2F200400021FEF772FD18B1FFE738
:10B89000F5F742FCFFE742F62830C2F200400021F3
:10B8A000FEF71EFD18B1FFE7F5F736FCFFE742F69D
:10B8B0002830C2F20040FEF7CBFA18B1FFE7F5F7E7
:10B8C0002BFCFFE702B080BDFFE7FEE700000000B1
:10B8D000FFE7FEE70000000088B0079006910592A0
:10B8E000079800F0070004900498C0F107000528AD
:10B8F00003D3FFE70420019004E00498C0F107009F
:10B900000190FFE70198039004980430062803D8BB
:10B91000FFE70020009003E0049803380090FFE761
:10B920000098029006980399012202FA01F1013968
:10B930000840029B984005999A40013A11400843FB
:10B9400008B07047000000007047000000000000D1
:10B9500080B586B00490039100208DF8070044F272
:10B960002840C5F60200006800F00300032804D157
:10B97000FFE701208DF81700CBE044F20041C5F647
:10B980000201086820F080600860FAF765FC029008
:10B99000FFE744F20040C5F60200006800F00061D5
:10B9A0000020B0EBD16F0CD0FFE7FAF755FC0299FD
:10B9B000401A032804D3FFE703208DF81700A8E0FE
:10B9C000E7E7FFE744F22841C5F60201086820F4E2
:10B9D0007C30049A126840EA023008600499486892
:10B9E000D1F808C0CB680A6901386FF35F204FF6C1
:10B9F0000061CFF6FF7101EB4C2189B208440021B0
:10BA0000CFF6FF7101EB034101F4FE0108444FF052
:10BA10007F4101EB026101F0FE41084444F23841EC
:10BA2000C5F602010860FFE744F22C41C5F60201A9
:10BA30000091086820F0C000049A52691043086021
:10BA4000086820F02000049A926910430860086892
:10BA500020F01000086044F23C42C5F60202106873
:10BA60004FF6F8739843049BDB6940EAC30010600B
:10BA7000086840F010000860039848B9FFE744F2F6
:10BA80002C41C5F60201086840F40020086016E069
:10BA90000398012809D1FFE744F22C41C5F60201C1
:10BAA000086840F48010086008E044F22C41C5F6B4
:10BAB0000201086840F400100860FFE7FFE744F265
:10BAC0000041C5F60201086840F080600860FAF79E
:10BAD000C3FB0290FFE744F20040C5F60200006895
:10BAE00000F000610020B0EBD16F0CD1FFE7FAF756
:10BAF000B3FB0299401A032804D3FFE703208DF813
:10BB0000170006E0E7E7FFE79DF807008DF817004C
:10BB1000FFE79DF8170006B080BD000000000000A0
:10BB200080B586B00490039100208DF8070044F2A0
:10BB30002840C5F60200006800F00300032804D185
:10BB4000FFE701208DF81700CBE044F20041C5F675
:10BB50000201086820F080500860FAF77DFB02902F
:10BB6000FFE744F20040C5F60200006800F0005113
:10BB70000020B0EB517F0CD0FFE7FAF76DFB029984
:10BB8000401A032804D3FFE703208DF81700A8E02C
:10BB9000E7E7FFE744F22841C5F60201086820F014
:10BBA0007C70049A126840EA025008600499486860
:10BBB000D1F808C0CB680A6901386FF35F204FF6EF
:10BBC0000061CFF6FF7101EB4C2189B208440021DE
:10BBD000CFF6FF7101EB034101F4FE0108444FF081
:10BBE0007F4101EB026101F0FE41084444F2404113
:10BBF000C5F602010860FFE744F22C41C5F60201D8
:10BC00000091086820F44060049A5269104308606B
:10BC1000086820F40070049A92691043086008686C
:10BC200020F48070086044F24442C5F602021068B5
:10BC30004FF6F8739843049BDB6940EAC300106039
:10BC4000086840F480700860039848B9FFE744F240
:10BC50002C41C5F60201086840F48000086016E037
:10BC60000398012809D1FFE744F22C41C5F60201EF
:10BC7000086840F40000086008E044F22C41C5F672
:10BC80000201086840F080700860FFE7FFE744F2B7
:10BC90000041C5F60201086840F080500860FAF7DC
:10BCA000DBFA0290FFE744F20040C5F602000068AC
:10BCB00000F000510020B0EB517F0CD1FFE7FAF704
:10BCC000CBFA0299401A032804D3FFE703208DF82A
:10BCD000170006E0E7E7FFE79DF807008DF817007B
:10BCE000FFE79DF8170006B080BD000000000000CF
:10BCF000704700000000000080B582B000900098FE
:10BD00000138B0F1807F03D3FFE70120019019E0F3
:10BD1000009801384EF21401CEF2000108604FF095
:10BD2000FF300F2106F09CFD4EF21801CEF200010B
:10BD3000002008604EF21002CEF2000207211160CE
:10BD40000190FFE7019802B080BD000000000000F4
:10BD500080B5FAF789FA80BD80B59EB00BA84C215A
:10BD6000F4F7D0FB002001900A900990089007900A
:10BD700006900590049003900220FAF749FBFFE734
:10BD80000020029044F61800C5F60200016821F474
:10BD900040410160006800F4404002900298FFE7D3
:10BDA000FFE744F61800C5F60200006800F40050F2
:10BDB000B0F5005F01D0FFE7F3E701210B914FF4ED
:10BDC00080300C9002201490159016902822179223
:10BDD0001891042119911A900C201B9000201C909E
:10BDE0001D900BA8FCF74CFA18B1FFE7F5F794F992
:10BDF000FFE73F20039003210491002005900820D5
:10BE000006904020079008904FF4806209920A90B3
:10BE100003A8FBF70DFE18B1FFE7F5F77DF9FFE783
:10BE20001EB080BD000000004EF68851CEF2000129
:10BE3000086840F47000086042F20000C5F200207B
:10BE4000006800F00F0006280AD8FFE742F2000160
:10BE5000C5F200210868072262F303000860FFE7CB
:10BE600044F20041C5F60201086840F00100086094
:10BE700044F21042C5F602020020106008684EF637
:10BE80007F52CEF6F6221040086042F20000C5F262
:10BE90000020006800F00F0008280AD3FFE742F2F4
:10BEA0000001C5F200210868072262F30300086060
:10BEB000FFE744F21841C5F602010020086044F291
:10BEC0001C41C5F60201086044F22041C5F602019A
:10BED000086044F22842C5F6020240F20021C0F296
:10BEE0000221116044F22C42C5F602020021C0F288
:10BEF000FF11116044F23042C5F6020240F2802187
:10BF0000C0F20111116044F23442C5F60202106021
:10BF100044F23842C5F60202116044F23C42C5F6D2
:10BF20000202106044F24042C5F60202116044F27F
:10BF30004441C5F60201086044F20042C5F602021F
:10BF4000116821F48021116044F26041C5F60201BC
:10BF5000086044F20001C5F2002143F2D2000860FB
:10BF6000704700000000000080B542F69020C2F249
:10BF70000040FDF789F980BD80B542F6DC20C2F2B1
:10BF80000040FDF781F980BD83B0029001910298D5
:10BF90000068009002980021C4F20101884225D077
:10BFA000FFE70298B0F1804F20D0FFE7029840F2FF
:10BFB0000041C4F20001884218D0FFE7029840F621
:10BFC0000001C4F20001884210D0FFE7029840F659
:10BFD0000041C4F20001884208D0FFE7029840F215
:10BFE0000041C4F2010188420AD1FFE7009820F025
:10BFF0007000009001984168009808430090FFE7A6
:10C0000002980021C4F2010188424DD0FFE7029856
:10C01000B0F1804F48D0FFE7029840F20041C4F2EF
:10C020000001884240D0FFE7029840F60001C4F2C8
:10C030000001884238D0FFE7029840F60041C4F280
:10C040000001884230D0FFE7029840F20041C4F27C
:10C050000101884228D0FFE7029844F20001C4F2AF
:10C060000101884220D0FFE7029844F20041C4F267
:10C070000101884218D0FFE7029844F60001C4F29B
:10C080000101884210D0FFE702984EF20001C4F28D
:10C090000001884208D0FFE702984EF20041C4F246
:10C0A000000188420AD1FFE7009820F44070009018
:10C0B0000198C168009808430090FFE7009820F0BD
:10C0C000800001994969084300900098029908602E
:10C0D000019880680299C862019800680299886294
:10C0E00002980021C4F20101884220D0FFE70298A3
:10C0F00040F20041C4F20101884218D0FFE70298E3
:10C1000044F20001C4F20101884210D0FFE7029816
:10C1100044F20041C4F20101884208D0FFE70298CE
:10C1200044F60001C4F20101884205D1FFE70198FD
:10C13000006902990863FFE70299012048610298AB
:10C140000069C00730B1FFE70299086920F00100DB
:10C150000861FFE703B0704784B003900291019239
:10C16000029800F01F01012088400090009A039976
:10C17000086A904308620198029901F01F0100FAD1
:10C1800001F20399086A1043086204B07047000086
:10C1900085B0049003910292019304988068009006
:10C1A000009820F47F40009003980299019A41EA98
:10C1B0000221014300980843009000980499886088
:10C1C00005B070470000000083B002900191029812
:10C1D0008068009000984FF68F71CFF6CF710840BD
:10C1E000009001980099084340F0070000900098E3
:10C1F0000299886003B0704785B004900391049859
:10C20000006A01900499086A20F00100086204980D
:10C210004068009004988069029002984FF68F71F0
:10C22000CFF6FE7108400290029820F003000290C1
:10C2300003980168029808430290019820F00200D8
:10C2400001900398816801980843019004980021A7
:10C25000C4F20101884220D0FFE7049840F2004177
:10C26000C4F20101884218D0FFE7049844F20001AB
:10C27000C4F20101884210D0FFE7049844F2004163
:10C28000C4F20101884208D0FFE7049844F6000197
:10C29000C4F2010188420ED1FFE7019820F00800A6
:10C2A00001900398C168019808430190019820F01B
:10C2B00004000190FFE704980021C4F201018842C4
:10C2C00020D0FFE7049840F20041C4F20101884207
:10C2D00018D0FFE7049844F20001C4F2010188423B
:10C2E00010D0FFE7049844F20041C4F201018842F3
:10C2F00008D0FFE7049844F60001C4F20101884227
:10C3000013D1FFE7009820F480700090009820F48B
:10C3100000700090039841690098084300900398CA
:10C320008169009808430090FFE7009804994860ED
:10C3300002980499886103984068049948630198B9
:10C340000499086205B0704785B004900391049881
:10C35000006A01900499086A20F0100008620498AD
:10C3600040680090049880690290029848F6FF7136
:10C37000CFF6FF6108400290029820F440700290CE
:10C3800003980168029840EA01200290019820F089
:10C390002000019003988168019840EA0110019003
:10C3A00004980021C4F20101884229D0FFE70498D3
:10C3B00040F20041C4F20101884221D0FFE7049815
:10C3C00044F20001C4F20101884203D1FFE70020DA
:10C3D000B0B9FFE7049844F20041C4F20101884279
:10C3E00003D1FFE7002058B9FFE7049844F60001A5
:10C3F000C4F20101884212D1FFE7012078B9FFE7BA
:10C40000019820F0800001900398C168019840EAEB
:10C4100001100190019820F040000190FFE704987E
:10C420000021C4F20101884220D0FFE7049840F2C5
:10C430000041C4F20101884218D0FFE7049844F299
:10C440000001C4F20101884210D0FFE7049844F2D1
:10C450000041C4F20101884208D0FFE7049844F685
:10C460000001C4F20101884215D1FFE7009820F4D1
:10C4700080600090009820F400600090039841696B
:10C48000009840EA8100009003988169009840EA92
:10C4900081000090FFE70098049948600298049991
:10C4A0008861039840680499886301980499086238
:10C4B00005B070470000000085B004900391049817
:10C4C000006A01900499086A20F480700862049858
:10C4D000406800900498C069029002984FF68F71EE
:10C4E000CFF6FE7108400290029820F003000290FF
:10C4F00003980168029808430290019820F40070A4
:10C50000019003988168019840EA01200190049805
:10C510000021C4F20101884229D0FFE7049840F2CB
:10C520000041C4F20101884221D0FFE7049844F29F
:10C530000001C4F20101884203D1FFE70020B0B935
:10C54000FFE7049844F20041C4F20101884203D19C
:10C55000FFE7002058B9FFE7049844F60001C4F251
:10C560000101884212D1FFE7012078B9FFE7019865
:10C5700020F4006001900398C168019840EA01200E
:10C580000190019820F480600190FFE70498002159
:10C59000C4F20101884220D0FFE7049840F2004134
:10C5A000C4F20101884218D0FFE7049844F2000168
:10C5B000C4F20101884210D0FFE7049844F2004120
:10C5C000C4F20101884208D0FFE7049844F6000154
:10C5D000C4F20101884215D1FFE7009820F4805091
:10C5E0000090009820F40050009003984169009852
:10C5F00040EA0110009003988169009840EA011018
:10C600000090FFE700980499486002980499C86177
:10C61000039840680499C86301980499086205B0BA
:10C62000704700000000000085B00490039104985A
:10C63000006A01900499086A20F480500862049806
:10C64000406800900498C0690290029848F6FF7113
:10C65000CFF6FF6108400290029820F440700290EB
:10C6600003980168029840EA01200290019820F4A2
:10C670000050019003988168019840EA01300190D0
:10C6800004980021C4F20101884220D0FFE70498F9
:10C6900040F20041C4F20101884218D0FFE704983B
:10C6A00044F20001C4F20101884210D0FFE704986F
:10C6B00044F20041C4F20101884208D0FFE7049827
:10C6C00044F60001C4F2010188420BD1FFE7009853
:10C6D00020F48040009003984169009840EA81105E
:10C6E0000090FFE700980499486002980499C86197
:10C6F000039840680499086401980499086205B099
:10C70000704700000000000085B004900391049879
:10C71000006A01900499086A20F480300862049845
:10C72000406800900498406D029002984FF68F7117
:10C73000CFF6FE7108400290039801680298084302
:10C740000290019820F400300190039881680198CC
:10C7500040EA0140019004980021C4F2010188429E
:10C7600020D0FFE7049840F20041C4F20101884262
:10C7700018D0FFE7049844F20001C4F20101884296
:10C7800010D0FFE7049844F20041C4F2010188424E
:10C7900008D0FFE7049844F60001C4F20101884282
:10C7A0000BD1FFE7009820F4803000900398416996
:10C7B000009840EA01200090FFE700980499486043
:10C7C000029804994865039840680499886501981F
:10C7D0000499086205B0704785B0049003910498ED
:10C7E000006A01900499086A20F480100862049895
:10C7F000406800900498406D0290029848F6FF71DE
:10C80000CFF6FF610840029003980168029840EA61
:10C8100001200290019820F4001001900398816893
:10C82000019840EA0150019004980021C4F20101EE
:10C83000884220D0FFE7049840F20041C4F2010191
:10C84000884218D0FFE7049844F20001C4F20101C5
:10C85000884210D0FFE7049844F20041C4F201017D
:10C86000884208D0FFE7049844F60001C4F20101B1
:10C8700088420BD1FFE7009820F4802000900398B5
:10C880004169009840EA81200090FFE700980499F0
:10C890004860029804994865039840680499C865FF
:10C8A00001980499086205B070470000000000007C
:10C8B00085B00490039102920498006A0090049954
:10C8C000086A20F0010008620498806901900198CC
:10C8D00020F0F00001900299019840EA01100190C7
:10C8E000009820F00A0000900399009808430090F7
:10C8F00001980499886100980499086205B070470E
:10C9000085B00490039102920498006A0090049903
:10C91000086A20F01000086204988069019001986C
:10C9200020F4704001900299019840EA0130019092
:10C93000009820F0A00000900399009840EA0110B0
:10C94000009001980499886100980499086205B0E4
:10C95000704700000000000080B582B002F058F877
:10C960000420DFED280AB0EE600A02F021F842F65A
:10C970001800C2F200404EF2A961C0F6000101F0B9
:10C980002FFA42F6B800C2F200404EF24971C0F6EA
:10C99000000101F025FA42F6E440C2F200404EF2F6
:10C9A000F951C0F60001202202F0A2F942F69020CF
:10C9B000C2F2004000904EF61101C0F6000102F0F4
:10C9C00067F842F6DC20C2F2004001904EF221618D
:10C9D000C0F6000102F05CF841F22C70C2F2004097
:10C9E0009FED090A04F094F80098FCF7CDFA01983D
:10C9F000FCF7CAFA42F67851C2F2004101200870F1
:10CA000002B080BD000000008FC2F53C00000000B5
:10CA1000704700000000000080B542F65040C2F2AE
:10CA20000040FDF7F9FC80BD80B542F6E440C2F25B
:10CA30000040FDF7F1FC80BD82B001900198406E8E
:10CA400040B9FFE701990120A1F86A000199A1F816
:10CA5000680032E010208DF803008DF80200019884
:10CA600000688068C0F342608DF80100019800689A
:10CA70008068400F8DF800009DF802009DF80020AE
:10CA800042F61823C0F60103995C484342F6102190
:10CA9000C0F601018A5CB0FBF2F0019AA2F86A00CC
:10CAA0009DF803009DF801209B5C5843895CB0FB16
:10CAB000F1F00199A1F86800FFE702B070470000AB
:10CAC00081B00090009890F82800000700280BD54E
:10CAD000FFE700980068406820F40040009A116861
:10CAE000926B10434860FFE7009890F82800C00759
:10CAF00058B1FFE700980068406820F40030009AC1
:10CB00001168D26A10434860FFE7009890F8280047
:10CB1000800700280BD5FFE700980068406820F4E4
:10CB20008030009A1168126B10434860FFE700984C
:10CB300090F82800400700280BD5FFE70098006810
:10CB4000406820F48020009A1168526B10434860BE
:10CB5000FFE7009890F82800C00600280BD5FFE7F3
:10CB600000980068806820F48050009A1168D26BA9
:10CB700010438860FFE7009890F82800800600289E
:10CB80000BD5FFE700980068806820F40050009AF9
:10CB90001168126C10438860FFE7009890F8280035
:10CBA000400600281CD5FFE700980068406820F484
:10CBB0008010009A1168526C104348600098406CD5
:10CBC000B0F5801F0BD1FFE700980068406820F4A3
:10CBD000C000009A1168926C10434860FFE7FFE7BD
:10CBE000009890F82800000600280BD5FFE7009871
:10CBF0000068406820F40020009A1168D26C10434D
:10CC00004860FFE701B0704780B588B0069006998C
:10CC10000020C1F89000F9F71FFB05900698006806
:10CC20000068000700282FD5FFE70698059B6A4695
:10CC30006FF07E4111604FF40011002200F0D8FF28
:10CC400008B3FFE7FFE7FFE70698006850E8000F2A
:10CC500020F080000490FFE704990698026842E8FB
:10CC600000100028F0D1FFE7FFE706992020C1F867
:10CC70008800FFE70699002081F88400FFE7032081
:10CC80008DF81F005FE0FFE7069800680068400726
:10CC9000002842D5FFE70698059B6A466FF07E4163
:10CCA00011604FF48001002200F0A2FFA0B3FFE763
:10CCB000FFE7FFE70698006850E8000F20F4907047
:10CCC0000390FFE703990698026842E800100028E5
:10CCD000F0D1FFE7FFE7FFE7FFE70698006850E8BD
:10CCE000020F20F001000290FFE702990698026807
:10CCF00042E802100028F0D1FFE7FFE70699202064
:10CD0000C1F88C00FFE70699002081F88400FFE756
:10CD100003208DF81F0016E0FFE706992020C1F8D8
:10CD200088000699C1F88C0006990020C86606990B
:10CD30000867FFE70699002081F88400FFE70020DC
:10CD40008DF81F00FFE79DF81F0008B080BD0000B0
:10CD500080B582B001900198806B0090009900200E
:10CD6000A1F85E000099A1F856000098FDF750FB6D
:10CD700002B080BD0000000080B584B0039003982D
:10CD8000806B02900298D0F8880001900298D0F849
:10CD90008C000090029800688068000600280CD57E
:10CDA000FFE70198212808D1FFE702990020A1F8A8
:10CDB0005600029800F02CF9FFE70298006880689E
:10CDC000400600280CD5FFE70098222808D1FFE78D
:10CDD00002990020A1F85E00029800F0A5F8FFE794
:10CDE0000299D1F8900040F01000C1F8900002982C
:10CDF000FDF70EFB04B080BD80B586B005900598A8
:10CE0000806B04900598C069B0F5807F5BD0FFE728
:10CE100004990020A1F85E00FFE7FFE7049800688E
:10CE200050E8000F20F480700390FFE70399049806
:10CE3000026842E800100028F0D1FFE7FFE7FFE7B3
:10CE4000FFE70498006850E8020F20F0010002900C
:10CE5000FFE702990498026842E802100028F0D126
:10CE6000FFE7FFE7FFE7FFE70498006850E8020FDD
:10CE700020F040000190FFE701990498026842E821
:10CE800002100028F0D1FFE7FFE704992020C1F845
:10CE90008C000498C06E012814D1FFE7FFE7FFE77C
:10CEA0000498006850E8000F20F010000090FFE7A1
:10CEB00000990498026842E800100028F0D1FFE7CA
:10CEC000FFE7FFE7FFE70499002008670498C06EBA
:10CED000012806D1FFE70498B0F85C10FDF750F880
:10CEE00003E00498FEF7B4F8FFE706B080BD000049
:10CEF00080B582B001900198806B0090009901206C
:10CF000008670098C06E012807D1FFE70098B0F8C5
:10CF10005C104908FDF734F803E00098FEF79CF830
:10CF2000FFE702B080BD000084B00390FFE7FFE799
:10CF30000398006850E8000F20F490700290FFE71B
:10CF400002990398026842E800100028F0D1FFE738
:10CF5000FFE7FFE7FFE70398006850E8020F4FF68E
:10CF6000FE71CEF6FF7108400190FFE7019903982A
:10CF7000026842E802100028EDD1FFE7FFE70398BE
:10CF8000C06E012814D1FFE7FFE7FFE703980068B0
:10CF900050E8000F20F010000090FFE70099039880
:10CFA000026842E800100028F0D1FFE7FFE7FFE742
:10CFB00003992020C1F88C0003990020C8660399CA
:10CFC000486704B07047000080B582B00190FFE769
:10CFD000FFE70198006850E8000F20F04000009043
:10CFE000FFE700990198026842E800100028F0D19C
:10CFF000FFE7FFE701992020C1F888000199002090
:10D0000088670198FEF72CF802B080BD0000000090
:10D0100083B00290FFE7FFE70298006850E8000F36
:10D0200020F0C0000190FFE701990298026842E8F1
:10D0300000100028F0D1FFE7FFE7FFE7FFE70298C5
:10D04000006850E8020F20F400000090FFE700990C
:10D050000298026842E802100028F0D1FFE7FFE7DB
:10D0600002992020C1F8880003B07047000000003A
:10D0700080B59EB01D9000208DF867001D98006857
:10D0800040F60041C5F60001884201D1FFE700E00B
:10D09000FFE71D9988680B694A69C96918431043FD
:10D0A00008431C901D980068006846F6F311CCF602
:10D0B000FF7108401C9908431D99096808601D9874
:10D0C0000068406820F440501D9A1168D2681043EF
:10D0D00048601D9880691C901D98006840F60041CA
:10D0E000C5F60001884206D0FFE71D98016A1C982A
:10D0F00008431C90FFE71D98006880684FF2FF41CD
:10D10000C1F2FF1108401C9908431D990968886005
:10D110001D980068C06A20F00F001D9A1168526ABD
:10D120001043C862FFE71D98006841F20001C4F295
:10D130000101884240F04180FFE744F25440C5F6C7
:10D140000200006800F038000146109128282FD80E
:10D150001099DFE801F0152D2D2D2D2D2D2D192DD8
:10D160002D2D2D2D2D2D1D2D2D2D2D2D2D2D212D0B
:10D170002D2D2D2D2D2D252D2D2D2D2D2D2D290018
:10D1800001208DF86D0017E004208DF86D0013E08C
:10D1900008208DF86D000FE010208DF86D000BE079
:10D1A00020208DF86D0007E040208DF86D0003E031
:10D1B00080208DF86D00FFE76CE21D98006844F256
:10D1C0000041C4F2000188422ED1FFE744F25440EE
:10D1D000C5F60200006800F0070001460F9105281F
:10D1E0001DD80F99DFE801F003070B0F131700207C
:10D1F0008DF86D0017E004208DF86D0013E0082015
:10D200008DF86D000FE010208DF86D000BE02020F0
:10D210008DF86D0007E040208DF86D0003E0802060
:10D220008DF86D00FFE734E21D98006844F60001B8
:10D23000C4F2000188422ED1FFE744F25440C5F603
:10D240000200006800F0070001460E9105281DD875
:10D250000E99DFE801F003070B0F131700208DF87C
:10D260006D0017E004208DF86D0013E008208DF8A4
:10D270006D000FE010208DF86D000BE020208DF880
:10D280006D0007E040208DF86D0003E080208DF8F0
:10D290006D00FFE7FCE11D98006844F60041C4F210
:10D2A000000188422ED1FFE744F25440C5F6020047
:10D2B000006800F0070001460D9105281DD80D9962
:10D2C000DFE801F003070B0F131700208DF86D0046
:10D2D00017E004208DF86D0013E008208DF86D0034
:10D2E0000FE010208DF86D000BE020208DF86D0010
:10D2F00007E040208DF86D0003E080208DF86D0080
:10D30000FFE7C4E11D98006845F20001C4F2000186
:10D3100088422ED1FFE744F25440C5F6020000686F
:10D3200000F0070001460C9105281DD80C99DFE894
:10D3300001F003070B0F131700208DF86D0017E0A5
:10D3400004208DF86D0013E008208DF86D000FE0CB
:10D3500010208DF86D000BE020208DF86D0007E0A7
:10D3600040208DF86D0003E080208DF86D00FFE710
:10D370008CE11D98006841F20041C4F2010188422D
:10D3800040F04180FFE744F25440C5F602000068D7
:10D3900000F0380001460B9128282FD80B99DFE8C0
:10D3A00001F0152D2D2D2D2D2D2D192D2D2D2D2D42
:10D3B0002D2D1D2D2D2D2D2D2D2D212D2D2D2D2DB9
:10D3C0002D2D252D2D2D2D2D2D2D290001208DF8D4
:10D3D0006D0017E004208DF86D0013E008208DF833
:10D3E0006D000FE010208DF86D000BE020208DF80F
:10D3F0006D0007E040208DF86D0003E080208DF87F
:10D400006D00FFE741E11D98006847F60001C4F296
:10D41000000188422ED1FFE744F25440C5F60200D5
:10D42000006800F0070001460A9105281DD80A99F6
:10D43000DFE801F003070B0F131700208DF86D00D4
:10D4400017E004208DF86D0013E008208DF86D00C2
:10D450000FE010208DF86D000BE020208DF86D009E
:10D4600007E040208DF86D0003E080208DF86D000E
:10D47000FFE709E11D98006847F60041C4F200018A
:10D4800088422ED1FFE744F25440C5F602000068FE
:10D4900000F007000146099105281DD80999DFE829
:10D4A00001F003070B0F131700208DF86D0017E034
:10D4B00004208DF86D0013E008208DF86D000FE05A
:10D4C00010208DF86D000BE020208DF86D0007E036
:10D4D00040208DF86D0003E080208DF86D00FFE79F
:10D4E000D1E01D98006841F60001C4F201018842B4
:10D4F00040F04180FFE744F25440C5F60200006866
:10D5000000F038000146089128282FD80899DFE854
:10D5100001F0152D2D2D2D2D2D2D192D2D2D2D2DD0
:10D520002D2D1D2D2D2D2D2D2D2D212D2D2D2D2D47
:10D530002D2D252D2D2D2D2D2D2D290001208DF862
:10D540006D0017E004208DF86D0013E008208DF8C1
:10D550006D000FE010208DF86D000BE020208DF89D
:10D560006D0007E040208DF86D0003E080208DF80D
:10D570006D00FFE786E01D98006841F60041C4F2A7
:10D580000101884240F04180FFE744F25440C5F673
:10D590000200006800F038000146079128282FD8C3
:10D5A0000799DFE801F0152D2D2D2D2D2D2D192D8D
:10D5B0002D2D2D2D2D2D1D2D2D2D2D2D2D2D212DB7
:10D5C0002D2D2D2D2D2D252D2D2D2D2D2D2D2900C4
:10D5D00001208DF86D0017E004208DF86D0013E038
:10D5E00008208DF86D000FE010208DF86D000BE025
:10D5F00020208DF86D0007E040208DF86D0003E0DD
:10D6000080208DF86D00FFE73BE01D98006840F634
:10D610000041C5F6000188422ED1FFE744F2584090
:10D62000C5F60200006800F00700014606910528D3
:10D630001DD80699DFE801F003070B0F131702202E
:10D640008DF86D0017E004208DF86D0013E00820C0
:10D650008DF86D000FE010208DF86D000BE020209C
:10D660008DF86D0007E040208DF86D0003E080200C
:10D670008DF86D00FFE703E080208DF86D00FFE777
:10D68000FFE7FFE7FFE7FFE7FFE7FFE7FFE7FFE76A
:10D69000FFE7FFE7FFE71D98006840F60041C5F689
:10D6A0000001884240F0B480FFE79DF86D0001461C
:10D6B0000591022814D0FFE70598042814D0FFE74D
:10D6C0000598082816D0FFE70598102818D0FFE71E
:10D6D0000598202835D0FFE70598402837D03AE054
:10D6E000F8F7EAFE11903CE015A8F8F7F9FE169855
:10D6F000119036E012A8F9F74BF81398119030E02A
:10D7000044F20040C5F60200006800F0200100204D
:10D71000B0EB511F0ED0FFE744F20040C5F6020007
:10D720000068C0F3C10149F20000C0F2D030C84027
:10D73000119005E049F20000C0F2D0301190FFE7EF
:10D740000FE040F60010C0F23D00119009E04FF4E8
:10D750000040119005E00020119001208DF8670035
:10D76000FFE71198002852D0FFE711981D994A6AE7
:10D7700042F62021C0F6010131F81210B0FBF1F0A1
:10D78000189018981D99496801EB4101884207D308
:10D79000FFE718981D994968B0EB013F04D9FFE7EE
:10D7A00001208DF8670031E011981D994A680392B5
:10D7B0004A6A42F62021C0F6010131F81220002306
:10D7C00004931946F2F7F4FD039A049B090241EA17
:10D7D0001061000210EB520041F10001F2F7E8FD88
:10D7E0001A901A98B0F5407F0BD3FFE71A990020E2
:10D7F000B0EB115F05D1FFE71A981D990968C86061
:10D8000003E001208DF86700FFE7FFE7FFE746E14F
:10D810001D98C069B0F5004F40F0A880FFE79DF863
:10D820006D0001460291402800F263800299DFE812
:10D8300001F021256060296060602F606060606099
:10D840006060356060606060606060606060606003
:10D8500060605660606060606060606060606060D2
:10D8600060606060606060606060606060606060B8
:10D8700060605C00FAF754FB119040E0FAF764FB3B
:10D8800011903CE015A8F8F72BFE1698119036E0A1
:10D8900012A8F8F77DFF1398119030E044F2004091
:10D8A000C5F60200006800F020010020B0EB511F17
:10D8B0000ED0FFE744F20040C5F602000068C0F356
:10D8C000C10149F20000C0F2D030C840119005E01B
:10D8D00049F20000C0F2D0301190FFE70FE040F6AF
:10D8E0000010C0F23D00119009E04FF4004011908B
:10D8F00005E00020119001208DF86700FFE71198E6
:10D9000098B3FFE711981D9A5168536A42F6202296
:10D91000C0F6010232F81320B0FBF2F0400000EB39
:10D920005100B0FBF1F01A901A98102818D3FFE7B5
:10D93000BDF86A00A0B9FFE71A9820F00F00ADF813
:10D940006E001A9800F00E01BDF86E0040EA51001A
:10D95000ADF86E00BDF86E001D990968C86003E05F
:10D9600001208DF86700FFE7FFE797E09DF86D0065
:10D9700001460191402800F263800199DFE801F03F
:10D9800021256060296060602F6060606060606079
:10D9900035606060606060606060606060606060B2
:10D9A0005660606060606060606060606060606081
:10D9B0006060606060606060606060606060606067
:10D9C0005C00FAF7ADFA119040E0FAF7BDFA119059
:10D9D0003CE015A8F8F784FD1698119036E012A8DF
:10D9E000F8F7D6FE1398119030E044F20040C5F6E7
:10D9F0000200006800F020010020B0EB511F0ED0A3
:10DA0000FFE744F20040C5F602000068C0F3C10120
:10DA100049F20000C0F2D030C840119005E049F250
:10DA20000000C0F2D0301190FFE70FE040F6001088
:10DA3000C0F23D00119009E04FF40040119005E064
:10DA40000020119001208DF86700FFE7119820B3A6
:10DA5000FFE711981D9A5168536A42F62022C0F6DA
:10DA6000010232F81320B0FBF2F000EB5100B0FBE2
:10DA7000F1F01A901A9810280AD3FFE7BDF86A004F
:10DA800030B9FFE7BDF868001D990968C86003E078
:10DA900001208DF86700FFE7FFE7FFE7FFE71D992B
:10DAA0000120A1F86A001D99A1F868001D990020C5
:10DAB00048671D9988679DF867001EB080BD00000B
:10DAC00080B588B006900591ADF8122005980699AA
:10DAD0008865BDF812000699A1F85C00069900203F
:10DAE000C1F8900006992220C1F88C000698D0F861
:10DAF0008000B0B3FFE70698D0F880104CF6F950DC
:10DB0000C0F60000C8630698D0F880104CF6F160AB
:10DB1000C0F6000008640698D0F880104CF67950E2
:10DB2000C0F60000C8640698D0F880100020086590
:10DB300006980168826DD0F880002431BDF812305B
:10DB4000F6F76EFA60B1FFE706991020C1F8900071
:10DB500006992020C1F88C0001208DF81F0042E0BA
:10DB6000FFE706980069A0B1FFE7FFE7FFE7069827
:10DB7000006850E8000F40F480700390FFE70399BD
:10DB80000698026842E800100028F0D1FFE7FFE79E
:10DB9000FFE7FFE7FFE70698006850E8020F40F054
:10DBA00001000290FFE702990698026842E802101D
:10DBB0000028F0D1FFE7FFE7FFE7FFE706980068DE
:10DBC00050E8020F40F040000190FFE701990698ED
:10DBD000026842E802100028F0D1FFE7FFE70020CA
:10DBE0008DF81F00FFE79DF81F0008B080BD000002
:10DBF00080B586B0DDF820C0049003918DF80B202D
:10DC00000193FFE704980068C06903990840401A2F
:10DC1000B0FA80F040099DF80B10884266D1FFE70A
:10DC200008980130002860D0FFE7F8F715FB01994C
:10DC3000401A0899884203D8FFE7089820B9FFE7FF
:10DC400003208DF8170055E004980068006840072D
:10DC5000002849D5FFE70398802845D0FFE70398BF
:10DC6000402841D0FFE704980068C06900F008012F
:10DC70000120B0EBD10F16D1FFE70498016808200E
:10DC8000009008620498FFF74FF900980499C1F8D2
:10DC90009000FFE70499002081F88400FFE701204D
:10DCA0008DF8170026E004980068C06900F4006150
:10DCB0000120B0EBD12F16D1FFE7049801684FF493
:10DCC000006008620498FFF72FF904992020C1F83A
:10DCD0009000FFE70499002081F88400FFE703200B
:10DCE0008DF8170006E0FFE7FFE78BE700208DF8CF
:10DCF0001700FFE79DF8170006B080BD0000000088
:10DD000080B542F6BC30C2F20040FCF785FB80BD16
:10DD100080B542F62830C2F20040FCF77DFB80BDA2
:10DD2000FFE7FEE70000000080B504F0DDFD80BDE8
:10DD300080B586B0FAF71CF90590059808B9FFE799
:10DD40004CE041F20400CEF2000000680490049818
:10DD500041F21872C2F200421168401A0390DDF8D5
:10DD60000CC041F22071C2F2004100910B6848687A
:10DD700013EB0C0340F100000B6048600498106046
:10DD800008684968059A00230193F2F711FB00998E
:10DD9000019B40F21422C2F2004202921060086815
:10DDA0004968059A44F6D35CC1F2620CA2FB0CC22E
:10DDB0009209F2F7FDFA0099019B029A50600868F7
:10DDC0004968059A4DF6836CC4F21B3CA2FB0CC259
:10DDD000920CF2F7EDFA02998860FFE706B080BD79
:10DDE00080B586B005900491059800684AF200015C
:10DDF000C4F20001884216D1FFE7059840F298016D
:10DE0000C2F2004108600498486305980023039318
:10DE100019461A4600F018FD039B05980E211A4674
:10DE200000F012FD3FE0059800684AF20041C4F29C
:10DE30000001884216D1FFE7059840F2F801C2F2CE
:10DE4000004108600498486305982021002302934C
:10DE50001A4600F0F9FC029B05982E211A4600F0A4
:10DE6000F3FC1FE0059800684DF20041C4F2000188
:10DE7000884216D1FFE7059840F25811C2F20041DE
:10DE800008600498486305981021002301931A46FE
:10DE900000F0DAFC019B05981A211A4600F0D4FC28
:10DEA000FFE7FFE7FFE70598F7F76AFE06B080BDDA
:10DEB00080B582B08DF807009DF8072040F600007D
:10DEC000C5F602004FF40041F8F7AEF902B080BD8C
:10DED00080B582B08DF807009DF8072040F600005D
:10DEE000C5F602004FF40051F8F79EF902B080BD6C
:10DEF00080B582B08DF807009DF8072040F600003D
:10DF0000C5F602004FF48041F8F78EF902B080BDEB
:10DF100083B002908DED010ACDED000A029890EDDC
:10DF2000000A9DED011AB4EE410AF1EE10FA04DA8E
:10DF3000FFE70198029908600FE0029890ED000A4F
:10DF40009DED001AB4EE410AF1EE10FA04DDFFE790
:10DF5000009802990860FFE7FFE7029890ED000A39
:10DF600003B070470000000080B58EB08446109862
:10DF7000CDF834C00C910B928DF82B308DF82A001F
:10DF80000C9801909DF82B0018B9FFE70020029033
:10DF900009E09DF82B00012804D1FFE74FF08040F5
:10DFA0000290FFE7FFE7002003909DF82A00013868
:10DFB0000146009107281ED80099DFE801F0040708
:10DFC0000A0D101316190120049014E00220049089
:10DFD00011E0032004900EE0042004900BE00520E3
:10DFE000049008E00620049005E00720049002E079
:10DFF00008200490FFE70020059006900790089005
:10E0000009900D980B9A01A9F6F70EFC0EB080BD91
:10E0100086B08DED050ACDED040A8DED031ACDED28
:10E02000021A8DED012ACDED002A9DED050A9DED28
:10E03000012A20EE021A9DED003A9DED040A20EE21
:10E04000030A20EE030AA1EE030A9DED031A21EE56
:10E05000021AA1EE020A9DED021A30EE010A06B084
:10E06000704700000000000086B005908DF8131086
:10E070008DF81220059842F61801C2F2004188423C
:10E0800040F0D980FFE79DF8130001380146029166
:10E090000A2800F2CF800299DFE801F0060C131A7B
:10E0A0002138516A839AB30040F28000C2F20040E6
:10E0B0000390BFE040F28000C2F2004002300390C3
:10E0C000B8E040F28000C2F2004004300390B1E0BA
:10E0D00040F28000C2F2004006300390AAE09DF8B2
:10E0E000120030B9FFE740F27800C2F2004003901E
:10E0F0000BE09DF81200012806D1FFE740F2700006
:10E10000C2F200400390FFE7FFE793E09DF81200A2
:10E1100038B9FFE740F27800C2F2004002300390C5
:10E120000CE09DF81200012807D1FFE740F27000D3
:10E13000C2F2004002300390FFE7FFE77AE09DF86B
:10E14000120038B9FFE740F27800C2F20040043014
:10E1500003900CE09DF81200012807D1FFE740F280
:10E160007000C2F2004004300390FFE7FFE761E077
:10E170009DF8120038B9FFE740F27800C2F2004083
:10E18000063003900CE09DF81200012807D1FFE74C
:10E1900040F27000C2F2004006300390FFE7FFE754
:10E1A00048E09DF8120030B9FFE740F29000C2F25B
:10E1B000004003900BE09DF81200012806D1FFE714
:10E1C00040F28800C2F200400390FFE7FFE731E031
:10E1D0009DF8120038B9FFE740F29000C2F200400B
:10E1E000023003900CE09DF81200012807D1FFE7F0
:10E1F00040F28800C2F2004002300390FFE7FFE7E0
:10E2000018E09DF8120038B9FFE740F29000C2F222
:10E210000040043003900CE09DF81200012807D163
:10E22000FFE740F28800C2F2004004300390FFE7AD
:10E23000FFE7FFE7C3E1059842F6B801C2F20041EB
:10E24000884240F0D980FFE79DF81300013801466D
:10E2500001910A2800F2CF800199DFE801F0060C55
:10E26000131A2138516A839AB30040F2E000C2F2D7
:10E2700000400390BFE040F2E000C2F200400230F4
:10E280000390B8E040F2E000C2F200400430039096
:10E29000B1E040F2E000C2F2004006300390AAE094
:10E2A0009DF8120030B9FFE740F2D800C2F20040FA
:10E2B00003900BE09DF81200012806D1FFE740F221
:10E2C000D000C2F200400390FFE7FFE793E09DF823
:10E2D000120038B9FFE740F2D800C2F20040023025
:10E2E00003900CE09DF81200012807D1FFE740F2EF
:10E2F000D000C2F2004002300390FFE7FFE77AE06F
:10E300009DF8120038B9FFE740F2D800C2F2004091
:10E31000043003900CE09DF81200012807D1FFE7BC
:10E3200040F2D000C2F2004004300390FFE7FFE764
:10E3300061E09DF8120038B9FFE740F2D800C2F260
:10E340000040063003900CE09DF81200012807D130
:10E35000FFE740F2D000C2F2004006300390FFE732
:10E36000FFE748E09DF8120030B9FFE740F2F00007
:10E37000C2F2004003900BE09DF81200012806D184
:10E38000FFE740F2E800C2F200400390FFE7FFE73A
:10E3900031E09DF8120038B9FFE740F2F000C2F218
:10E3A0000040023003900CE09DF81200012807D1D4
:10E3B000FFE740F2E800C2F2004002300390FFE7BE
:10E3C000FFE718E09DF8120038B9FFE740F2F000CF
:10E3D000C2F20040043003900CE09DF812000128C6
:10E3E00007D1FFE740F2E800C2F20040043003909A
:10E3F000FFE7FFE7FFE7E1E0059842F65811C2F2B8
:10E400000041884240F0D980FFE79DF813000138B1
:10E41000014600910A2800F2CF800099DFE801F060
:10E42000060C131A2138516A839AB30040F2401047
:10E43000C2F200400390BFE040F24010C2F2004040
:10E4400002300390B8E040F24010C2F200400430C5
:10E450000390B1E040F24010C2F200400630039059
:10E46000AAE09DF8120030B9FFE740F23810C2F27E
:10E47000004003900BE09DF81200012806D1FFE751
:10E4800040F23010C2F200400390FFE7FFE793E054
:10E490009DF8120038B9FFE740F23810C2F2004090
:10E4A000023003900CE09DF81200012807D1FFE72D
:10E4B00040F23010C2F2004002300390FFE7FFE765
:10E4C0007AE09DF8120038B9FFE740F23810C2F246
:10E4D0000040043003900CE09DF81200012807D1A1
:10E4E000FFE740F23010C2F2004004300390FFE733
:10E4F000FFE761E09DF8120038B9FFE740F23810FD
:10E50000C2F20040063003900CE09DF81200012892
:10E5100007D1FFE740F23010C2F20040063003900E
:10E52000FFE7FFE748E09DF8120030B9FFE740F24F
:10E530005010C2F2004003900BE09DF81200012839
:10E5400006D1FFE740F24810C2F200400390FFE717
:10E55000FFE731E09DF8120038B9FFE740F25010B4
:10E56000C2F20040023003900CE09DF81200012836
:10E5700007D1FFE740F24810C2F20040023003909A
:10E58000FFE7FFE718E09DF8120038B9FFE740F217
:10E590005010C2F20040043003900CE09DF81200CD
:10E5A000012807D1FFE740F24810C2F200400430D2
:10E5B0000390FFE7FFE7FFE7FFE7FFE7FFE70398C9
:10E5C00006B070470000000081B08DED000A9DED9F
:10E5D000000A9FED071A20EE010A42F6F810C2F277
:10E5E00000400068BCEEC00A80ED0E0A01B0704722
:10E5F00000007A440000000080B584B00390ADF8BC
:10E600000A10039941F22C70C2F200400190B03020
:10E6100001F0BEFE019802F08BF904B080BD00004D
:10E6200080B5FFF785FB42F2BC51C2F20041086899
:10E630000130086042F67A50C2F2004001780131A0
:10E640000170007864280DDBFFE741F22C70C2F204
:10E65000004002F055FA42F67A51C2F20041002021
:10E660000870FFE741F22C70C2F2004002F060F93E
:10E6700080BD00000000000081B08DED000A9DED1E
:10E68000000A9FED071A20EE010A42F64420C2F26A
:10E6900000400068BCEEC00A80ED100A01B070476F
:10E6A00000FF7F470000000080B582B00190019814
:10E6B0000068A0F2012001460091042841D8009989
:10E6C000DFE801F0030F1B273300019800F1280158
:10E6D00041F22C70C2F2004000F5F27003F088FCA9
:10E6E00030E0019800F1280141F22C70C2F20040A4
:10E6F00000F5427003F07CFC24E0019800F1280151
:10E7000041F22C70C2F2004000F22C4003F070FC89
:10E7100018E0019800F1280141F22C70C2F200408B
:10E7200000F5AA6003F064FC0CE0019800F12801F8
:10E7300041F22C70C2F2004000F54E6003F02CFA5A
:10E7400000E0FFE702B080BD80B582B00190019883
:10E750000068A0F2012001460091032834D80099F6
:10E76000DFE801F0020E1A26019800F1280141F2BB
:10E770002C70C2F2004000F5FA6003F039FC23E08F
:10E78000019800F1280141F22C70C2F2004000F61D
:10E79000F40003F02DFC17E0019800F1280141F28C
:10E7A0002C70C2F2004000F6182003F0F5F90BE0DF
:10E7B000019800F1280141F22C70C2F2004000F5EE
:10E7C000326003F0E9F9FFE702B080BD000000000D
:10E7D00086B00590049105980390039801784078DD
:10E7E00040EA0120ADF80A00049868B1FFE70598F7
:10E7F0000190049800900198407800990870019861
:10E80000007800994870FFE7BDF80A0006B070472D
:10E8100080B542F67950C2F20040017801310170B2
:10E8200000780A2809DBFFE742F67951C2F200417D
:10E830000020087000F07CF8FFE741F22C70C2F273
:10E84000004002F045F980BD80B58EB00D908DF886
:10E8500033100B920A939DF833008007002803D4ED
:10E86000FFE7002002900AE09DF8330080070028AF
:10E8700004D5FFE74FF080400290FFE7FFE79DF8E7
:10E880003300C0080390022004909DF83300400735
:10E89000002803D4FFE70120059009E09DF833002C
:10E8A0004007002803D5FFE702200590FFE7FFE7B8
:10E8B0000B9806900A9807900D9802A9F6F724F88D
:10E8C0009DF83300C00748B9FFE70D98694600235B
:10E8D0000B6002221146F6F7A3F80EE09DF8330014
:10E8E000C00748B1FFE70D98694601230B6002227B
:10E8F0001146F6F795F8FFE7FFE79DF8330040076C
:10E90000002806D4FFE70D9801210022F5F70CFF3F
:10E910000CE09DF833004007002806D5FFE70D986E
:10E9200010210022F5F700FFFFE7FFE70EB080BDE2
:10E9300080B586B0694608200590086042F6180048
:10E94000C2F20040029040F28002C2F200424FF454
:10E950000071039100230493FFF706FB0599049BC4
:10E9600002986A46116040F27802C2F2004240F218
:10E97000FF11FFF7F9FA0399049B05986A461060A6
:10E9800042F6B800C2F2004040F2E002C2F2004299
:10E99000FFF7EAFA06B080BD80B582B08DED010ABE
:10E9A0009DED010A03F0D0FF02B080BD0000000021
:10E9B00080B584B003908DED020ACDED010A039875
:10E9C00000F00100FFF784FA0398C0F34000FFF75E
:10E9D0008FFA0398C0F38000FFF76AFA42F64420EA
:10E9E000C2F200400C21FAF73FFF42F6F810C2F2E3
:10E9F00000400421FAF738FF9DED020AFFF73CFEC4
:10EA00009DED010AFFF7E0FD04B080BD00000000AD
:10EA10004EF6FC51CEF20001086840F080700860AC
:10EA200041F20401CEF200010020086041F200032F
:10EA3000CEF200031A6842F001021A60096841F23E
:10EA40001872C2F20042116041F22071C2F200411C
:10EA5000486008607047000082B08DED010A9DEDAE
:10EA6000010AB5EE400AF1EE10FA05DDFFE79DED73
:10EA7000010A8DED000A06E09DED010AB1EE400AA3
:10EA80008DED000AFFE79DED000A02B0704700001F
:10EA900082B001900091019800680021C4F2010148
:10EAA000884209D1FFE7019840F25021C2F20041AB
:10EAB00008600098486019E101980068B0F1804F43
:10EAC00009D1FFE7019840F26821C2F200410860D5
:10EAD0000098486009E10198006840F20041C4F2E2
:10EAE0000001884209D1FFE7019840F27021C2F28B
:10EAF0000041086000984860F6E00198006840F620
:10EB00000001C4F20001884209D1FFE7019840F2F8
:10EB10007821C2F20041086000984860E3E0019863
:10EB2000006840F60041C4F20001884209D1FFE7C5
:10EB3000019840F28021C2F20041086000984860CC
:10EB4000D0E00198006841F20001C4F2000188425F
:10EB500009D1FFE7019840F28821C2F20041086024
:10EB600000984860BDE00198006841F20041C4F29D
:10EB70000001884209D1FFE7019840F29021C2F2DA
:10EB80000041086000984860AAE00198006840F2DF
:10EB90000041C4F20101884209D1FFE7019840F227
:10EBA0009821C2F2004108600098486097E00198FF
:10EBB000006841F60001C4F20001884209D1FFE774
:10EBC000019840F22021C2F200410860009848609C
:10EBD00084E00198006841F60041C4F200018842D7
:10EBE00009D1FFE7019840F22821C2F200410860F4
:10EBF0000098486071E00198006842F20001C4F298
:10EC00000001884209D1FFE7019840F23021C2F2A9
:10EC100000410860009848605EE00198006844F296
:10EC20000001C4F20101884209D1FFE7019840F2D6
:10EC30003821C2F200410860009848604BE001981A
:10EC4000006844F20041C4F20101884209D1FFE7A3
:10EC5000019840F24021C2F20041086000984860EB
:10EC600038E00198006844F60001C4F201018842CE
:10EC700009D1FFE7019840F24821C2F20041086043
:10EC80000098486025E0019800684EF20001C4F247
:10EC90000001884209D1FFE7019840F25821C2F2F1
:10ECA000004108600098486012E0019800684EF248
:10ECB0000041C4F20001884209D1FFE7019840F207
:10ECC0006021C2F20041086000984860FFE7FFE75A
:10ECD000FFE7FFE7FFE7FFE7FFE7FFE7FFE7FFE704
:10ECE000FFE7FFE7FFE7FFE7FFE7FFE702B0704757
:10ECF00080B584B003900291ADF8062003980068B7
:10ED000041F20001C4F20101884215D1FFE70398E6
:10ED100040F2AC41C2F2004108600298C1F808021A
:10ED2000BDF80600A1F804020398B1F8042201F529
:10ED30008271FBF7CDF816E10398006844F20041B8
:10ED4000C4F20001884215D1FFE7039840F2B86190
:10ED5000C2F2004108600298C1F80802BDF806003E
:10ED6000A1F804020398B1F8042201F58271FBF7BF
:10ED7000AFF8F7E00398006844F60001C4F2000120
:10ED8000884215D1FFE7039840F6C401C2F2004162
:10ED900008600298C1F80802BDF80600A1F8040254
:10EDA0000398B1F8042201F58271FBF791F8D8E0DD
:10EDB0000398006844F60041C4F20001884215D16E
:10EDC000FFE7039840F6D021C2F2004108600298A4
:10EDD000C1F80802BDF80600A1F804020398B1F8D2
:10EDE000042201F58271FBF773F8B9E0039800681B
:10EDF00045F20001C4F20001884215D1FFE70398F3
:10EE000040F6DC41C2F2004108600298C1F80802F5
:10EE1000BDF80600A1F804020398B1F8042201F538
:10EE20008271FBF755F89AE00398006841F20041BF
:10EE3000C4F20101884215D1FFE7039840F6E8616A
:10EE4000C2F2004108600298C1F80802BDF806004D
:10EE5000A1F804020398B1F8042201F58271FBF7CE
:10EE600037F87BE00398006847F60001C4F2000120
:10EE7000884215D1FFE7039841F2F401C2F2004144
:10EE800008600298C1F80802BDF80600A1F8040263
:10EE90000398B1F8042201F58271FBF719F85CE0E0
:10EEA0000398006847F60041C4F20001884215D17A
:10EEB000FFE7039841F20031C2F200410860029876
:10EEC000C1F80802BDF80600A1F804020398B1F8E1
:10EED000042201F58271FAF7FBFF3DE00398006818
:10EEE00041F60001C4F20101884215D1FFE7039801
:10EEF00041F20C51C2F2004108600298C1F80802C8
:10EF0000BDF80600A1F804020398B1F8042201F547
:10EF10008271FAF7DDFF1EE00398006841F60041B8
:10EF2000C4F20101884215D1FFE7039840F2A02105
:10EF3000C2F2004108600298C1F80802BDF806005C
:10EF4000A1F804020398B1F8042201F58271FAF7DE
:10EF5000BFFFFFE7FFE7FFE7FFE7FFE7FFE7FFE7A9
:10EF6000FFE7FFE7FFE704B080BD000000000000FE
:10EF700081B00090009890ED200A01B07047000029
:10EF800081B00090009890ED210A01B07047000018
:10EF900081B00090009890ED230A01B07047000006
:10EFA00081B00090009890ED240A01B070470000F5
:10EFB00081B00090009890ED250A01B070470000E4
:10EFC00081B00090009890ED1E0A01B070470000DB
:10EFD00081B00090009890ED1F0A01B070470000CA
:10EFE00081B00090009890F8740001B07047000064
:10EFF00081B00090009890F8880001B07047000040
:10F0000081B00090009890F8890001B0704700002E
:10F0100081B00090009890F89C0001B0704700000B
:10F0200081B00090009890F89D0001B070470000FA
:10F0300081B00090009890F89B0001B070470000EC
:10F0400081B00090009890F89A0001B070470000DD
:10F0500082B0019001990091086E496E884210D1EA
:10F06000FFE70099886EC96E88420AD1FFE70099D0
:10F07000002081F87400B1F870000130A1F8700030
:10F0800004E00099012081F87400FFE70099886E80
:10F09000C96E884205D1FFE70099002081F876000B
:10F0A00004E00099012081F87600FFE70099086EDE
:10F0B000496E884205D1FFE70099002081F877006A
:10F0C00004E00099012081F87700FFE70099086EBD
:10F0D0004866886EC86602B07047000000000000F5
:10F0E00081B00090009890ED2B0A01B070470000AD
:10F0F00081B0009000984FF0894181600021C4F2F6
:10F100002541C1600021016641668166C166A0F8A3
:10F110007010A0F8721080F8741080F8751080F8E4
:10F12000761080F8771001B07047000000000000F2
:10F1300084B002908DF80710029800909DF80700A7
:10F140000D2809DCFFE700989DF8071000EB41004F
:10F15000C08CADF80E0003E00020ADF80E00FFE714
:10F16000BDF80E0004B0704782B001900091019983
:10F17000009A9078D27802F00F0240EA0220C88408
:10F18000009A1079527902F00F0240EA02200885B5
:10F19000009A9079D27902F00F0240EA0220488565
:10F1A000009A107A527A02F00F0240EA0220888513
:10F1B000009A907AD27A02F00F0240EA0220C885C3
:10F1C000009A107B527B02F00F0240EA0220088670
:10F1D000009A907BD27B02F00F0240EA0220488620
:10F1E000009A107C527C02F00F0240EA02208886CE
:10F1F000009A907CD27C02F00F0240EA0220C8867E
:10F20000009A107D527D02F00F0240EA022008872A
:10F21000009A907DD27D02F00F0240EA02204887DA
:10F22000009A107E527E02F00F0240EA0220888788
:10F23000009A907ED27E02F00F0240EA0220C88738
:10F24000009A107F527F02F00F0240EA0220A1F8DC
:10F250004000488F0022B0F5F76FA8BF012291F857
:10F26000420000F0FE00104481F8420002B07047F6
:10F2700080B588B007900691ADF8162007980290E7
:10F280000020ADF81400FFE7BDF81400BDF816101B
:10F29000884280F29480FFE702980699BDF8142016
:10F2A000895C8DF81310007901460191032800F262
:10F2B00079800199DFE801F0021121359DF81300F2
:10F2C000202809D1FFE702999DF813004871012019
:10F2D00081F825000871FFE76AE09DF813004028D7
:10F2E00009D1FFE702999DF813008871022081F887
:10F2F0002500087100E0FFE75AE002989DF813101E
:10F3000090F82530C218013380F82530517190F8FB
:10F3100025001E2804DBFFE7029903200871FFE7A0
:10F3200046E002989DF8131090F82530C21801337A
:10F3300080F82530517190F8250020282CDBFFE75C
:10F340000298411D1E2200F03FF80299ADF810000E
:10F3500091F8230091F8241040EA0120ADF80E0046
:10F36000BDF81000BDF80E1088420CD1FFE70298DE
:10F37000411DFFF7F9FE029991F8420040F00200AA
:10F3800081F8420007E0029991F8420000F0FD0088
:10F3900081F84200FFE7FFE702990020087181F839
:10F3A000250005E002990020087181F82500FFE79B
:10F3B000FFE7BDF814000130ADF8140064E708B0B1
:10F3C00080BD00000000000084B0039002918DF821
:10F3D000072040F6FF70ADF8040000208DF8030010
:10F3E000FFE79DF803009DF80710884210DAFFE759
:10F3F00002989DF80310415CBDF80400401AADF876
:10F400000400FFE79DF8030001308DF80300E8E7F2
:10F41000BDF8040004B0704781B00090009890F8E7
:10F42000420000F0010001B0704700000000000041
:10F4300082B0019000910199009808600020087145
:10F4400081F8250091F8422002F0FE0281F8422066
:10F4500091F8422002F0FD0281F84220C1F821001B
:10F46000C1F81D00C1F81900C1F81500C1F811005C
:10F47000C1F80D00C1F80900C1F80500C1F83E004F
:10F48000C1F83A00C1F83600C1F83200C1F82E00C8
:10F49000C1F82A00C1F8260002B070470000000041
:10F4A00081B0009000990020087181F8250091F842
:10F4B000422002F0FE0281F8422091F8422002F040
:10F4C000FD0281F84220C1F82100C1F81D00C1F8F9
:10F4D0001900C1F81500C1F81100C1F80D00C1F8FC
:10F4E0000900C1F80500C1F83E00C1F83A00C1F8B2
:10F4F0003600C1F83200C1F82E00C1F82A00C1F868
:10F50000260001B07047000080B582B001900198DC
:10F510000090FFF7C5FF009802B080BD000000001A
:10F5200083B002908DED010ACDED000A0299019899
:10F53000C1F8B8050098C1F8BC0503B070470000D9
:10F5400080B584B003900398019000F55A709FED48
:10F55000070A8DED020A02F013FB01989DED020AE5
:10F5600000F58E6002F00CFB04B080BD00000000CE
:10F5700081B000900099012081F8780501B07047B2
:10F5800082B001908DED000A019A009902F5B860F1
:10F59000C2F8C0159DED000AB1EE400A80ED010AE7
:10F5A00002B070470000000080B584B0039003985B
:10F5B000019000F590709FED070A8DED020A02F0B0
:10F5C000FFFC01989DED020A00F5117002F0F8FCB5
:10F5D00004B080BD0000000081B00090009800F2EF
:10F5E0007C5090ED000A01B0704700000000000060
:10F5F00080B584B003900398019000218DF80B1022
:10F6000000F5B06090ED000AFFF726FA019800F2CD
:10F610009C5090ED001AB4EE410AF1EE10FA16DC9F
:10F62000FFE7019800F2845090ED000AFFF714FA0A
:10F63000019800F29C5090ED001AB4EE410AF1EEF0
:10F6400010FA04DCFFE701208DF80B00FFE79DF8BE
:10F650000B0000F0010004B080BD000000000000BD
:10F6600080B586B005900598039000F5907002F083
:10F6700027FC0398B0EE401A00F2DC51019191EDA5
:10F68000002A00F5B761029191ED000A91EE020A9D
:10F6900000F5B061049181ED000A00F5117002F0EF
:10F6A0000FFC019B029A03980499B0EE401A93ED67
:10F6B000002A92ED010A91EE020A81ED010A8030E2
:10F6C00091ED000A03F088F803980499D03091ED89
:10F6D000010A03F081F806B080BD000000000000C0
:10F6E00081B00090009800F5B06090ED000A01B084
:10F6F000704700000000000081B00090009800F208
:10F70000845090ED000A01B0704700000000000036
:10F7100081B000900099012081F8790501B070470F
:10F7200080B584B003900398019000218DF80B10F0
:10F7300000F5B06191ED000A00F5B16090ED001A9E
:10F7400030EE410AFFF788F9019800F29C5090EDE5
:10F75000001AB4EE410AF1EE10FA3BDCFFE7019823
:10F7600000F2845191ED000A00F28C5090ED001AE5
:10F7700030EE410AFFF770F9019800F29C5090EDCD
:10F78000001AB4EE410AF1EE10FA23DCFFE701980B
:10F7900000F5907002F09CFBB7EEC00A9FED101BC5
:10F7A000B4EE410BF1EE10FA13DCFFE7019800F51F
:10F7B000117002F08DFBB7EEC00A9FED091BB4EE8D
:10F7C000410BF1EE10FA04DCFFE701208DF80B008D
:10F7D000FFE7FFE79DF80B0000F0010004B080BDDB
:10F7E0009A9999999999A93F81B000900099002020
:10F7F00081F8790501B0704780B584B00390039813
:10F80000029000F5B06090ED000AFFF725F902982C
:10F8100000F5B46090ED001AB4EE410AF1EE10FA72
:10F8200017DBFFE7029800F5907002F0C1FBFFF7CD
:10F8300013F9029800F5B66090ED001AB4EE410A93
:10F84000F1EE10FA05DBFFE70299012081F8A4052B
:10F85000FFE7029800F2845090ED000AFFF7FCF8F1
:10F86000029800F5B46090ED001AB4EE410AF1EE92
:10F8700010FA17DBFFE7029800F5117002F098FB11
:10F88000FFF7EAF8029800F2B45090ED001AB4EED7
:10F89000410AF1EE10FA05DBFFE70299012081F839
:10F8A000A505FFE7029890F8A4150020C90701906C
:10F8B00029B1FFE7029890F8A5050190FFE70198AC
:10F8C00000F0010004B080BD80B584B003900398BF
:10F8D000019000218DF80B1000F5B06191ED000A48
:10F8E00000F5B26090ED001A30EE410AFFF7B4F86F
:10F8F000019800F29C5090ED001AB4EE410AF1EE2E
:10F9000010FA3BDCFFE7019800F2845191ED000A08
:10F9100000F2945090ED001A30EE410AFFF79CF887
:10F92000019800F29C5090ED001AB4EE410AF1EEFD
:10F9300010FA23DCFFE7019800F5907002F0C8FA96
:10F94000B7EEC00A9FED101BB4EE410BF1EE10FABA
:10F9500013DCFFE7019800F5117002F0B9FAB7EE79
:10F96000C00A9FED091BB4EE410BF1EE10FA04DC66
:10F97000FFE701208DF80B00FFE7FFE79DF80B0084
:10F9800000F0010004B080BD9A9999999999A93F16
:10F9900080B58CB00B908DED0A0ACDED090A0B985D
:10F9A00006909DED0A0A00F5B06090ED001A30EE69
:10F9B000410AFFF751F8069800F5B36090ED001A80
:10F9C000B4EE410AF1EE10FA05DAFFE79DED0A0AFE
:10F9D0008DED050A07E0069800F5B36090ED000A8A
:10F9E0008DED050AFFE706989DED050A8DED080AE5
:10F9F0009DED090A00F2845090ED001A30EE410AA4
:10FA0000FFF72AF8069800F5B36090ED001AB4EEFF
:10FA1000410AF1EE10FA05DAFFE79DED090A8DEDD6
:10FA2000040A07E0069800F5B36090ED000A8DED3A
:10FA3000040AFFE706989DED040A8DED070A803061
:10FA400000909DED080A02F013FD0698D030029058
:10FA50009DED070A02F00CFD009802F021FD0298CE
:10FA600002F01EFD0098069901F59071019102F0D7
:10FA7000ABFE019802F0A4FA0699029801F5117103
:10FA8000039102F0A1FE039802F09AFA0CB080BD37
:10FA900080B582B0019001980090FFF7E1FD0098D9
:10FAA000043001F0B1F8009800F5907002F0B0FA5F
:10FAB000009800F5117002F0ABFA009800F55A704A
:10FAC00002F07AF8009800F58E6002F075F802B046
:10FAD00080BD00000000000080B588B00790079846
:10FAE0000490803002909FED140A8DED010A02F01F
:10FAF000BFFC9DED010A0498D030059002F0B8FCDF
:10FB0000029802F0CDFC059802F0CAFC0298049914
:10FB100001F59071039102F057FE039802F050FA3C
:10FB20000499059801F51171069102F04DFE0698B1
:10FB300002F046FA08B080BD00000000000000009E
:10FB400080B596B015901598129000F590706A46A1
:10FB500000211491116042F6B801C2F200410491F3
:10FB60000122032305939FED7D0A8DED020AF3EE3A
:10FB7000040ACDED030A02F07BFA9DED020ADDEDE9
:10FB8000030A0499059B1298149A00F51170EC462B
:10FB9000CCF80020022202F06BFA0499059B12981F
:10FBA00000F55A709FED6E0A8DED060AF2EE040A1A
:10FBB000CDED070A1A4602F02BF80499059B9DED3E
:10FBC000060ADDED070A129800F58E6004221392F2
:10FBD00002F01EF81298149900F5B870B1EE080AF8
:10FBE0008DED080ADFED5F0ACDED090ADFED5E1A43
:10FBF000CDED0A1A9FED5D3A8DED103A9FED5C5AFE
:10FC00008DED115AB0EE451AB0EE452AF0EE452AB8
:10FC1000F0EE453AB0EE454AF0EE454A02F098FD66
:10FC20009DED080ADDED090ADDED0A1A9DED103A99
:10FC30009DED115A1298149900F52570B0EE451AF1
:10FC4000B0EE452AF0EE452AF0EE453AB0EE454AD0
:10FC5000F0EE454A02F07CFD9DED103A9DED115A03
:10FC60001298149980309FED430A8DED0B0ADFED59
:10FC7000420ACDED0C0A9FED411A8DED0D1AF0EE02
:10FC8000082ACDED0E2AF0EE451AB0EE452AF0EE28
:10FC9000453AB0EE454AF0EE454A02F059FD9DED79
:10FCA0000B0ADDED0C0A9DED0D1ADDED0E2A9DED22
:10FCB000103A9DED115A12981499D030F0EE451A71
:10FCC000B0EE452AF0EE453AB0EE454AF0EE454A30
:10FCD00002F03EFD9DED103A9DED115A12981499D7
:10FCE00000F56E70B0EE000A8DED0F0AF0EE450AD9
:10FCF000B0EE451AF0EE451AB0EE452AF0EE452A70
:10FD0000F0EE453AB0EE454AF0EE454A02F020FDED
:10FD10009DED0F0A9DED103A9DED115A1298149920
:10FD200000F59860F0EE450AB0EE451AF0EE451A7F
:10FD3000B0EE452AF0EE452AF0EE453AB0EE454ADF
:10FD4000F0EE454A02F004FD129B1399149A181D17
:10FD50009B6702F055FB16B080BD00BF2CA09941F7
:10FD600000001042CDCCCC3D000048436F12833AD6
:10FD700000000000000070C2295C8F3D0AD7A33C40
:10FD800080B584B003900399019101F55A7001F593
:10FD9000B861029191ED000A01F0F2FE019802991A
:10FDA00000F58E6091ED010A01F0EAFE04B080BD1D
:10FDB00080B584B003900399019101F5907001F52D
:10FDC000B561029191ED000A02F0FAF801980299EA
:10FDD00000F5117091ED010A02F0F2F804B080BD57
:10FDE00080B584B003900398019000F590709FED6A
:10FDF000070A8DED020A02F0E3F801989DED020A70
:10FE000000F5117002F0DCF804B080BD00000000C5
:10FE100080B584B003900398019000210291017095
:10FE2000043001F001F80198803002F0E1FC019803
:10FE3000D03002F0DDFC019800F5907002F098F9E6
:10FE4000019800F5117002F093F9019800F55A70CD
:10FE500001F056FF019800F58E6001F051FF019806
:10FE6000029980F8781580F879150022C4F248329A
:10FE7000C0F87C25C0F88015C0F8841545F62942E5
:10FE8000CBF68F62C0F88825C0F88C2544F2AE729C
:10FE9000CBF6E162C0F89025C0F894254CF6CD422F
:10FEA000C3F6CC62C0F898254CF28F22C3F6F54217
:10FEB000C0F89C25C0F8A02580F8A41580F8A515E9
:10FEC0000022CCF2A002C0F8A825C0F8AC25002280
:10FED000C4F2A002C0F8B025C0F8B425C0F8B81527
:10FEE000C0F8BC15C0F8C015C0F8C41500F5B9625B
:10FEF0004FF07F51C0F8C8154CF6CD41C3F64C51B8
:10FF0000C0F8CC1500F5BA6C4FF08441C0F8D0159C
:10FF1000FF2180F8D41500F5BB634DF20A71C3F6DA
:10FF2000A331C0F8D81500F2DC5190F9D4E500EE09
:10FF300010EAB8EEC00A9CED001A20EE010A93ED1B
:10FF4000001A20EE010A92ED001A9FED052A21EE1B
:10FF5000021A80EE010A81ED000A04B080BD00BFE4
:10FF6000DB0FC9400000000087B0069005918DF8B6
:10FF700013208DF812309DF81200014603910128DC
:10FF800008D0FFE70398022820D0FFE70398032852
:10FF900038D053E09DF8130001460291012808D0A3
:10FFA000FFE70298022808D0FFE70298032808D04C
:10FFB0000BE005990020087007E0059904200870FF
:10FFC00003E0059901200870FFE737E09DF8130072
:10FFD00001460191012808D0FFE70198022808D0C6
:10FFE000FFE70198032808D00BE00599022008706C
:10FFF00007E005990620087003E0059905200870C0
:020000040801F1
:10000000FFE71BE09DF8130001460091012808D08E
:10001000FFE70098022808D0FFE70098032808D0DF
:100020000BE005990220087007E00599042008708C
:1000300003E0059903200870FFE7FFE707B070476A
:10004000B0B58EB01C4696468C46149B139A1299F6
:100050000A94CDF824E0CDF820C09DF828C08DF892
:1000600034C0DDF820C0DDF824E0CDF830E0CDF874
:100070002CC00493039202919DF810108DF81C106F
:100080000299039A06920591019001980090BDF89B
:100090002C00BDF8141088421AD1FFE7BDF82E00DD
:1000A000BDF81610884213D1FFE7BDF83000BDF847
:1000B000181088420CD1FFE7BDF83200BDF81A10C5
:1000C000884205D1FFE70099002081F8750004E01F
:1000D0000099012081F87500FFE70EB0B0BD000067
:1000E00081B00090009890F8740001B07047000053
:1000F000B0B598B017901691ADF8562017980890A3
:10010000083009901699BDF85620FFF7B1F8099804
:10011000FFF782F9002840F0FC80FFE708980830DC
:1001200007900021FFF704F8089A01460798A2F803
:1001300054100121FEF7FCFF089A01460798A2F827
:10014000561002210691FEF7F3FF089A0146079820
:10015000A2F858100321FEF7EBFF089A0146079812
:10016000A2F85A100421FEF7E3FF069B089A014605
:10017000079840F2DC5CCDF814C06145C8BF01238C
:1001800092F85C1001F0FC01194482F85C10052122
:10019000FEF7CEFFDDF814C0069B089A01460798CB
:1001A0006145C8BF012392F85C1001F0F30141EAF8
:1001B000830182F85C100821FEF7BAFF40F2DD519E
:1001C000884203DBFFE7012004900CE00898083028
:1001D0000621FEF7ADFF01460220B1F57A7FC8BFC8
:1001E00003200490FFE70898049A90F85C1002F04E
:1001F000030201F0CF0141EA021180F85C100830DF
:100200000921FEF795FF0146089840F2DC530222CF
:100210009942C8BF012290F85C1001F03F0141EA09
:10022000821180F85C10B0F8541000EE101AB8EE8D
:10023000C00A90ED132A90ED141A30EE420A80EEB7
:10024000010A80ED1E0AB0F8561000EE101AB8EE42
:10025000C00A90ED132A90ED141A30EE420A80EE97
:10026000010A80ED1F0AB0F8581000EE101AB8EE1F
:10027000C00A90ED132A90ED141A30EE420A80EE77
:10028000010A80ED200AB0F85A1000EE101AB8EEFC
:10029000C00A90ED132A90ED141A30EE420A80EE57
:1002A000010A80ED210A00F1880190F85C2090F8A5
:1002B000653002F0030203F00303FFF755FE0898D0
:1002C00000F1890190F85C2090F86530C2F381025A
:1002D000C3F38103FFF748FE089800F18A0190F804
:1002E0005C2090F86530C2F30112C3F30113FFF7ED
:1002F0003BFE089800F18B0190F85C2090F8653087
:1003000092099B09FFF730FE0899012081F87400DB
:1003100004E00899002081F87400FFE7089890F83D
:1003200065108DF85410D0F85D10D0F8612014924B
:10033000139190F85C108DF84810416D826D119208
:1003400010919DF854108DF83C101399149A0E9248
:100350000D910D990E9A0F9B9DF848C08DF830C0F5
:10036000DDF840C0DDF844E0CDF82CE0CDF828C041
:10037000DDF828C00B9C0C9DEE46CEF80850CEF858
:100380000440CEF800C0FFF75BFE18B0B0BD00001F
:1003900080B584B00390029103980190816E013181
:1003A000816602990268B2F80422FFF7A1FE019962
:1003B00091F85C0081F86500486D8A6DC1F8612094
:1003C000C1F85D0004B080BD80B584B00390029197
:1003D000039801900298006841F20001C4F2010103
:1003E000884207D1FFE7019940F2AC40C2F20040D9
:1003F000086054E00298006844F20041C4F2000131
:10040000884207D1FFE7019940F2B860C2F200408C
:10041000086043E00298006844F60001C4F200015D
:10042000884207D1FFE7019940F6C400C2F20040BC
:10043000086032E00298006844F60041C4F200010E
:10044000884207D1FFE7019940F6D020C2F2004070
:10045000086021E00298006845F20001C4F2000142
:10046000884207D1FFE7019940F6DC40C2F2004024
:10047000086010E00298006841F20041C4F20101F6
:10048000884207D1FFE7019940F6E860C2F20040D8
:100490000860FFE7FFE7FFE7FFE7FFE7FFE70198F7
:1004A00008300299FEF7C4FF04B080BD00000000D0
:1004B00080B582B00190019800900830FFF724F8D1
:1004C00000980021C4F27A41C1640021C4F2FA31DB
:1004D000016500218166C166A0F87010A0F8721055
:1004E00080F8741080F8751080F8761002B080BD26
:1004F00085B002AA009202460098049280ED010A9B
:10050000C0ED000A8DF8071004990398086102985D
:1005100048619DF80700087105B0704700000000B1
:1005200081B0009000980021016001718160C1607C
:1005300001614161816101B070470000000000006D
:1005400080B584B0039003990191086889880122DD
:100550000292F5F769FE01990298887104B080BD96
:1005600080B582B0019001990091086889880022C5
:10057000F5F75AFE00990220887102B080BD000094
:1005800080B584B003900291ADF8062003980299DB
:100590000160BDF806108180FFF7E2FF04B080BD66
:1005A00081B0009000980021817101B07047000077
:1005B00080B59CB01B901B98129000F0C5F9129862
:1005C00000211A91199190F88A0E012840F0998122
:1005D000FFE7129890F8880E002840F09281FFE71C
:1005E0001298FEF7C5FCFEF737FA129800F68C60F9
:1005F00090ED001AB4EE410AF1EE10FA06DDFFE7C5
:100600001298FEF7B5FC8DED110A04E09FEDC60AC5
:100610008DED110AFFE712989DED110A8DED180A74
:10062000FEF7AEFCFEF718FA129800F68C6090ED1B
:10063000001AB4EE410AF1EE10FA06DDFFE7129857
:10064000FEF79EFC8DED100A04E09FEDB70A8DEDDC
:10065000100AFFE712989DED100A8DED170AFEF7BC
:10066000AFFCFEF7F9F9129800F68C6090ED001AD5
:10067000B4EE410AF1EE10FA06DDFFE71298FEF73C
:100680009FFC8DED0F0A04E09FEDA70A8DED0F0A88
:10069000FFE712989DED0F0A8DED160AFEF798FC04
:1006A000FEF7DAF9129800F68C6090ED001AB4EEBD
:1006B000410AF1EE10FA06DDFFE71298FEF788FC1A
:1006C0008DED0E0A04E09FED980A8DED0E0AFFE70E
:1006D00012989DED0E0A8DED150AFEF701FDFEF74D
:1006E000BBF9129800F68C6090ED001AB4EE410A46
:1006F000F1EE10FA06DDFFE71298FEF7F1FC8DED42
:100700000D0A04E09FED880A8DED0D0AFFE79DEDCF
:100710000D0A8DED140A9DED180A8DED050A9DED6B
:10072000170A20EE000AB0EE001A8DED071A80EECF
:10073000011AB7EE000A8DED080A30EE410AFEF705
:100740002BF91298B0EE401A9DED050A20EE010A31
:100750008DED060A00F5C8700A9000F005FE9DEDCB
:10076000061A9DED072AB0EE403A9DED080A21EEEB
:10077000031A8DED1A1A9DED171A8DED091A9DEDCC
:10078000181A21EE011A81EE021A30EE410AFEF724
:1007900003F90A98B0EE401A9DED090A20EE010A0D
:1007A0008DED0B0A00F0ECFD0A98B0EE401A9DEDBD
:1007B0000B0A20EE010A8DED190A9DED140A8DED4C
:1007C0000C0A00F019FD1298B0EE401A9DED0C0ACB
:1007D00020EE010A41F22871C2F2004181ED000AC7
:1007E000FEF70EFC03281BD1FFE7129800F5C87036
:1007F0000490012100F000FE04989DED1A0A00F01B
:10080000E3FD04989DED190A00F0EAFD049841F219
:100810002871C2F2004191ED000A00F099FDFFE756
:100820009DED160A8DED010A9DED150A20EE000AD8
:10083000B8EE001A80EE010AB7EE001A30EE010A97
:10084000FEF7AAF81298B0EE401A9DED010A20EECC
:10085000010A8DED030A00F5D6600290FEF7BCFE9A
:100860000298B0EE401A9DED030A20EE010A8DEDCC
:10087000130A9DED130AFEF783FE1298FEF7B8FBEC
:10088000A0B9FFE71298FEF72BFCB7EEC00A9FED68
:10089000241BB4EE410BF1EE10FA06DDFFE71298CF
:1008A00000F5D660FEF764FEFFE7FFE71298FEF75B
:1008B000A7FB30B9FFE7129800F5D660FEF728FFD6
:1008C00005E0129800F5D660FEF78EFFFFE712985C
:1008D000FEF78EFB062813D1FFE71298FEF700FC07
:1008E000B7EEC00A9FED0E1BB4EE410BF1EE10FA0D
:1008F00005DDFFE71299012081F86C0EFFE7FFE7A5
:10090000FFE7129890F88A0E022806D1FFE71298A6
:1009100090F8890E08B9FFE7FFE71CB080BD00BF63
:10092000666666666666EE3F000000000000000036
:1009300080B582B001900198009000F005F8009811
:10094000FFF736FE02B080BD80B582B001900198FD
:10095000009000F025F8009800F09AF8009890F8C0
:10096000880E022805D0FFE70099012081F88A0E41
:1009700004E00099002081F88A0EFFE7009890F8C3
:10098000890E012805D0FFE70099022081F88A0E20
:1009900004E00099002081F88A0EFFE702B080BDD4
:1009A00080B582B0019001980090FEF7E1FAB5EEB3
:1009B000400AF1EE10FA24D1FFE70098FEF7E0FAC2
:1009C000B5EE400AF1EE10FA1BD1FFE70098FEF7F2
:1009D000F7FAB5EE400AF1EE10FA12D1FFE70098EF
:1009E000FEF7F6FAB5EE400AF1EE10FA09D1FFE78C
:1009F0000098FEF775FBB5EE400AF1EE10FA05D04F
:100A0000FFE70099002081F8880E3FE00098FEF78C
:100A1000BFFAB5EE400AF1EE10FA26D1FFE70098D2
:100A2000FEF7BEFAB5EE400AF1EE10FA1DD1FFE76F
:100A30000098FEF7BDFAB5EE400AF1EE10FA14D1B7
:100A4000FFE70098FEF7E4FA78B9FFE70098FEF7B1
:100A5000E7FA50B9FFE70098FEF7F2FA28B9FFE786
:100A60000098FEF7E5FA28B1FFE70099012081F828
:100A7000880E0AE00098FEF7B3FA28B9FFE700995C
:100A8000022081F8880EFFE7FFE7FFE702B080BD94
:100A900080B582B0019001980090B030FFF720FB44
:100AA000012805D1FFE70099002081F8890E0BE0AD
:100AB0000098B030FFF714FB28B9FFE70099012038
:100AC00081F8890EFFE7FFE702B080BD000000005B
:100AD00080B582B001900198009000F5C8700121A6
:100AE00000F0E2FD009800F5D660FEF7D1FF009817
:100AF00000F5496000F08CFA02B080BD00000000F3
:100B000080B582B001900198FEF7A2FA02B080BDD4
:100B100080B584B003908DED020A03980190B03047
:100B200042F6E441C2F20041FFF74EFC019800F5A5
:100B3000A070DFED1A2A9FED1A3A9FED1A5A002194
:100B4000B0EE450AF0EE450AB0EE451AF0EE451A51
:100B5000B0EE622AF0EE453AB0EE454AF0EE454A74
:100B600001F0F6FD019800F5C870F1EE000AB2EE52
:100B7000001AB0EE600A00F0A7FD019800F5D660FB
:100B8000FEF7DEFF019800F5496000F075FA019963
:100B90000298C1F88C0E04B080BD00BF00008046F2
:100BA0006F12833A0000000080B582B00190019876
:100BB0000090FEF79DFA0098B030FFF779FC00989E
:100BC00000F5A07001F014FE009800F5C87000F068
:100BD0008BFE009800F5D660FFF71AF9009800F533
:100BE000496000F0D5FA0098022180F8881E0122A1
:100BF00080F8892E002280F88A2E80F88B1E02B0A1
:100C000080BD00000000000080B586B0059005980A
:100C1000039090F8711000EBC102516801315160EE
:100C200090F8710001460491042800F2F4800499C0
:100C3000DFE801F0037C4CACD1000398406FFEF775
:100C4000DBFD28B9FFE70398406FFFF7B1F83CE000
:100C50000398406FFEF7D0FDB0B3FFE70398406FF5
:100C6000FEF7A2FC0398406F90F87805C00750B3D8
:100C7000FFE70398406F0190FEF732FD03988DED7A
:100C8000020A406FFEF738FD0198F0EE400A9DED34
:100C9000020AFEF745FC039890F8711000EBC102C0
:100CA00000215160406F90F87905C00728B1FFE737
:100CB0000398022101F088FB04E00398012101F070
:100CC00083FBFFE7FFE7FFE7FFE7A4E00398406F40
:100CD000FEF7FAFD58B9FFE70398406F00F5B261DF
:100CE00091ED000AD1ED010AFEF752FE1DE00398D6
:100CF000406FFEF7E9FDB8B1FFE70398406FFFF7DB
:100D00006FF80398406F90F87805C00758B1FFE777
:100D1000039890F8711000EBC1020021516003218B
:100D200001F052FBFFE7FFE7FFE774E00398406F35
:100D3000FEF7F6FC58B9FFE70398406F00F5B16184
:100D400091ED000AD1ED010AFEF722FE1DE00398A5
:100D5000406FFEF7E5FCB8B1FFE70398406FFFF77F
:100D60003FF80398406F90F87805C00758B1FFE747
:100D7000039890F8711000EBC1020021516003212B
:100D800001F022FBFFE7FFE7FFE744E00398406F35
:100D9000FEF7F6FF0398406F90F87805C007C8B1DA
:100DA000FFE7039890F8711000EBC1004068B0F5C0
:100DB000FA6F0FD9FFE70398406FFEF7C1FB039866
:100DC00090F8711000EBC10200215160042101F084
:100DD000FBFAFFE71FE00398406FFEF709FC28B914
:100DE000FFE70398406FFEF777FE13E00398406F2C
:100DF000FEF7FEFB68B1FFE70398406F90F87805B7
:100E0000C00728B1FFE70398012101F0DDFAFFE7F1
:100E1000FFE7FFE7FFE70398416F002081F87805BF
:100E200006B080BD0000000080B582B0019001983E
:100E3000009001F015FB0098002180F8781002B0B6
:100E400080BD00000000000080B582B001900198D4
:100E500050309FED030A00F093FE02B080BD00BF4A
:100E6000000000000000000081B00090009890F8A1
:100E7000DC0100F0010001B070470000000000003C
:100E800080B584B003900398019000218DF80B1079
:100E900090ED7A0A90ED7B1A30EE410AFDF7DCFD09
:100EA0009FED0F1AB4EE410AF1EE10FA12DAFFE7E5
:100EB0000198503000F0F8FDFDF7CEFD9FED091AC6
:100EC000B4EE410AF1EE10FA04DAFFE701208DF8E2
:100ED0000B00FFE79DF80B0000F0010004B080BD9F
:100EE000CDCCCC3ECDCC4C3D80B584B003900398A6
:100EF0000290503001909FED060A00F041FE0198EB
:100F000000F0CAFD029880ED790A04B080BD00BFF0
:100F1000000000000000000080B584B0039003983A
:100F2000019000218DF80B1090ED7A0A90ED7C1A5B
:100F300030EE410AFDF790FD9FED0F1AB4EE410A25
:100F4000F1EE10FA12DAFFE70198503000F0ACFD34
:100F5000FDF782FD9FED091AB4EE410AF1EE10FA99
:100F600004DAFFE701208DF80B00FFE79DF80B0086
:100F700000F0010004B080BDCDCC4C3ECDCC4C3D4A
:100F800080B582B0019001980090503000F084FD4F
:100F9000009890ED781A90ED792A30EE420A20EE12
:100FA000010A9FED061A80EE010A80ED7A0A90EDA3
:100FB0007A0A01F011FC02B080BD00BFDB0FC9400E
:100FC00082B00190019890F8DD01B0FA80F04009FC
:100FD0008DF803009DF8030000F0010002B0704797
:100FE00080B584B003900398019090ED7B0A01F0E6
:100FF0003FFA019801F054FA019800F15001029172
:1010000001F0E2FB029800F0BBFD04B080BD0000DF
:1010100080B582B00190019800900020C5F60200D2
:101020000121F5F7E9F80146009880F8DD11FFF796
:10103000A7FF009800F5B07001F0E6F80098503076
:1010400000F0BAFD02B080BD80B584B00390039873
:10105000019090ED7C0A01F00BFA019801F020FA62
:10106000019800F15001029101F0AEFB029800F0EE
:1010700087FD04B080BD000080B588B00790079858
:101080000590503042F61801C2F2004105220323B8
:101090009FED2D0AF2EE040ACDED000A00F0B8FD36
:1010A0000598B2EE080ADFED290ACDED010A9FEDA1
:1010B000283A8DED023ADFED274ACDED034AB7EE2F
:1010C000005A8DED045A00210691B0EE641AF0EE3C
:1010D000641AB0EE452AF0EE642AF0EE643AB0EEFF
:1010E000644A01F035FB9DED000A9DED012A9DED5E
:1010F000023ADDED034A9DED045A05980699A030A9
:10110000F1EE082AF0EE420AB0EE431AF0EE641A4D
:10111000F0EE643AB0EE644A01F01AFB059800F56F
:10112000AC7040F60001C5F602014FF40052FFF723
:1011300027FA0599069A01F5B070C1F8D411042177
:1011400001F05EF908B080BD000010420AD7233CD0
:101150006F12833A0000000080B582B001900199BF
:1011600001F1500091ED7D0A00F00AFD02B080BD52
:1011700080B582B00190019850309FED030A00F0D5
:10118000FFFC02B080BD00BF0000000000000000B6
:1011900080B582B001900198009001F029FB009881
:1011A000503000F0ADFD009800F5AC70FFF7F8F995
:1011B000009800F5B07001F0F7F80098002180F871
:1011C000DD114CF6CD42C3F6CC62C0F8E021C0F888
:1011D000E411C0F8E8114FF04041C0F8EC110021D3
:1011E000CCF26011C0F8F0110021C4F2A011C0F8D7
:1011F000F41102B080BD000081B00090009800F2B0
:10120000EC4090ED000A01B07047000000000000C3
:1012100082B001908DED000A01990098C1F81C057B
:1012200002B070470000000080B58CB00B900B98A6
:101230000190002002900A90099008900790069073
:10124000059004900390FFE70398032814DCFFE760
:10125000019A03984FF4927100FB0120543000F082
:1012600037FE039904A800EB810080ED000AFFE738
:10127000039801300390E7E701989DED040A9DED86
:10128000053A9DED062A9DED071A30EE430A30EE31
:10129000420A30EE010A9FED2C2A20EE020A9FED51
:1012A0002B1A20EE010A8DED0A0A9DED040A9DED30
:1012B000055A9DED064A9DED073A30EE050A30EEDF
:1012C000440A30EE430A20EE020A20EE010A8DEDB8
:1012D000090A9DED040A9DED053A9DED062A9DED56
:1012E000071A30EE030A30EE020A30EE010AB7EEBA
:1012F000C00ABCEE001B20EE010B9FED0F1B20EE81
:10130000010B9FED0F1B80EE010BB7EEC00B8DEDB7
:10131000080A9DED0A0A00F03FF801989DED090AC0
:1013200000F046F801989DED080AFFF771FF0CB038
:1013300080BD00BF00BF00BF000000A045B6C33F96
:1013400000000060B81ED13FF404353E2DB21D3EB2
:1013500082B001908DED000A01990098C1F8100546
:1013600002B070470000000081B00090009800F2C9
:10137000E44090ED000A01B070470000000000005A
:1013800081B00090009800F59D6090ED000A01B0DA
:10139000704700000000000082B001908DED000A4F
:1013A00001990098C1F8140502B0704700000000D0
:1013B00082B001908DED000A01990098C1F81805DE
:1013C00002B070470000000082B001908DED000A6D
:1013D00001990098C1F8080502B0704700000000AC
:1013E00082B001908DED000A01990098C1F80C05BA
:1013F00002B070470000000082B001908DF8031029
:1014000001999DF8030081F8040502B070470000BF
:1014100080B592B011901198049090F8040501469F
:10142000059120B1FFE7059801282ED018E1002092
:101430001090FFE71098032826DCFFE7049800F1DE
:101440005402019210984FF49271029100FB012016
:10145000032100F0C1FD019A0299109800FB0120C0
:101460009FED8F0A8DED030A01F00EF8019A0299A3
:101470009DED030A109800FB012000F0A1FDFFE79D
:10148000109801301090D5E7EAE000200F90FFE7B8
:101490000F9803280FDCFFE7049A0F984FF492711E
:1014A00000FB01205430032100F096FDFFE70F9868
:1014B00001300F90ECE7049800F2E44090ED000A50
:1014C000B5EE400AF1EE10FA0CD0FFE7049901F5F1
:1014D000A16001F2E441D1ED000AB1EE600AFCF72F
:1014E00017FDFFE7049800F59D6090ED000AB5EE4A
:1014F000400AF1EE10FA0CD0FFE7049901F20C500B
:1015000001F59D61D1ED000AB1EE600AFCF700FD26
:10151000FFE7049800F2EC4090ED000AB5EE400AB7
:10152000F1EE10FA0CD0FFE7049901F5A26001F288
:10153000EC41D1ED000AB1EE600AFCF7E9FCFFE7EF
:10154000049800F5A16393ED000A00F20C5292EDAD
:10155000001A30EE010AB7EEC01A00F5A26191ED53
:10156000000A9FED4D3A20EE030AB7EEC00A9FED48
:10157000482B91EE020BB7EEC00B8DED0E0A93EDEA
:10158000000A92ED001A30EE410AB7EEC01A91ED52
:10159000000A20EE030AB7EEC00A91EE420BB7EE46
:1015A000C00B8DED0D0A93ED001A92ED000A30EE9E
:1015B000010AB7EEC01A91ED000A20EE030AB7EE59
:1015C000C00A91EE420BB7EEC00B8DED0C0A93ED05
:1015D000001A92ED000A30EE410AB7EEC01A91ED02
:1015E000000A20EE030AB7EEC00A91EE420BB7EEF6
:1015F000C00B8DED0B0A9DED0E0A9FED281A20EE13
:10160000010A8DED0A0A9DED0D0A20EE010A8DED0D
:10161000090A9DED0C0A20EE010A8DED080A9DEDE8
:101620000B0A20EE010A8DED070A54309DED0A0ADF
:1016300000F0C6FC049800F5BC709DED090A00F0AE
:10164000BFFC049800F527709DED080A00F0B8FC77
:10165000049800F570709DED070A00F0B1FCFFE7FB
:1016600000200690FFE7069803280EDCFFE7049AA7
:1016700006984FF4927100FB0120543000F0C8FC32
:10168000FFE7069801300690EDE712B080BD00BF7D
:10169000000000809EA0E63FC3F5883ECECA4F41C1
:1016A000000000000000000080B584B003908DF8B9
:1016B0000B1003980190FFF7B7FD0198FFF7A8FE04
:1016C00004B080BD0000000080B598B017908DED8B
:1016D000160ACDED150A8DED141A17980490169977
:1016E000C0F8E4141599C0F8E8141499C0F8EC1483
:1016F0009FED730A8DED020ADFED720ACDED030A4C
:1017000000210E91FEF7F4FE9DED020ADDED030AC5
:1017100004980E991C30FEF7EBFE04980E993830B1
:10172000DFED690AB0EE600AFEF7E2FE04980E995A
:1017300000F154020B92A430B1EE080A8DED050AB7
:101740009FED621A8DED061A9FED612A8DED072A35
:10175000DFED602ACDED082A9FED5F3A8DED093A65
:101760009FED5E5A8DED0A5AF0EE450AF0EE451AED
:10177000F0EE453AB0EE454AF0EE454A00F0E8FF9B
:1017800004989DED050A9DED061A9DED072ADDEDF5
:10179000082A9DED093A9DED0A5A0E9900F5BC7292
:1017A0000C9200F5E470F0EE450AF0EE451AF0EE0A
:1017B000453AB0EE454AF0EE454A00F0C9FF0498BC
:1017C0009DED050A9DED061A9DED072ADDED082A1F
:1017D0009DED093A9DED0A5A0E9900F527720D927A
:1017E00000F53B70F0EE450AF0EE451AF0EE453A92
:1017F000B0EE454AF0EE454A00F0AAFF04989DED90
:10180000050A9DED061A9DED072ADDED082A9DEDDE
:10181000093A9DED0A5A0E9900F570720F9200F583
:101820008260F0EE450AF0EE451AF0EE453AB0EE71
:10183000454AF0EE454A00F08BFF0B980E996A4638
:10184000116042F61801C2F20041109101220323F7
:1018500011939FED230A8DED120AF3EE040ACDEDEC
:10186000130A00F005FC0C980E9A1099119B9DED3F
:10187000120ADDED130AEC46CCF80020022200F03B
:10188000F7FB0D980E9A1099119B9DED120ADDED54
:10189000130AEC46CCF800201A4600F0E9FB0E9A39
:1018A0000F981099119B9DED120ADDED130AEC467D
:1018B000CCF80020042200F0DBFB18B080BD00BF94
:1018C000A69BC43BA69B443C0AD7233C8FC2F53C55
:1018D0000000484200007A446F12833A0000000082
:1018E0002CA099410000000080B586B004900498B7
:1018F00001900590FEF714FE01981C30FEF710FED3
:1019000001983830FEF70CFE019901F1540001F204
:10191000E44102910390FFE70398009000F028FC57
:101920000098029A00F59271084691420390F3D113
:10193000FFE701994FF08D40C1F8F004002081F8D5
:101940000405C1F80805C1F80C05C1F81005C1F877
:101950001405C1F81805C1F81C05059806B080BD2E
:1019600080B586B0059005980190D0F8A0002C3085
:101970000290029804A9FCF72BFF029802300DF1A7
:101980000E01FCF725FF0298043003A9FCF720FFA5
:101990000199BDF81000D1F8E420801AADF81200CA
:1019A000BDF91200B1F8B4104A42C1EBD271B0EBEC
:1019B000610F07DAFFE70199D1F8EC000130C1F8B7
:1019C000EC0010E00199BDF91200B1F8B410B0EBD1
:1019D000510F07DDFFE70199D1F8EC000138C1F89C
:1019E000EC00FFE7FFE70199D1F8EC00B1F8B42073
:1019F000BDF8103000FB0230C1F8E80091ED2B1A61
:101A000091ED3A0AB8EEC00AB1F8B40002EE100A3D
:101A1000B8EE422A80EE020A30EE000A9FED1A2A42
:101A200020EE020A80EE010A81ED340ABDF90E00B3
:101A300000EE100AB8EEC00A9FED141A20EE010A5B
:101A400091ED2B1A80EE010A81ED350ABDF90C00EB
:101A500000EE100AB8EEC00A91ED2E1A80EE010ACF
:101A600081ED360A0298807900EE100AB8EEC00ABD
:101A70009FED071A30EE010A81ED370ABDF810001C
:101A8000C1F8E40006B080BDDB0F49405077D63D79
:101A9000339388430000000081B00090009890EDDF
:101AA000340A01B07047000081B00090009890EDBA
:101AB000350A01B07047000080B586B005900598E2
:101AC000039090F8F00001460491012808D0FFE748
:101AD0000498032805D0FFE7049804281DD045E0AA
:101AE00049E0039901F15000029091ED3E0A91ED19
:101AF000401A30EE010A00F0BBFC0298039991ED08
:101B0000350A00F069FE029800F0CAFC029800F065
:101B10005BFE039880ED3F0A2DE0039890ED3D0AAF
:101B200000F0A6FC039800F0BBFC039800F04CFE0C
:101B3000039981ED3E0A01F15000019091ED3E0ABA
:101B400091ED401A30EE010A00F092FC01980399E1
:101B500091ED350A00F040FE019800F0A1FC0198DB
:101B600000F032FE039880ED3F0A04E00399002064
:101B7000C1F8FC00FFE706B080BD000000000000D7
:101B800082B001908DED000A01990098C1F8F8002B
:101B900002B070470000000080B582B00190009153
:101BA0000198D0F8C0100131C0F8C010FFF7D8FE7E
:101BB00002B080BD0000000080B584B0039003989F
:101BC0000190FFF779FF019890ED3F0A90ED411ADF
:101BD00030EE010A8DED020AD0ED2C0AB1EE600A5A
:101BE00002A8FCF795F901989DED020A90ED2E1AD6
:101BF00020EE010A80ED320A00F06AF80199002017
:101C0000C1F80401C1F8000104B080BD000000006B
:101C100080B586B0059004918DF80F208DF80E30B8
:101C20008DED020ACDED010A059800900498006838
:101C30004AF20001C4F20001884208D1FFE700998E
:101C400040F29800C2F20040C1F8A00023E00498DE
:101C500000684AF20041C4F20001884208D1FFE75F
:101C6000009940F2F800C2F20040C1F8A00011E073
:101C7000049800684DF20041C4F20001884208D186
:101C8000FFE7009940F25810C2F20040C1F8A000EE
:101C9000FFE7FFE7FFE700999DF80F0081F8A40038
:101CA0009DF80E0081F8F0000298C1F8AC00019890
:101CB000C1F8B00004989DF80F100022FCF7D4F989
:101CC0000099C1F8A80006B080BD00000000000027
:101CD00081B00090009991ED320ABDEEC00A10EE7D
:101CE000100A000AD1F8A820107091ED320ABDEE5A
:101CF000C00A10EE100AD1F8A810487001B0704761
:101D000080B582B001900198009000F071FD0098BC
:101D1000503000F06DFD00984FF40051A0F8B41061
:101D20000021C4F27A41C0F8B8100021C4F2201199
:101D3000C0F8BC100021C0F8C010C0F8C410C0F832
:101D4000C81080F8CC10042280F8F020C0F8F410FD
:101D5000C0F8F810C0F8FC10C0F80011C0F8041169
:101D600002B080BD0000000080B586B005900598E7
:101D70000190D0F8A0002C300290029804A9FCF742
:101D800027FD029802300DF10E01FCF721FD0298AB
:101D9000043003A9FCF71CFD0199BDF81000D1F82F
:101DA000F820801AADF81200BDF91200B1F8C81081
:101DB0004A42C1EBD271B0EB610F07DAFFE701993C
:101DC000D1F800010130C1F8000110E00199BDF91E
:101DD0001200B1F8C810B0EB510F07DDFFE7019911
:101DE000D1F800010138C1F80001FFE7FFE70198D1
:101DF000D0F80011B0F8C820BDF8103001FB023156
:101E0000C0F8FC1090ED2B1A90ED3F0AB8EEC00A16
:101E1000B0F8C81002EE101AB8EE422A80EE020A9C
:101E200030EE000A9FED232A20EE020A80EE010A1E
:101E300080ED390ABDF90E1000EE101AB8EEC00A96
:101E40009FED1D1A20EE010A90ED2B1A80EE010A7B
:101E500080ED3A0ABDF90C1000EE101AB8EEC00A77
:101E600090ED331A80EE010A80ED3B0A02998979E0
:101E700000EE101AB8EEC00A9FED101A30EE010AFB
:101E800080ED3C0A90ED2E0AD0ED2F0A90ED301A2D
:101E9000D0ED311A90ED3B2AD0ED3A2AFCF7B8F894
:101EA000019981ED3D0ABDF81000C1F8F80006B0B7
:101EB00080BD00BFDB0F49405077D63D3393884348
:101EC00081B00090009890ED390A01B07047000091
:101ED00081B00090009890ED3A0A01B07047000080
:101EE00080B586B005900598039090F808010146EA
:101EF0000491012808D0FFE70498032805D0FFE7E4
:101F0000049804281DD04AE04EE0039901F15000E6
:101F1000029091ED440A91ED461A30EE010A00F06C
:101F2000A7FA0298039991ED3A0A00F055FC02983D
:101F300000F0B6FA029800F047FC039880ED450ADD
:101F400032E0039890ED430A00F092FA039890ED86
:101F5000390A00F041FC039800F0A2FA039800F05F
:101F600033FC039981ED440A01F15000019091ED99
:101F7000440A91ED461A30EE010A00F079FA019810
:101F8000039991ED3A0A00F027FC019800F088FAD5
:101F9000019800F019FC039880ED450A04E00399CC
:101FA0000020C1F81401FFE706B080BD000000006A
:101FB00081B00090009890ED3B0A01B0704700009E
:101FC00082B001908DED000A01990098C1F81001CE
:101FD00002B070470000000082B001908DF803103D
:101FE00001999DF8030081F8080102B070470000D4
:101FF00080B582B0019000910198D0F8D4100131E1
:10200000C0F8D410FFF7B0FE02B080BD00000000A1
:1020100080B584B0039003980190FFF761FF0198A9
:1020200090ED450A90ED471A30EE010A8DED020A57
:10203000D0ED2D0AB1EE600A02A8FBF769FF019806
:102040009DED020A90ED331A20EE010A80ED370A69
:1020500000F076F8019890F8B00038B9FFE70199E0
:102060000020C1F81C01C1F81801FFE704B080BDD1
:1020700080B588B084460A98CDF81CC006918DF8CA
:1020800017208DF816308DED040A8DF80F00CDED78
:10209000020A07980190069800684AF20001C4F20B
:1020A0000001884208D1FFE7019940F29800C2F28E
:1020B0000040C1F8A00023E0069800684AF2004101
:1020C000C4F20001884208D1FFE7019940F2F8000C
:1020D000C2F20040C1F8A00011E0069800684DF27D
:1020E0000041C4F20001884208D1FFE7019940F2A3
:1020F0005810C2F20040C1F8A000FFE7FFE7FFE779
:1021000001999DF8170081F8A4009DF8160081F848
:1021100008019DF80F0081F8B0000498C1F8AC00E8
:102120000298C1F8B40006989DF817100022FBF73A
:102130009BFF0199C1F8A80008B080BD0000000015
:1021400081B00090009991ED370ABDEEC00A10EE03
:10215000100A000AD1F8A820107091ED370ABDEEE0
:10216000C00A10EE100AD1F8A810487001B07047EC
:1021700080B582B001900198009000F039FB009882
:10218000503000F035FB00984AF28771C3F6976132
:10219000C0F8B8100021C0F8BC1048F6AC32C3F645
:1021A0001B62C0F8C02045F6FB42C3F6AD72C0F812
:1021B000C4204FF40052A0F8C8204CF6CD42C4F21F
:1021C0004C42C0F8CC200022C4F2A012C0F8D020AB
:1021D000C0F8D410C0F8D810C0F8DC1080F8E010B7
:1021E000042280F80821C0F80C11C0F81011C0F8C2
:1021F0001411C0F81811C0F81C114FF07E51C0F82E
:10220000201102B080BD000080B584B00390039817
:10221000019090F8711000EBC102516801315160DA
:1022200090F8710001460291032800F2B4800299EF
:10223000DFE801F0023568860198406FFEF7C0FEC6
:102240000146019842F67C52C2F200421170406F82
:10225000FEF7B6FE28B9FFE70198406FFEF77CFF56
:102260001CE00198406FFEF7ABFEB0B1FFE70198AC
:10227000406FFEF739FE019890F8711000EBC10233
:1022800000215160406FFEF7EFFD28B1FFE7019894
:10229000012100F099F8FFE7FFE7FFE77CE00198F4
:1022A000406FFEF7EDFD0146019842F67E52C2F204
:1022B00000421170406FFEF7E3FD28B9FFE7019877
:1022C000406FFEF78DFE1CE00198406FFEF7D8FDD1
:1022D000B0B1FFE70198406FFEF74AFF019890F810
:1022E000711000EBC10200215160406FFEF7BCFD90
:1022F00028B1FFE70198022100F066F8FFE7FFE749
:10230000FFE749E0019842F67B52C2F20042012108
:102310001170406F00F5AC70FEF712F9019890F85B
:10232000711000EBC10200215160406FFEF79CFD6F
:1023300028B1FFE70198032100F046F8FFE72BE002
:102340000198406FFEF7E8FD28B9FFE70198406F5C
:10235000FEF77AFE1EE00198406FFEF7DDFDC0B18A
:10236000FFE70198406FFEF76FFD019890F871103C
:1023700000EBC1020021516042F67D52C2F20042E0
:1023800001211170406FFEF76FFD08B1FFE7FFE715
:10239000FFE7FFE700E0FFE70198416F002081F8C9
:1023A000DC0104B080BD000080B582B001900198CE
:1023B000009000F055F80098002180F8781002B0E5
:1023C00080BD00000000000082B001908DF8031075
:1023D000019991F87120002001F8320091F87120E4
:1023E00001EBC20250609DF80320012001F8320089
:1023F0009DF8030081F8710002B0704700000000F2
:1024000084B003908DF80B108DF80A200399009189
:102410009DF80B0081F870009DF80A0081F87100AA
:1024200000200190FFE70099019891F87010884210
:102430000EDAFFE70099019A002001F83200019AB4
:1024400001EBC2014860FFE7019801300190EAE723
:1024500000999DF80A20012001F8320004B070476D
:1024600081B000900098002180F8711001B0704791
:1024700082B001908DED000A01990098486402B085
:10248000704700000000000082B001908DED000A4E
:1024900001990098C86402B0704700000000000075
:1024A00080B58AB0099009980190002108910791A0
:1024B0000691059190ED110A90ED121A30EE410A45
:1024C0008DED040A9DED040AFCF7C6FA01988DED26
:1024D000030A9DED030A90ED011AB4EE410AF1EEF4
:1024E00010FA07DAFFE70199886C4864002004902D
:1024F0000390FFE7019890ED080A9DED041A20EE85
:10250000010A8DED080A90ED0E0AB5EE400AF1EED3
:1025100010FA0DD1FFE7019890ED0F0AB5EE400AD1
:10252000F1EE10FA04D1FFE74FF07E50029049E03F
:1025300001989DED030A90ED0F1AB4EE410AF1EEF9
:1025400010FA04DCFFE74FF07E50029039E001986A
:1025500090ED0F0A9DED031AB4EE410AF1EE10FA68
:102560001FDAFFE701989DED030A90ED0E1A90ED3A
:102570000F2A31EE021AB4EE410AF1EE10FA10DA27
:10258000FFE7019890ED0E1A90ED0F0A31EE000A68
:102590009DED032A30EE420A80EE010A8DED020A1B
:1025A0000EE001989DED030A90ED0F1AB4EE410A7A
:1025B000F1EE10FA03DBFFE700200290FFE7FFE7F0
:1025C000FFE7FFE7019890ED0C0AB5EE400AF1EE47
:1025D00010FA10D0FFE7019901F14C0091ED092AA2
:1025E00091ED0C1AB1EE410A80EE020AC1EE020A28
:1025F000FBF78EFCFFE7019890ED100AB5EE400A5C
:10260000F1EE10FA18D1FFE701989DED021A90ED56
:10261000002A90ED130A21EE021A9DED042AA1EE84
:10262000020A80ED130A90ED090A90ED131A20EECC
:10263000010A8DED070A28E001989DED030A90ED4F
:10264000101AB4EE410AF1EE10FA18DAFFE7019819
:102650009DED021A90ED002A90ED130A21EE021A68
:102660009DED042AA1EE020A80ED130A90ED090AFD
:1026700090ED131A20EE010A8DED070A04E001998E
:102680000020C8640790FFE7FFE70198007A90B93F
:10269000FFE7019890ED001A90ED063A90ED0A0AD6
:1026A0009DED042A32EE432A20EE020A80EE010A52
:1026B0008DED060A11E0019890ED001A90ED053AB3
:1026C00090ED072A90ED0A0A32EE432A20EE020A24
:1026D00080EE010A8DED060AFFE7019890ED042ACD
:1026E00090ED0B1A90ED110A30EE420A20EE010A2D
:1026F0008DED050A9DED080A9DED071A30EE010AE1
:102700009DED061A30EE010A9DED051A30EE010A24
:1027100080ED070A90ED0D0AB5EE400AF1EE10FAD1
:102720000AD0FFE7019901F11C00D1ED0D0AB1EECD
:10273000600AFBF7EDFBFFE70199886CC860486C05
:102740000861C8694861049888610AB080BD0000CA
:102750008EB002AA0092024600980D9280ED0A0AFD
:10276000C0ED090A80ED081AC0ED071A80ED062AAF
:10277000C0ED052A80ED043AC0ED033A80ED024A2F
:10278000C0ED014A80ED005A8DF807100D990C98A4
:1027900008620B9848620A9888620998C86208988B
:1027A000086307984863069808600598486004988D
:1027B00088630398C863029808649DF8070008724C
:1027C0000EB070470000000081B00090009890EDBE
:1027D000070A01B07047000082B001908DED000A39
:1027E00001990098886402B0704700000000000062
:1027F00081B0009000980021C16001614161816158
:10280000C161016241628162C162016341638163AE
:10281000C163016441648164C16401B07047000018
:1028200081B0ADF80200BDF9020000280ED4FFE728
:10283000BDF9021001F01F02012090404A094EF23A
:102840000011CEF2000141F82200FFE701B070470D
:102850004EF60C50CEF200000068C0F30220704724
:1028600082B0ADF806000091BDF9060000280AD438
:10287000FFE700980001BDF906104EF20042CEF2CB
:10288000000288540BE000980001BDF8061001F02A
:102890000F014EF61452CEF200028854FFE702B048
:1028A000704700000000000083B00290029800F022
:1028B000070000904EF60C51CEF20001086801901E
:1028C00001984FF6FF02104001900198009A40EAEB
:1028D00002200022C0F2FA521043019001980860D1
:1028E00003B070470000000080B541F22C70C2F2C6
:1028F0000040FEF759F980BD80B582B000200190FC
:10290000F3F7C2FCF9F728FAF8F7C2FCF8F7B0FBC6
:10291000F8F76AFEF8F7FCFBF8F7D2FDF8F77CFD54
:10292000F8F736FCF8F774FCF8F7EEFEF8F77CFFE2
:10293000F8F732FFF8F714FEF8F79AFEFAF70CF8FA
:10294000FFE7FAF765F8FCE710B52DED028BB1EE65
:10295000C08A18EE100A20F00040C0F1FF40C00FFE
:102960000AD010EE100A20F00040C0F1FF40C00F66
:1029700004BF0120EDF707FEB0EE480ABDEC028B64
:1029800010BDF1EE100A4FF6FF71C0F2C03120EA1F
:10299000010040F04070E1EE100A704700000000B6
:1029A0000000000000000000000000000000000027
:1029B000010000000200000003000000040000000D
:1029C0000000000005000000000000000000000002
:1029D00000000000060000000000000000000000F1
:1029E00000000000070000000000000001020304D6
:1029F0000102030406070809000102030405060793
:102A0000080C10141820304000061016000610168E
:102A1000080402040801010101010103070100008B
:102A2000010002000400060008000A000C0010006B
:102A30002000400080000001602A010800000024FE
:102A40001000000008030008702A0108100000248C
:102A50007833000024030008D1B2FFFF000000001B
:102A60000090D0030090D00301000000100000008F
:04000005080002CD20
:00000001FF
