:020000040800F2
:10000000D02E0024B1030008935E0008E3580008D6
:10001000915E0008F50700088D6A000800000000E6
:10002000000000000000000000000000975E0008D3
:100030003508000800000000955E0008995E000881
:10004000CB030008CB030008CB030008CB03000858
:10005000CB030008CB030008CB030008CB03000848
:10006000CB030008CB030008CB030008CB03000838
:10007000F907000805080008110800081D08000815
:10008000CB030008CB030008CB030008610800087D
:100090006D080008CB030008CB030008CB03000861
:1000A000CB030008CB030008CB030008CB030008F8
:1000B000CB030008CB0300085D5F0008CB030008FA
:1000C000CB030008CB030008CB030008CB030008D8
:1000D000CB030008816A0008CB030008CB030008AB
:1000E00037080008CB03000800000000CB0300081D
:1000F000CB030008CB030008CB030008CB030008A8
:10010000CB030008CB030008695F0008CB0300089D
:10011000CB03000889620008CB030008CB0300086A
:1001200029080008CB030008CB030008CB03000814
:10013000CB030008CB030008CB030008CB03000867
:1001400000000000000000000000000000000000AF
:10015000CB030008CB030008CB030008CB03000847
:10016000CB030008CB030008CB030008CB03000837
:10017000CB030008CB030008CB03000800000000FD
:10018000CB030008CB030008CB030008CB03000817
:10019000CB030008CB030008CB030008CB03000807
:1001A000CB030008CB030008CB03000800000000CD
:1001B000CB030008CB030008CB030008CB030008E7
:1001C000CB030008CB030008000000000000000083
:1001D0000000000000000000CB0300080000000049
:1001E000000000000000000000000000000000000F
:1001F0000000000000000000CB030008CB03000853
:10020000CB030008CB03000800000000CB0300086C
:10021000CB030008CB030008CB030008CB03000886
:10022000CB03000800000000CB0300080000000022
:10023000CB030008CB03000800000000CB0300083C
:10024000CB030008CB030008CB030008CB03000856
:10025000CB030008CB030008CB030008CB03000846
:10026000CB030008CB030008CB030008CB03000836
:10027000CB030008CB030008CB03000800000000FC
:10028000CB030008CB030008CB030008CB03000816
:1002900000000000CB030008CB03000800000000B2
:1002A00000000000CB030008CB030008CB030008CC
:1002B000756A0008CB030008CB030008CB030008D5
:1002C000CB030008CB030008CB03000800F002F8C2
:1002D00000F05EF80AA090E8000C82448344AAF182
:1002E0000107DA4501D100F053F8AFF2090EBAE880
:1002F0000F0013F0010F18BFFB1A43F0010318475A
:1003000054BE000074BE00000A444FF0000C10F808
:10031000013B13F0070408BF10F8014B1D1108BF83
:1003200010F8015B641E05D010F8016B641E01F823
:10033000016BF9D113F0080F1EBF10F8014BAD1C73
:100340000C1B09D16D1E58BF01F801CBFAD505E091
:1003500014F8016B01F8016B6D1EF9D59142D6D3EB
:10036000704700000023002400250026103A28BF13
:1003700078C1FBD8520728BF30C148BF0B60704717
:100380001FB50BF04EF900F04BF91FBD10B510BDB5
:1003900000F06CF91146FFF7F3FF0BF075F800F071
:1003A0008AF903B4FFF7F2FF03BC00F08DF90000F7
:1003B0000948804709480047FEE7FEE7FEE7FEE7F9
:1003C000FEE7FEE7FEE7FEE7FEE7FEE70448054935
:1003D000054A064B704700009D5E0008CD020008EC
:1003E000D0280024D02E0024D02A0024D02A002493
:1003F00053EA020C00F069802DE9F04B4FF0000643
:10040000002B1FBFB3FA83F503FA05F424FA05F6AF
:100410005E4012BF1643B2FA82F502FA05F4C5F146
:1004200020051EBF22FA05FC44EA0C04203556EADA
:10043000044C4FEA144418BF641C4FF000084FF0FE
:100440000009904271EB030C39D3002919BFB1FAAE
:1004500081F701FA07F6B0FA80F700FA07F6C7F15C
:1004600020071EBF20FA07FC46EA0C062037B6FB21
:10047000F4FCA7EB0507103F07F01F0BCBF120069C
:100480000CFA0BFB2CFA06F644BFB3460026202FCD
:10049000A4BF5E464FF0000B5BEA060C08BF4FF0AE
:1004A000010B19EB0B09ABFB027C48EB0608C01BE8
:1004B00006FB02CC0BFB03CC71EB0C01C1E70B4636
:1004C000024641464846BDE8F08B13B54FF00000A8
:1004D0004FF00001AFF30080BDE81C407047032AD5
:1004E00040F2308010F0030C00F0158011F8013B51
:1004F000BCF1020F624498BF11F801CB00F8013B38
:1005000038BF11F8013BA2F1040298BF00F801CBFB
:1005100038BF00F8013B11F0030300F02580083AD2
:10052000C0F0088051F8043B083A51F804CBA0E829
:100530000810F5E7121D5CBF51F8043B40F8043B7E
:10054000AFF30080D20724BF11F8013B11F801CBB3
:1005500048BF11F8012B24BF00F8013B00F801CB84
:1005600048BF00F8012B704710B5203AC0F00B804F
:10057000B1E81850203AA0E81850B1E81850A0E8A7
:100580001850BFF4F5AF5FEA027C24BFB1E8185001
:10059000A0E8185044BF18C918C0BDE810405FEA71
:1005A000827C24BF51F8043B40F8043B08BF7047ED
:1005B000D20728BF31F8023B48BF11F8012B28BFF2
:1005C00020F8023B48BF00F8012B70474FF00002B3
:1005D00000B5134694469646203922BFA0E80C5039
:1005E000A0E80C50B1F12001BFF4F7AF090728BF14
:1005F000A0E80C5048BF0CC05DF804EB890028BF90
:1006000040F8042B08BF704748BF20F8022B11F0B8
:10061000804F18BF00F8012B704770477047704734
:1006200070B5064C7C44064D7D4403E020682044B0
:100630008047241DAC42F9D170BD00004CBB0000C6
:100640004CBB000010B500F009F8006810BD10B5F3
:10065000044600F003F8046010BD00000048704735
:100660007028002400487047702800247546FFF762
:10067000F9FFAE4605006946534620F0070085465F
:1006800018B020B5FFF7A2FEBDE820404FF00006ED
:100690004FF000074FF000084FF0000B21F007016A
:1006A000AC46ACE8C009ACE8C009ACE8C009ACE8AD
:1006B000C0098D46704710B50446AFF30080204650
:1006C000BDE81040FFF76DBE01491820ABBEFEE744
:1006D00026000200704700009FED201AB5EE002AA8
:1006E00000EE012A9FED1E1ABDEEC20AB5EEC02A29
:1006F000F1EE10FA10EE100AB8BF013800EE100A41
:100700000020B8EEC00A32EE400A9FED162A20EE15
:10071000010ABDEEC01A11EE101A30EE021AB0EB4B
:10072000512F18BF002102EE101A4BF6501000FE98
:10073000010AC0F60000B8EE422A00EB810090EDFD
:10074000011A30EE420AB7EE002A32EE402A20EEBD
:10075000010A90ED001A02EE010A704783F9223E69
:1007600000000044000000C49FED1F1A20EE010AA3
:100770009FED1F2ABDEEC01AB5EEC00AF1EE10FAC9
:1007800011EE100AB8BF013801EE100A0020B8EED1
:10079000C11A30EE410A9FED151A20EE010ABDEE96
:1007A000C01A11EE101A30EE021AB0EB512F18BF1A
:1007B000002102EE101A4BF6501000FE010AC0F69E
:1007C0000000B8EE422A00EB810090ED011A30EEF5
:1007D000420AB7EE002A32EE402A20EE010A90EDDE
:1007E000001A02EE010A704783F9223E000000441D
:1007F000000000C4FEE70000014800F053BB000009
:1008000070070024014800F04DBB0000E8070024F9
:10081000014800F047BB000060080024014800F0D8
:1008200041BB0000D8080024014800F03BBB000099
:10083000F8060024704710B54FF4806002F0A8F865
:100840004FF4006002F0A4F84FF4805002F0A0F8DA
:10085000BDE810404FF4804002F09AB872B6FEE74F
:10086000014801F00FBC00002C020024014801F0F7
:1008700009BC0000CC0200242DE9F84F044602F028
:10088000ABF900905CB194F83500022809D08020C3
:100890006065002084F834000120BDE8F88F012055
:1008A000FBE7D14ED04FD0491836DFF83C833037C4
:1008B000DFF83493DFF830A308F14808DFF828B3F5
:1008C00009F1600920680AF1780A0BF1900B88425F
:1008D0002ED0B0422CD0B8422AD0404528D048452E
:1008E00026D0504524D0584522D0BF4AA832904245
:1008F0001ED0BE4A90421BD0BC4A1832904217D03C
:10090000BA4A3032904213D0B84A483290420FD09F
:10091000B64A603290420BD0B44A7832904207D047
:10092000B24A9032904203D0B04AA83290420AD1E3
:10093000026822F01E0202602068426922F08002F2
:100940004261256804E0026822F00E020260256818
:10095000206888424DD0B0424BD0B84249D0404583
:1009600047D0484545D0504543D0584541D09E4A90
:10097000A83290423DD09D4A90423AD09B4A1832CC
:10098000904236D0994A3032904232D0974A48321B
:1009900090422ED0954A603290422AD0934A7832C3
:1009A000904226D0914A9032904222D08F4AA8326B
:1009B00090421ED08E4A90421BD08D4A14329042F3
:1009C00017D08B4A2832904213D0894A3C32904249
:1009D0000FD0874A503290420BD0854A6432904201
:1009E00007D0834A7832904203D0814A8C329042B9
:1009F00004D1206E026822F4807202607A49206875
:100A000088422ED0B0422CD0B8422AD0404528D0BF
:100A1000484526D0504524D0584522D07249A831A7
:100A200088421ED0714988421BD0704918318842D3
:100A300017D06E493031884213D06C494831884212
:100A40000FD06A49603188420BD0684978318842BA
:100A500007D066499031884203D06449A831884262
:100A600004D1016821F00101016013E0016821F067
:100A7000010101600EE002F0AFF80099401A05286C
:100A800008D92020343420620320607000202070B8
:100A9000012002E72868C007EDD1534A01212068F0
:100AA00090422ED0B0422CD0B8422AD0404528D017
:100AB000484526D0504524D0584522D04A4BA8332B
:100AC00098421ED0494B98421BD0484B183398424D
:100AD00017D0464B3033984213D0444B483398429A
:100AE0000FD0424B603398420BD0404B7833984242
:100AF00007D03E4B9033984203D03C4BA8339842EA
:100B000008D1A06D94F85C3003F01F053F23AB4083
:100B1000836007E0A06D94F85C3003F01F0301FAD6
:100B200003F34360206890424DD0B0424BD0B842AE
:100B300049D0404547D0484545D0504543D0584519
:100B400041D0294AA83290423DD0284A90423AD01A
:100B5000264A1832904236D0244A3032904232D05F
:100B6000224A483290422ED0204A603290422AD007
:100B70001E4A7832904226D01C4A9032904222D0AF
:100B80001A4AA83290421ED0194A90421BD0184AE5
:100B90001432904217D0164A2832904213D0144A89
:100BA0003C3290420FD0124A503290420BD0104A41
:100BB0006432904207D00E4A7832904203D00C4AF9
:100BC0008C3290420BD1D4E919205060E06E30B1E4
:100BD000026822F480720260D4E91C205060343430
:100BE00061700020207058E610000240100402409E
:100BF000085402582DE9F05F002808D090F835100D
:100C0000022906D0802141650120BDE8F09F012026
:100C1000FBE7A14AA04BA04C18329F4D30339E4EAB
:100C20004834DFF874B26035DFF870C27836DFF828
:100C30006C82DFF868920CF1300CDFF860A208F1EA
:100C40006008016809F17809944F0AF1900A594542
:100C500031D091422FD099422DD0A1422BD0A94220
:100C600029D0B14227D0DFF830E20EF1900E714565
:100C700021D0DFF824E20EF1A80E71451BD0DFF879
:100C80001CE2AEF1180E714515D0B94213D0DFF851
:100C90000CE20EF1180E71450DD061450BD0DFF856
:100CA000FCE10EF1480E714505D0414503D04945A0
:100CB00001D0514537D14FF0040E80F835E0594549
:100CC00027D0914225D0994223D0A14221D0A942D8
:100CD0001FD0B1421DD070489030814219D06E486B
:100CE000A830814215D06D481838814211D0B942E0
:100CF0000FD06A48183081420BD0614509D067484F
:100D00004830814205D0414503D0494501D0514585
:100D100004D1086820F001000860BAE0086820F0FB
:100D200001000860B5E0D1F800E02EF00E0EC1F829
:100D300000E00168DE46594531D091422FD09942FA
:100D40002DD0A1422BD0A94229D0B14227D0DFF823
:100D500048B10BF1900B594521D0DFF83CB10BF1B4
:100D6000A80B59451BD0DFF834B1ABF1180B59452E
:100D700015D0B94213D0DFF824B10BF1180B594547
:100D80000DD061450BD0DFF814B10BF1480B59457C
:100D900005D0414503D0494501D0514506D1D1F890
:100DA00000B02BF0010BC1F800B005E0D1F800B0A5
:100DB0002BF0010BC1F800B001684FF0010B714539
:100DC00046D0914244D0994242D0A14240D0A9425B
:100DD0003ED0B1423CD0304A9032914238D02E4A77
:100DE000A832914234D02D4A183A914230D0B942BB
:100DF0002ED02A4A183291422AD0614528D0274A5B
:100E00004832914224D0414522D0494520D0514515
:100E10001ED0234A91421BD0214A1432914217D04E
:100E20001F4A2832914213D01D4A3C3291420FD0C2
:100E30001B4A503291420BD0194A6432914207D07A
:100E4000174A7832914203D0154A8C32914218D118
:100E5000016E0A6822F480720A60816D90F85C204D
:100E600002F01F020BFA02F24A60D0E91921516028
:100E7000C16E31B10A6822F480720A60D0E91C2187
:100E8000516080F835B0002180F83410016D01B157
:100E900088470020B9E60000100002402804024004
:100EA000085402582DE9FF5F0446002001904FF4DA
:100EB0001651FD480068B0FBF1F00090A56D2E685A
:100EC0002968FA4FDFF8E4B3DFF8E083DFF8DC935A
:100ED0000BF1180BDFF8D4A308F13008206809F1F2
:100EE00048090AF1600AB8423BD05A46904238D0CD
:100EF000404536D0484534D0504532D0EB4A783260
:100F000090422ED0E94A903290422AD0E74AA83245
:100F1000904226D0E64A904223D0E54A18329042C9
:100F20001FD0E34B303398421BD0E14B48339842FB
:100F300017D0DFF87CC30CF1600C604511D0DFF8EE
:100F400070C30CF1780C60450BD0DFF864C30CF172
:100F5000900C604505D0DFF858E30EF1A80E7045FF
:100F60007ED194F85C10082301F01F0103FA01F20E
:100F700032424BD0B84232D0584530D040452ED0C6
:100F800048452CD050452AD0C8497831884226D0CF
:100F9000C6499031884222D0C449A83188421ED027
:100FA000C34988421BD0C2491831884217D0C04972
:100FB0003031884213D0BE49483188420FD0BC49F5
:100FC000603188420BD0BA497831884207D0B8499D
:100FD0009031884203D0B649A831884203D10168D4
:100FE00001F0040102E0016801F0080171B101683B
:100FF00021F00401016094F85C0000F01F0003FA86
:1010000000F2AA60606D40F00100606594F85C0039
:10101000012100F01F008140314240D02068B842D9
:1010200034D0584532D0404530D048452ED0504578
:101030002CD09E4A7832904228D09C4A90329042DE
:1010400024D09A4AA832904220D0994A90421DD08A
:10105000974A1832904219D0954A3032904200E0B7
:10106000D2E113D0924A483290420FD0904A603277
:1010700090420BD08E4A7832904207D08C4A903200
:10108000904203D08A4AA83290427DD1406910F044
:10109000800F04D0A960606D40F00200606594F894
:1010A0005C00042100F01F00814031423ED02068E6
:1010B000B84232D0584530D040452ED048452CD08B
:1010C00050452AD0794A7832904226D0774A9032D9
:1010D000904222D0754AA83290421ED0744A904263
:1010E0001BD0734A1832904217D0714A3032904266
:1010F00013D06F4A483290420FD06D4A603290420E
:101100000BD06B4A7832904207D0694A90329042B5
:1011100003D0674AA83290424ED1006810F0020F07
:1011200004D0A960606D40F00400606594F85C0034
:10113000102100F01F008140314260D02068B84289
:1011400034D0584532D0404530D048452ED0504557
:101150002CD0564A7832904228D0544A903290424D
:1011600024D0524AA832904220D0514A90421DD0F9
:101170004F4A1832904219D04D4A3032904215D021
:101180004B4A4832904200E014E00FD0484A6032A7
:1011900090420BD0464A7832904207D0444A90326F
:1011A000904203D0424AA832904207D1006800F032
:1011B000080006E0006872E70068B7E7006800F022
:1011C000040058B1A9602068016849030CD5006883
:1011D000000304D4216C09B1204688470FE0A16CBC
:1011E00069B1204688470AE00168C90503D401684F
:1011F00021F008010160216C09B12046884794F86C
:101200005C00202100F01F00814031427BD020682B
:10121000B84232D0584530D040452ED048452CD029
:1012200050452AD0214A7832904226D01F4A903227
:10123000904222D01D4AA83290421ED01C4A9042B1
:101240001BD01B4A1832904217D0194A30329042B4
:1012500013D0174A483290420FD0154A603290425C
:101260000BD0134A7832904207D0114A9032904204
:1012700003D00F4AA832904203D1006800F010005A
:1012800002E0006800F00200E8B3A96094F83500BD
:10129000042812D02068016849033DD50068000386
:1012A00035D4616C79B305E01000002410000240D1
:1012B00010040240204688473FE02068016821F082
:1012C000160101602068416921F080014161206CB4
:1012D00008B9A06C20B12068016821F00801016004
:1012E00094F85C0000F01F013F208840A8600120B6
:1012F00084F83500002084F83400216D002974D072
:1013000004B0204600E018E0BDE8F05F0847E16B5C
:1013100099B12046884710E00168C90509D40168E1
:1013200021F010010160012084F83500002084F8CC
:101330003400E16B09B120468847606D002854D025
:10134000606DC00758D0042084F835002068B8428A
:1013500031D058452FD040452DD048452BD0504551
:1013600029D0B749884226D0B5491831884222D0C1
:10137000B349303188421ED0B24988421BD0B149AE
:101380001831884217D0AF493031884213D0AD4967
:10139000483188420FD0AB49603188420BD0A9490F
:1013A0007831884207D0A7499031884203D0A549B7
:1013B000A831884204D1016821F00101016003E0F5
:1013C000016821F00101016021680198009A401C28
:1013D0000190904202D80868C007F6D10868C0079B
:1013E00004D0032084F8350003E087E0012084F86E
:1013F0003500002084F83400E16C00297ED004B070
:101400002046BDE8F05F08478F4EB0421BD08E4E9D
:101410001436B04217D08C4E2836B04213D08A4EC4
:101420003C36B0420FD0884E5036B0420BD0864E7C
:101430006436B04207D0844E7836B04203D0824E34
:101440008C36B0425AD106684FF0040E94F85CB066
:101450000BF01F0B0EFA0BFE1EEA010FCDF80CE08D
:101460005ED05FEA467E5BD503986860300411D594
:10147000F00307D4A16C002940D004B02046BDE899
:10148000F05F0847216C002938D004B02046BDE841
:10149000F05F0847B0063BD42068B8422DD06849B9
:1014A0006039884229D0404527D0484525D050454D
:1014B00023D06349884220D06149183188421CD02A
:1014C0005F493031884218D05E49884215D0904239
:1014D00013D05C49303188420FD098420DD0594921
:1014E0006031884209D057497831884205D060453B
:1014F00003D05449A831884206D100E07CE001685D
:1015000021F00801016003E0016821F0040101609D
:10151000216C002970D004B02046BDE8F05F084778
:101520004FF0020E0EFA0BFE1EEA010FCDF808E096
:1015300063D05FEA867E60D502986860300411D57A
:10154000F00307D4616C002978D004B02046BDE8D0
:10155000F05F0847E16B002970D004B02046BDE879
:10156000F05F0847B0063FD42068B8422DD0344918
:101570006039884229D0404527D0484525D050457C
:1015800023D02F49884220D02D49183188421CD0C1
:101590002B493031884218D02A49884215D09042D0
:1015A00013D02849303188420FD098420DD02549B8
:1015B0006031884209D023497831884205D060459E
:1015C00003D02049A831884204D1016821F01401D8
:1015D000016003E0016821F00A010160012084F844
:1015E0003500002084F83400E16B002926D004B0D7
:1015F0002046BDE8F05F084720E0082202FA0BF21F
:101600000A421BD0310719D5016821F00E01016093
:1016100094F85C0000F01F01012000FA01F16960FC
:10162000606584F83500002084F83400E16C0029FE
:1016300004D004B02046BDE8F05F0847BDE8FF9F36
:101640008800024010040240085402582DE9F05F5F
:10165000044601F0C1FA0646002C7DD0F24F02226A
:10166000DFF8C4830025DFF8C093DFF8BCA308F1DE
:101670003008DFF8B4B309F1480920680AF1600ABC
:101680000BF1780BB84232D0E749183188422ED09E
:1016900040452CD048452AD0504528D0584526D022
:1016A000E1499031884222D0DF49A83188421ED0DA
:1016B000DE4988421BD0DD491831884217D0DB490A
:1016C0003031884213D0D949483188420FD0D749A8
:1016D000603188420BD0D5497831884207D0D34950
:1016E0009031884203D0D149A83188427ED184F814
:1016F000352084F83450B84234D0CB491831884270
:1017000030D040452ED048452CD050452AD05845A1
:1017100028D0C5499031884224D0C349A831884295
:1017200020D0C24988421DD0C0491831884219D002
:10173000BE493031884215D0BC494831884211D069
:10174000BA49603188420DD0B8497831884209D011
:10175000B6499031884200E009E003D0B349A8318E
:10176000884207D1016821F00101016013E00120E6
:10177000BDE8F09F016821F0010101600BE001F07C
:101780002BFA801B052806D920206065032084F8E9
:1017900035000120ECE720680068C007EFD122681F
:1017A0001168A3480140D4E902031843D4E9043680
:1017B00033431843A3691843E3691843236A184362
:1017C0000843616A042903D1D4E90B131943084380
:1017D0006168A1F12903052B0DD9163B032B0AD90A
:1017E000083B012B07D9083B032B00E02AE002D974
:1017F0007439032901D840F48010106020684069D2
:1018000020F00701606A40EA010604280DD1A06AB1
:101810000643E06A48B1204608F07AF928B1402032
:101820006065012084F83500A2E720684661204603
:1018300008F0AAF994F85C1001F01F023F219140D2
:10184000816066E07B4988421BD07A4B1433984212
:1018500017D0784B2833984213D0764B3C339842BC
:101860000FD0744B503398420BD0724B6433984274
:1018700007D0704B7833984203D06E4B8C3398422C
:101880007ED1884211D06B49143188420DD069490C
:101890002831884209D067493C31884205D06549E2
:1018A0005031884201D06349643184F8352084F88E
:1018B0003450026860490A40A16840297ED08029DE
:1018C0007DD00021E36841EAD301236941EAD301D5
:1018D000636941EAD301A36941EAD301E36941EABB
:1018E000D301236A41EA1311114301605149206871
:1018F000494208441421B0FBF1F08000E065204625
:1019000008F042F994F85C1001F01F0201219140A7
:1019100041602068B84256D043491831884252D0BD
:10192000404550D048454ED050454CD058454AD0FF
:101930003D499031884246D03B49A831884242D047
:101940003A4988423FD03949183188423BD037491B
:101950003031884237D035494831884233D0334915
:10196000603188422FD03149783188422BD02F49BD
:101970009031884227D02D49A831884223D000E0F9
:101980002DE02C4988421ED02A49143188421AD0B1
:1019900028492831884216D026493C31884212D045
:1019A0002449503188420ED02249643188420AD0FD
:1019B00020497831884206D01E4901E00AE00BE058
:1019C0008C31884229D1204608F03EF9A068802851
:1019D0000CD00CE0102175E74FF4804172E74020F5
:1019E0006065032084F835000120C1E66560216E42
:1019F00020790860D4E9191048606068401E072803
:101A000008D8204608F070F9E06E0560D4E91C1093
:101A1000486002E0E566256765676565012084F832
:101A200035000020A4E6000010000240100402402F
:101A30003F8010FE085402580F00FEFF2DE9F84FBA
:101A4000044600200090002C15D094F834000128A2
:101A500013D0012084F8340094F835500020012D73
:101A60000DD04FF40061616584F8340001200090CE
:101A70000098BDE8F88F0120FBE70220F9E7022576
:101A800084F835506065A54DA44EA44F1835DFF895
:101A90008CC23036DFF884824837DFF88092DFF876
:101AA0007CA208F16008DFF874B209F178092068B7
:101AB0000AF1900A0BF1A80B60453BD0A84239D03F
:101AC000B04237D0B84235D0404533D0484531D008
:101AD00050452FD058452DD0DFF844C2604529D05D
:101AE000DFF83CC20CF1180C604523D0DFF830C29F
:101AF0000CF1300C60451DD0DFF824C20CF1480C0D
:101B0000604517D0DFF818C20CF1600C604511D0A9
:101B1000DFF80CC20CF1780C60450BD0DFF800C286
:101B20000CF1900C604505D0DFF8F4C10CF1A80C65
:101B3000604506D1D0F800C02CF0010CC0F800C000
:101B400005E0D0F800C02CF0010CC0F800C0204621
:101B500007F0C0FE7149206888422CD0A8422AD0E4
:101B6000B04228D0B84226D0404524D0484522D0A3
:101B7000504520D058451ED0694A90421BD0684A33
:101B80001832904217D0664A3032904213D0644ADD
:101B9000483290420FD0624A603290420BD0604A85
:101BA0007832904207D05E4A9032904203D05C4A2D
:101BB000A83290420DD1026822F01E0242F01602B5
:101BC0000260206C90B12068026842F00802026056
:101BD0000CE0026822F00E0242F00A020260206C61
:101BE00020B12068026842F0040202602068884246
:101BF0004BD0A84249D0B04247D0B84245D040452A
:101C000043D0484541D050453FD058453DD0444A47
:101C100090423AD0424A1832904236D0404A30324E
:101C2000904232D03E4A483290422ED03C4A6032F6
:101C300090422AD03A4A7832904226D0384A90329E
:101C4000904222D0364AA83290421ED0354A904265
:101C50001BD0344A1432904217D0324A2832904274
:101C600013D0304A3C3290420FD02E4A503290422C
:101C70000BD02C4A6432904207D02A4A78329042E4
:101C800003D0284A8C3290420DD1206E0268D203D4
:101C900003D5026842F480720260E06E18B10268F7
:101CA00042F480720260206888422CD0A8422AD078
:101CB000B04228D0B84226D0404524D0484522D052
:101CC000504520D058451ED0154988421BD0144994
:101CD0001831884217D012493031884213D0104948
:101CE000483188420FD00E49603188420BD00C49F0
:101CF0007831884207D00A499031884203D0084998
:101D0000A831884204D1016841F001010160AFE6C9
:101D1000016841F001010160AAE6000010000240E4
:101D2000100402400854025810B590F89830012B66
:101D300008D0022B06D050F89C1F41F00201016030
:101D4000012010BD03689C6D0C4204D1DC6D44F091
:101D50000104DC6505E09C6D31EA04041CD0032419
:101D6000DC658B0504D5036853F8E04F14431C6011
:101D70004B0504D5036853F8E44F14431C60006816
:101D8000426D084B0B401A4342650748026842EA1D
:101D900091710160002010BDDC6D44F00204DC652F
:101DA000DFE70000FFFFCF3F14A8004070B50446F6
:101DB00094F89800022806D054F89C0F40F00800D0
:101DC0002060012070BD2068D0F8C03013F07C5F27
:101DD0000AD0D0F8C4309B020DD554F89C0F40F4C3
:101DE00000702060012070BD54F89C0F40F020006E
:101DF0002060012070BDD0F8C400C0F30445204627
:101E00002B4608F0F9F921680120A840C1F8D0005C
:101E1000C4F89400002070BD704710B590F8982069
:101E2000012A08D0022A06D050F89C1F41F0020176
:101E30000160012010BDCA680B688BB1072A0B69CD
:101E400043EA42732BD00C7A4A6942EA84724968A9
:101E5000006F00EBC100036042604FF0000010BD56
:101E6000072A10D00C7A4FEAC2624B6943EA8473A6
:101E70000C8A42EA044243EA02034968C06E00EB5E
:101E800081000360E9E70B8A4FF060548A6942EAF7
:101E90000343CA6944EA022243EA0203EDE78A697E
:101EA000D5E730B5039C90F89850012D06D050F836
:101EB0009C1F41F004010160012030BD0068090150
:101EC00041EA820141EA43012143C0F88010002029
:101ED00030BD704770470000F0B5002490F898506E
:101EE000022D06D050F89C1F41F00801016001202E
:101EF000F0BD40290BD0412936D0056D8D4260D808
:101F000050F89C1F41F0200101600120F0BD0568E0
:101F1000D5F8A06016F4FE0F18D0D5F8A4607606A8
:101F20001BD0D5F8A460F60105D5D5F8A06016F051
:101F3000004F00D50124D5F8A450C5F305252C4445
:101F4000456C466F654306EB85063FE050F89C1FE5
:101F500041F0200101600120F0BD50F89C1F41F4C8
:101F6000807101600120F0BD0568D5F8B06016F4FD
:101F7000FE0F18D0D5F8B46076061BD0D5F8B46043
:101F8000F60105D5D5F8B06016F0004F00D5012454
:101F9000D5F8B450C5F305252C44C56C866F654350
:101FA00006EB850612E050F89C1F41F0200101600D
:101FB0000120F0BD50F89C1F41F4807101600120A8
:101FC000F0BD456DC66F4D4306EB8506356805F0DF
:101FD000804555602DB3356825F06045156035683E
:101FE00005F000559560356805F000451561B58828
:101FF000ADB2D5617568C5F30345D560756805F464
:1020000080155561756805F4001595617568C5F30F
:102010000665156275680836ED0F55620025174F85
:1020200009E03568C5F38A451560D8E716F805C09C
:1020300003F805C06D1CD2F80CC017F80CC0AC45F5
:10204000F4D8402909D041290BD0012220290CD2F3
:1020500000688A40C0F898200DE00068C0F8A840E9
:1020600009E00068C0F8B84005E0006801F01F0111
:102070008A40C0F89C200020F0BD000028B700086E
:10208000704700002DE9FE4F0446B64F38688007C0
:10209000391D096800EA817002902068016D01F421
:1020A0007041D0F854A00AEA010A016D01F00F0155
:1020B000D0F854B00BEA010B016D01F0F001426D54
:1020C0000A400192016D01F07151D0F8548008EA84
:1020D0000108016D01F06071426D0A400092416D8E
:1020E000056D4FF00009CE43F10509D4E943C90558
:1020F00006D4B9150165C7F800902046FFF7C0FF68
:10210000700510D4E84340050DD42068D0F8DC20D9
:10211000D0F8E41011404FF480620265C7F80090D7
:10212000204600F0C7FB029858B18F49029808403A
:10213000216808650298800F386002992046FFF7F1
:102140006BFEBAF1000F0BD0216887480AEA000045
:1021500008654FEA9A7038605146204600F0ACFBA3
:10216000BBF1000F0BD021687F480BEA0000086527
:102170004FEA9B7038605946204600F0FDFA0198FE
:1021800058B1794901980840216808650198800F85
:1021900038600199204600F02FFB30050BD4E8434E
:1021A000000508D421684FF400600865C7F8009066
:1021B000204600F082FBB00510D4E84380050DD422
:1021C0002068D0F8D820D0F8E01011404FF4007209
:1021D0000265C7F80090204600F06DFB30030BD479
:1021E000E843000308D421684FF400200865C7F8CD
:1021F0000090204600F0BEFAF0030BD4E843C00381
:1022000008D421684FF480300865C7F80090204654
:1022100000F04FFB70030BD4E843400308D421685F
:102220004FF480200865C7F80090204600F040FB7E
:10223000B0030ED4E84380030BD421684FF4003080
:102240000865C7F80090D4F89C0040F08000C4F8FE
:102250009C00009858B144490098084021680865DE
:102260000098800F386000992046FFF733FEB8F1E0
:10227000000F0DD021683C4808EA000008654FEACD
:1022800098703860D4F89C0040EA0800C4F89C00BC
:102290003649206888425BD160688168890757D0D9
:1022A000016A01F00F02416A1140026A02F0300235
:1022B000476A1740026A02F4C072D0F8248008EA24
:1022C0000208026A02F4FC42456A1540026A02F4FE
:1022D000F022466A1640D0F82490D0F820A019B118
:1022E0000162204600F0E1FA2FB1606807623946CA
:1022F000204600F0DCFA6FEA090040060ED46FEACF
:102300000A0040060AD46068C16B090CC26B02F077
:102310003F0240230362204600F0C8FAB8F1000FE4
:1023200006D06068C0F820804146204600F0BCFA24
:1023300035B160680562D4F89C002843C4F89C005D
:1023400036B160680662D4F89C003043C4F89C0043
:10235000D4F89C00002802D02046FFF7BAFDBDE863
:10236000FE8F000010A80040FFFFCF3F00A00040FC
:102370002DE9F04393B004464C2295496846FEF798
:10238000F3F86CB1934F2068B84202D100F5807029
:1023900060604FF4407994F89800002620B108E07E
:1023A000012013B0BDE8F08384F89960204600F066
:1023B00013F92068816921F01001816100F00CFCA3
:1023C00005464FF003080DE000F006FC401B0A280C
:1023D00008D954F89C0F40F00100206004F8048CE8
:1023E0000120DEE7206880690007EDD4206881695C
:1023F00041F00101816100F0EFFB05460DE000F0C6
:10240000EBFB401B0A2808D954F89C0F40F0010050
:10241000206004F8048C0120C3E720688069C007AD
:10242000EDD02068816941F002018161207C0128A2
:1024300039D02068816941F040018161607C0128C8
:1024400037D02068816921F480418161A07C012816
:1024500035D02068816941F48051816120688169AB
:10246000A26821F44071114381612068816921F0E3
:10247000A40181612068016921F010010161E06817
:10248000012822D030B302282BD02068816941F086
:10249000800181612068016941F010010161E068FB
:1024A000032818D022E02068816921F04001816171
:1024B000C4E72068816941F480418161C6E72068F2
:1024C000816921F480518161C8E72068816941F008
:1024D000040181610AE02068816941F02001816185
:1024E00004E02068816941F020018161207E401E66
:1024F0004106E069401E41EA0020216A491E084366
:10250000A18A491E40EA01402168C861A068484587
:102510000FD1E16AA06A491E401E40EA0121206BEA
:10252000401E41EA0011A08C401E41EA0040216893
:10253000C860206E28B1206850F8C01F626E114339
:102540000160D4E91701C842694609D0206850F8F3
:10255000C82FA36E22F0070251F823301A430260FD
:10256000206C48B1206850F8BC2F636C22F0070241
:1025700051F823301A430260A06C50B1206850F823
:10258000BC2FE36C22F0700251F8233042EA0312B0
:102590000260206D50B1206850F8BC2F636D22F4AA
:1025A000E06251F8231042EA012101602068B8423C
:1025B00004D16068816821F00301816044F8946F60
:1025C000A66001202071943C204607F04FFEE8E60B
:1025D00038B7000800A000402DE9F047B6B0044627
:1025E000142130A8FDF7F2FFB82102A8FDF7EEFF95
:1025F0005B4D0026584A4FF0805021680C3D574FE4
:102600004FF00208564C9142DFF858A14FF00909EB
:1026100036D142130021CDE902211D9002A800F01D
:1026200089FD08B1FEF71AF93868401C38600128A6
:1026300007D1206840F480702060206800F480702A
:102640000190286840F008002860286800F0080021
:10265000019003203090CDF8C48032963396CDF8A7
:10266000D09030A9504600F09FF900221320114667
:1026700000F030FB132000F01FFB36B0BDE8F08700
:10268000394A914235D100214FF40042CDE902216F
:102690001D9002A800F04EFD08B1FEF7DFF8386883
:1026A000401C3860012807D1206840F48070206009
:1026B000206800F480700190286840F002002860D3
:1026C000286800F00200019060203090CDF8C480AE
:1026D00032963396CDF8D09030A9244800F064F9B2
:1026E00000221420114600F0F5FA142000F0E4FA5C
:1026F000C3E71F4A9142C0D100214FF40042CDE907
:1027000002211D9002A800F015FD08B1FEF7A6F801
:102710003868401C3860012807D1206840F4807078
:102720002060206800F480700190286840F0080064
:102730002860286800F0080001904FF44050309065
:10274000CDF8C480329633960520349030A9504697
:1027500000F02AF991E7000000A0004000000024EA
:10276000EC440258000C025800A400400004025837
:1027700000D400407047000010B51B4A0168914228
:102780000DD11A4B4021A3F12C04221DFFF7A4FB0D
:10279000616B002927D0201DBDE810400847144A6E
:1027A00091420ED1114B40213833A3F12C04221D4C
:1027B000FFF792FB616B002915D0201DBDE810408A
:1027C00008470C4A91420ED1084B40217033A3F1C7
:1027D0002C04221DFFF780FB616B002903D0201D14
:1027E000BDE81040084710BD00A000407C0900244F
:1027F00000A4004000D4004010B51B4A016891427B
:102800000DD11A4B4121A3F12C04221DFFF764FBCB
:10281000616B002927D0201DBDE810400847144AED
:1028200091420ED1114B41213833A3F12C04221DCA
:10283000FFF752FB616B002915D0201DBDE8104049
:1028400008470C4A91420ED1084B41217033A3F145
:102850002C04221DFFF740FB616B002903D0201DD3
:10286000BDE81040084710BD00A000407C090024CE
:1028700000A4004000D4004090F89810012906D030
:1028800050F89C1F41F004010160012070470221B3
:1028900080F8981001688A6922F001028A6100219B
:1028A000C0F89C1000207047704770477047704711
:1028B000704770477047704770477047012828D0AD
:1028C00002282AD004282CD008282ED0102830D056
:1028D000202832D0402834D0802836D0B0F5807FF0
:1028E00037D0B0F5007F38D0B0F5806F39D0B0F573
:1028F000006F3AD0B0F5805F3BD0B0F5005F3CD0C0
:10290000B0F5804F3DD0B0F5004F3ED11F48406834
:1029100000471E487838406800471C4870384068B7
:1029200000471A48683840680047184860384068CF
:1029300000471648583840680047144850384068E7
:1029400000471248483840680047104840384068FF
:1029500000470E483838406800470C483038406817
:1029600000470A482838406800470848203840682F
:102970000047064818384068004704481038406847
:102980000047024808384068004770478801002423
:1029900010B54FF0B041D1F88820024203D0C1F801
:1029A0008800FFF78BFF10BD2DE9F84F0022784D0E
:1029B00003264FF001080F274FF0B04CE1E008FA72
:1029C00002F31C409A46002C7ED00B7903F00303DF
:1029D000012B01D0022B1BD1D0F80890530006FA2E
:1029E00003FB29EA0B09D1F80CB00BFA03FB4BEA05
:1029F000090BC0F808B0436823EA0A0391F8049071
:102A0000C9F3001909FA02F949EA0309C0F8049068
:102A10000B79DB439B070ED0D0F80C90530006FADD
:102A200003FA29EA0A09D1F808A00AFA03FA4AEADD
:102A3000090AC0F80CA00B7903F00303022B14D190
:102A4000D30800EB8303D3F820A04FEA42794FEA82
:102A5000D96907FA09FB2AEA0B0AD1F810B00BFA78
:102A600009FB4BEA0A0BC3F820B0D0F800905300E2
:102A700006FA03FA29EA0A0991F804A00AF0030AFF
:102A80000AFA03FA4AEA090AC0F800A04B6813F4EC
:102A9000403F75D03F4BD3F8009049F00209C3F88E
:102AA00000901B6803F00203009322F0030909F170
:102AB000B049D9F808B493074FEA137A07FA0AF332
:102AC0002BEA030B344B00E05AE0984201D100237B
:102AD00028E0324B984201D1012323E0304B984249
:102AE00001D102231EE02F4B984201D1032319E0AC
:102AF0002D4B984201D1042314E02C4B984201D174
:102B000005230FE02A4B984201D106230AE0294B06
:102B1000984201D1072305E0274B984201D10923B0
:102B200000E00A2303FA0AF343EA0B03C9F8083466
:102B3000DCF80030A343D1F804905FEAC92900D53E
:102B40002343CCF80030DCF80430A343D1F80490E0
:102B50005FEA892900D52343CCF804306B68A3438E
:102B6000D1F804905FEA893900D523436B602B6864
:102B7000A343D1F804905FEAC93900D523432B6001
:102B8000521C0C6834FA02F37FF419AFBDE8F88FD9
:102B900080000058F4440258000002580004025813
:102BA00000080258000C0258001002580014025885
:102BB00000180258001C02580024025800690842FC
:102BC00001D00120704700207047002A01D08161A8
:102BD00070470904816170470148806870470000B0
:102BE0000400002402488168027811448160704723
:102BF0000400002410B5032000F08CF801F0E6F882
:102C00000F490A68C2F303230E4AD35C03F01F0383
:102C1000D840096801F00F01515C0B4A01F01F0117
:102C200020FA01F11160094908600F2000F010F846
:102C300008B1012010BD00F031F8002010BD0000E7
:102C400018440258ACB700081400002410000024F7
:102C500070B504460F4D2A78002A0CD04FF47A70D4
:102C60000D49B0FBF2F00968B1FBF0F001F074FC23
:102C700018B1012070BD012070BD102C07D20022B8
:102C80002146501E00F026F86C60002070BD012027
:102C900070BD0000040000241000002408B50548A1
:102CA000016841F002010160006800F0020000903C
:102CB00008BD0000F4440258002809DB012100F09F
:102CC0001F0291404009800000F1E020C0F800118F
:102CD00070470000F0B40D460D4B1B68C3F3022390
:102CE000C3F10704042C00D90424191D072901D2BB
:102CF000002300E0DB1E012606FA04F1491E2940EC
:102D000099409E40761E16403143F0BC07F086BBCA
:102D10000CED00E000F00701054A10684FF6FF03D4
:102D2000184040EA01200349084310607047000042
:102D30000CED00E00000FA0570B514490A68D243B2
:102D4000520708D5096801F00701814201D001202E
:102D500070BD002070BD0A6822F0070202430A60BD
:102D6000FFF73AFF0446094D4FF47A76083D06E036
:102D7000FFF732FF001BB04201D9012070BD286867
:102D8000C0438004F4D4002070BD00000C480258F9
:102D900010B500F0D5FF05490968054AC1F30211D5
:102DA000515C01F01F01C84010BD000020440258D2
:102DB000ACB7000810B569490A6802F00302096857
:102DC000C1F30531654B1B1D1B68C3F30013634C36
:102DD00014342468C4F3CC0414FB03F300EE103A5B
:102DE000B8EE400A002971D09FED5D1A5B4BF7EEFB
:102DF000000A1033F2B39FED5B2A012A7FD0022A2A
:102E00007CD001EE901A1968F8EE611AC2EE212A00
:102E1000C1F3080101EE901AF8EE611A40EE011AB2
:102E200031EEA00A22EE800A1968C1F3462101EEB4
:102E3000101AB8EE411A31EE201AC0EE011ABCEE9B
:102E4000E11A80ED001A1968C1F3064101EE101A6B
:102E5000B8EE411A31EE201AC0EE011ABCEEE11AAA
:102E600080ED011A1968C1F3066101EE101AB8EE7F
:102E7000411A00E008E071EE200A80EE201ABCEE54
:102E8000C10A80ED020A10BD344A283A1468A4062B
:102E90001ED51268C2F3C104334AE24001EE902A03
:102EA000F8EE612A01EE901A1968F8EE611A82EEC6
:102EB000A12AC1F3080101EE901AF8EE611A40EE62
:102EC000011A31EEA00A22EE000AADE741E016E059
:102ED00001EE901ADFED252A1968F8EE611A82EEEC
:102EE000A12AC1F3080101EE901AF8EE611A40EE32
:102EF000011A31EEA00A22EE000A95E713E001EE76
:102F0000901A1968F8EE611AC2EE212AC1F308017D
:102F100001EE901AF8EE611A40EE011A31EEA00AA5
:102F200022EE800A80E701EE901ADFED112A19687F
:102F3000F8EE611A82EEA12AC1F3080101EE901A9F
:102F4000F8EE611A40EE011A31EEA00A22EE000AF4
:102F50006AE7002101604160816010BD2844025889
:102F6000000000390024744A0090D0030024744CFF
:102F7000001BB74B10B569490A6802F003020968E3
:102F8000C1F30551654B1B1D1B68C3F30023634C44
:102F90001C342468C4F3CC0414FB03F300EE103A91
:102FA000B8EE400A002971D09FED5D1A5B4BF7EE39
:102FB000000A1833F2B39FED5B2A012A7FD0022A60
:102FC0007CD001EE901A1968F8EE611AC2EE212A3F
:102FD000C1F3080101EE901AF8EE611A40EE011AF1
:102FE00031EEA00A22EE800A1968C1F3462101EEF3
:102FF000101AB8EE411A31EE201AC0EE011ABCEEDA
:10300000E11A80ED001A1968C1F3064101EE101AA9
:10301000B8EE411A31EE201AC0EE011ABCEEE11AE8
:1030200080ED011A1968C1F3066101EE101AB8EEBD
:10303000411A00E008E071EE200A80EE201ABCEE92
:10304000C10A80ED020A10BD344A283A1468A40669
:103050001ED51268C2F3C104334AE24001EE902A41
:10306000F8EE612A01EE901A1968F8EE611A82EE04
:10307000A12AC1F3080101EE901AF8EE611A40EEA0
:10308000011A31EEA00A22EE000AADE741E016E097
:1030900001EE901ADFED252A1968F8EE611A82EE2A
:1030A000A12AC1F3080101EE901AF8EE611A40EE70
:1030B000011A31EEA00A22EE000A95E713E001EEB4
:1030C000901A1968F8EE611AC2EE212AC1F30801BC
:1030D00001EE901AF8EE611A40EE011A31EEA00AE4
:1030E00022EE800A80E701EE901ADFED112A1968BE
:1030F000F8EE611A82EEA12AC1F3080101EE901ADE
:10310000F8EE611A40EE011A31EEA00A22EE000A32
:103110006AE7002101604160816010BD28440258C7
:10312000000000390024744A0090D0030024744C3D
:10313000001BB74B2DE9FC5F044600250026F94F24
:103140002068DFF8E493C043010104F10800019016
:1031500004F1280000900DD4606EB8B1B0F5801F66
:1031600019D0B0F5001F1CD0B0F5401F00D00125CC
:10317000EDB12E462088C043C00535D4A06D05288A
:103180002FD2DFE800F01D22282F2F00386840F4EE
:1031900000303860ECE70198022107F04FF905464E
:1031A000E6E70098022107F0DBF90546E0E7D9F8E9
:1031B0000000616E20F440100843C9F80000D9E710
:1031C000386840F4003038600CE00198002107F0C6
:1031D00035F9054606E00098002107F0C1F90546DB
:1031E00000E00125A5B12E462088DFF84083C043CA
:1031F00040051FD4D4F8A400B0F5C00F18D010DCDF
:1032000050B3B0F5001F2CD0B0F5800F0FD12EE0D9
:10321000D9F80000A16D20F007000843C9F80000AC
:10322000E2E7B0F5000F03D0B0F5200F00D0012584
:103230001DB32E462088C043000531D4D4F8A80021
:10324000B0F1407F2AD022DCF0B3B0F1807F4BD0C8
:10325000B0F1007F21D14DE0386840F40030386093
:10326000E6E70198002107F0E9F80546E0E7009855
:10327000002107F075F90546DAE7D8F80000D4F820
:10328000A41020F460000843C8F80000D2E7B0F1B1
:10329000806F03D0B0F1A06F00D0012585B32E461A
:1032A0002068C04380010AD4E06C30B1102832D0CD
:1032B000202836D0302800D001258DB32E46208816
:1032C000C043C00446D400E009E0E06DB0F5005F03
:1032D0005CD036DCA0B3B0F5805F38D150E0386800
:1032E00040F400303860D9E70198002107F0A6F8D3
:1032F0000546D3E70098002107F032F90546CDE7EF
:10330000FFE7D8F80000D4F8A81020F0E0600843E8
:10331000C8F80000C4E7386840F400303860CCE7F3
:1033200005E00198022107F089F80546C5E77E48C7
:10333000001F0168E26C21F0300111430160BEE71B
:1033400019E0B0F5405F03D0B0F5804F00D0012503
:1033500015B32E462088C04380042FD4206EB0F5CC
:10336000403F29D021DC38B3B0F5803F38D0B0F5EC
:10337000003F20D13AE0386840F400303860E7E799
:103380000198002107F05AF80546E1E7009800216E
:1033900007F0E6F80546DBE7D9F80000E16D20F418
:1033A000E0400843C9F80000D4E7B0F5802F03D00F
:1033B000B0F5A02F00D00125F5B12E462088C043DE
:1033C00040042BD4D4F8AC00B0F1405F24D01CDC16
:1033D00010B3B0F1805F4FD0B0F1005F1BD152E06D
:1033E0000198012107F02AF80546E5E70098012138
:1033F00007F0B6F80546DFE7D9F80000216E20F4A3
:10340000E0200843C9F80000D8E7B0F1804F03D0AE
:10341000B0F1A04F00D00125A5B32E462088C043AF
:1034200000040AD4E06E30B1B0F1805F3DD0B0F15D
:10343000005F3FD00125B5B32E462068C043C001D0
:103440000AD4A06C30B1012843D0022846D003280A
:1034500000D0012545B32E462068C04340025AD40F
:10346000DFF8CCB0DBF8000040F48070CBF800004F
:10347000FFF7B2FB824648E00198012106F0DEFF2B
:103480000546C9E705E00098012107F069F80546FF
:10349000C2E7D8F80000D4F8AC1020F0E0400843B0
:1034A000C8F80000BAE70BE01EE0386840F40030CE
:1034B0003860C0E70198012106F0C0FF0546BAE771
:1034C000D9F80000E16E20F040500843C9F8000030
:1034D000B3E7386840F400303860BBE70198022158
:1034E00006F0ACFF0546B5E70F48001F0168A26C67
:1034F00021F0030111430160AEE7FFF76DFBA0EB84
:103500000A00642801D9032503E0DBF80000C005A8
:10351000F3D58DB12E462078DFF818A0C043C00740
:1035200063D073E02C440258504402585844025867
:103530000048025854440258DFF850B4DBF8000049
:10354000B4F8B01000F4407001F44071884211D01A
:10355000DBF8000020F44070DBF8001041F480310B
:10356000CBF80010DBF8001021F48031CBF800100C
:10357000CBF80000D4F8B000B0F5807F11D1FFF790
:103580002BFB824609E0FFF727FBA0EB0A0141F283
:103590008830814201D9032503E0DBF80000800771
:1035A000F1D50DB12E46B6E7D4F8B000C0F3012135
:1035B00003290FD0F5486038016821F47C5101607F
:1035C000DBF80000B4F8B010C1F30B010843CBF8EE
:1035D0000000A0E7ED4960390A68ED4B22F47C5207
:1035E000184042EA10100860EAE7A06F18280BD0D4
:1035F00005DC48B1082815D0102804D118E020288F
:1036000002D0282800D00125C5B12E462078C0431D
:1036100080072BD4606F062825D2DFE800F025183C
:103620001E2525250198012106F008FF0546EBE738
:103630000098012106F094FF0546E5E7DAF800005E
:10364000A16F20F038000843CAF80000DEE70198B7
:10365000012106F0F3FE054606E00098012106F080
:103660007FFF054600E001256DB12E462078C0435E
:10367000400720D4D4F89000062819D2DFE800F0E3
:10368000190C12191919DAF80000616F20F00700FF
:103690000843CAF80000E9E70198012106F0CEFED0
:1036A000054606E00098012106F05AFF054600E0B5
:1036B000012595B12E462078C043800620D4D4F849
:1036C0008C00B0F1405F19D011DCB8B1B0F1805F6F
:1036D00028D0B0F1005F10D12AE0D8F80000D4F86B
:1036E000901020F007000843C8F80000E3E7B0F1AD
:1036F000804F03D0B0F1A04F00D00125F5B12E4688
:103700002078C04340062CD4D4F89800B0F5406F20
:1037100025D01DDC18B3B0F5806F34D0B0F5006F44
:103720001CD136E00198002106F088FE0546E5E749
:103730000098022106F014FF0546DFE7DAF80000E2
:10374000D4F88C1020F0E0400843CAF80000D7E716
:10375000B0F5805F03D0B0F5A05F00D00125F5B1D2
:103760002E462078C04300062CD4D4F89C00B0F537
:10377000C04F25D01DDC18B3B0F5005F2CD0B0F5DC
:10378000804F1CD12EE00198002106F057FE05461F
:10379000E5E70098022106F0E3FE0546DFE7D8F8EA
:1037A0000000D4F8981020F4E0500843C8F8000056
:1037B000D7E7B0F5004F03D0B0F5204F00D001257A
:1037C000B5B12E462078C04300072AD4D4F8800033
:1037D000B0F5805F16D01BE00198002106F02EFEA8
:1037E0000546EDE70098022106F0BAFE0546E7E738
:1037F000D8F80000D4F89C1020F460400843C8F8C2
:103800000000DFE70098022106F0AAFE00B10126C1
:10381000DAF80000D4F8801020F440500843CAF8C9
:1038200000002078C043C00613D4D4F89400B0F54B
:10383000807F05D10098022106F092FE00B101269A
:10384000D8F80000D4F8941020F440700843C8F869
:1038500000002068C04300030BD4D4F8A000E8B3F4
:10386000B0F5803F7DD0B0F5003F00D00125B5B365
:103870002E462068C04340030DD4D4F88400B0F530
:10388000801F70D0B0F5001F6ED0B0F5401F00D083
:1038900001252DB32E462068C043C00307D4206DF8
:1038A000F0B3B0F5803F75D00125D5B32E46206822
:1038B000C043800005D40098022106F051FE00B1FB
:1038C00001262068C043800311D4E06F68B1B0F5D1
:1038D000807F76D0B0F5007F07D002E05BE066E045
:1038E0007BE0B0F5407F00D00125DDB32E46206897
:1038F000C043C00207D4D9F80000216F20F0004077
:103900000843C9F800002068C043800207D4D9F8F2
:103910000000A16E20F080700843C9F8000001E0AB
:1039200065E06FE02068C04340000AD41748603863
:10393000016821F4004101600168D4F8B42011430A
:1039400001602068C04307D4104824380168626DC4
:1039500021F04051114301602068C04300020DD4A2
:1039600003E01EE05BE02DE031E0DAF80000D4F87F
:10397000881020F440000843CAF800002079002590
:10398000C04300F00100284352D057E07044025871
:10399000FFFCFF0F30E00198002106F04FFD0546C7
:1039A00065E70098022106F0DBFD05465FE7D8F8E1
:1039B0000000D4F8A01020F440300843C8F80000FC
:1039C00057E727E0386840F40030386061E7009836
:1039D000012106F0C5FD05465BE7DAF80000D4F8E2
:1039E000841020F440100843CAF8000053E73868F8
:1039F00040F40030386058E70198022106F01EFDBF
:103A0000054652E72E480168226D21F480311143AA
:103A100001604CE7386840F40030386065E7DAF858
:103A20000000E16F20F440700843CAF800005EE730
:103A30000198002106F002FD00B106462079C0433E
:103A400000F00200284305D10198012106F0F6FCA0
:103A500000B106462079C04300F00400284305D198
:103A60000198022106F0EAFC00B106462079C04325
:103A700000F00800284305D10098002106F070FDF1
:103A800000B106462079C04300F01000284305D15C
:103A90000098012106F064FD00B106462079C0437C
:103AA00000F02000054305D10098022106F058FDE2
:103AB00000B1064616B10120BDE8FC9F0020FBE7DF
:103AC0004C4402582DE9F05F04460D46002C17D0F7
:103AD000DFF84C82D8F8000000F00F00A84211D2A5
:103AE000D8F8000020F00F002843C8F80000D8F8EC
:103AF000000000F00F00A84204D00120BDE8F09FB4
:103B00000120FBE72078874E40070AD520693168FD
:103B100001F07001884204D9316821F0700101433D
:103B200031602078804F00070AD56069396801F05C
:103B30007001884204D9396821F07001014339606D
:103B40002078C0060AD5A069396801F4E06188428E
:103B500004D9396821F4E061014339602078DFF845
:103B6000CC9180060DD5E069D9F8001001F0700104
:103B7000884206D9D9F8001021F070010143C9F834
:103B80000010207880070AD5E068316801F00F0145
:103B9000884204D9316821F00F0101433160207857
:103BA000C00743D03068A16820F4706008433060DB
:103BB0005C4960681839022808D003280BD0012816
:103BC0000ED00968490710D4012097E709688903D6
:103BD0000BD4012092E70968890106D401208DE702
:103BE0000968C90501D4012088E7DFF838A1AAF1E6
:103BF000080ADAF8001021F007010143CAF80010A2
:103C0000FEF7EAFF834609E0FEF7E6FFA0EB0B01B3
:103C100041F28830814201D903206FE7DAF80000D1
:103C2000616800F03800B0EBC10FEDD1207880075B
:103C30000AD5E068316801F00F01884204D231688A
:103C400021F00F0101433160D8F8000000F00F00AF
:103C5000A8420ED9D8F8000020F00F002843C8F879
:103C60000000D8F8000000F00F00A84201D00120A9
:103C700044E7207840070AD52069316801F07001D7
:103C8000884204D2316821F070010143316020780C
:103C900000070AD56069396801F07001884204D2D2
:103CA000396821F07001014339602078C0060AD5D7
:103CB000A069396801F4E061884204D2396821F4CE
:103CC000E06101433960207880060DD5E069D9F8BC
:103CD000001001F07001884206D2D9F8001021F0DE
:103CE00070010143C9F8001000F070F83168C1F3A9
:103CF00003220F498A5C02F01F02D040326802F0B2
:103D00000F02895C0B4A01F01F0120FA01F11160DA
:103D10000949086009480068BDE8F05FFEF798BFF0
:103D200000200052184402581C44025820440258F3
:103D3000ACB7000814000024100000240800002480
:103D400000B500F043F80B490A68C2F303230A4A9E
:103D5000D35C03F01F03D840096801F00F01515CE8
:103D6000064A01F01F0120FA01F11160044A1060B7
:103D7000084600BD18440258ACB7000814000024DF
:103D80001000002400B5FFF7DBFF05490968054A6C
:103D9000C1F30211515C01F01F01C84000BD0000D9
:103DA0001C440258ACB7000800B5FFF7C9FF05492D
:103DB0000968054AC1F30221515C01F01F01C840A6
:103DC00000BD00001C440258ACB7000830B5644880
:103DD0000068654C10F03801624808D002110829CB
:103DE0000DD010290DD018290DD0104630BD2168F6
:103DF0008906FBD52168C1F3C101C84030BD10461A
:103E000030BD5A4830BD564918310A6802F00302E5
:103E10000968C1F30511524B1C331B6803F0010301
:103E20004F4D24352D68C5F3CC0515FB03F300EE8B
:103E3000103AB8EE400A002977D0DFED4D0A484B22
:103E4000B7EE001A20333AB39FED4A2A012A58D020
:103E5000022A6CD001EE901A1868F8EE611AC2EED0
:103E6000212AC0F3080001EE900AF8EE611A40EE34
:103E7000201A31EE810A22EE800A1868C0F346202B
:103E8000401C00EE900AF8EE600A80EE201ABCEEAC
:103E9000C10A10EE100A30BD226892061BD52268B6
:103EA000C2F3C102D04001EE900A1868F8EE612A10
:103EB00001EE901AF8EE611A82EEA12AC0F3080012
:103EC00001EE900AF8EE611A40EE201A31EE810AF6
:103ED00022EE000AD1E701EE901ADFED272A1868DA
:103EE000F8EE611A82EEA12AC0F3080001EE900AF2
:103EF000F8EE611A40EE201A31EE810A22EE000A35
:103F0000BBE701EE901A1868F8EE611AC2EE212A9A
:103F1000C0F3080001EE900AF8EE611A40EE201A94
:103F200031EE810A22EE800AA7E716E0FFE701EEF4
:103F3000901ADFED122A1868F8EE611A82EEA12AB3
:103F4000C0F3080001EE900AF8EE611A40EE201A64
:103F500031EE810A22EE000A8FE7002030BD00001A
:103F6000104402580090D0030044025800366E01FD
:103F7000000000390024744A0024744C001BB74B25
:103F80002DE9F05F0446002C10D02078DFF8F8838C
:103F9000FE4EFF4DC0075DD0D8F8000000F038009D
:103FA000316810281FD0182803D006E00120BDE892
:103FB000F09F01F00300022815D06068B0F5803F43
:103FC00018D0E0B1B0F5A02F22D0286820F48030BE
:103FD0002860286820F480202860606860B3FEF7BD
:103FE000FBFD074624E02868800333D5606810BBDA
:103FF0000120DCE7286840F480302860EDE728687D
:1040000020F480302860286820F480202860E4E7CD
:10401000286840F480202860286840F480302860B8
:10402000DBE7FEF7D9FDC01B642801D90320BEE7FA
:1040300028688003F5D50DE0FEF7CEFD074606E0C3
:10404000FEF7CAFDC01B642801D90320AFE728682A
:104050008003F5D42078800764D5D8F8000000F0FC
:1040600038003168DFF8289309F1040970B1182885
:1040700001D188070AD0E068A0B3296821F01901AE
:1040800001432960FEF7A8FD07462CE02868400799
:1040900001D5E06848B12868E16820F019000843BC
:1040A0002860FEF799FD074608E001207FE7FEF74C
:1040B00093FDC01B022801D9032078E72868400738
:1040C000F5D5D9F80000217C20F0FE4040EA0160DF
:1040D000C9F8000026E0FEF77FFDC01B022802D9C8
:1040E000032064E70CE028684007F4D5D9F8000005
:1040F000217C20F0FE4040EA0160C9F8000011E098
:10410000286820F001002860FEF766FD074606E0FB
:10411000FEF762FDC01B022801D9032047E728688B
:104120004007F5D42078C00655D5D8F8000000F037
:1041300038003168DFF850920828A9F104090FD03F
:10414000182803D101F00300012809D0E06978B3F1
:10415000286840F080002860FEF73EFD074619E021
:104160002868C00504D5E069802801D001201EE739
:10417000D9F8000094F8201020F07C5040EA01604B
:10418000C9F8000027E0FEF727FDC01B022801D96F
:1041900003200CE72868C005F5D5D9F8000094F88D
:1041A000201020F07C5040EA0160C9F8000012E0C5
:1041B000FFE7286820F080002860FEF70DFD074625
:1041C00006E0FEF709FDC01B022801D90320EEE638
:1041D0002868C005F5D42078000730D5DFF8AC9109
:1041E000606909F14C09A8B1D9F8000040F001005C
:1041F000C9F80000FEF7F0FC074606E0FEF7ECFC0D
:10420000C01B022801D90320D1E6D9F8000080079D
:10421000F4D514E0D9F8000020F00100C9F800003E
:10422000FEF7DAFC074606E0FEF7D6FCC01B0228C4
:1042300001D90320BBE6D9F800008007F4D4207828
:10424000800626D5A06990B1286840F48050286087
:10425000FEF7C2FC074606E0FEF7BEFCC01B0228C4
:1042600001D90320A3E628688004F5D511E0286869
:1042700020F480502860FEF7AFFC074606E0FEF70A
:10428000ABFCC01B022801D9032090E628688004FB
:10429000F5D4207840075DD53E4F386840F48070F3
:1042A0003860FEF799FC814607E0FEF795FCA0EB2D
:1042B0000900642801D9032079E63868C005F4D5DF
:1042C000324FA0684837012812D0B0B105281DD060
:1042D000386820F001003860386820F00400386049
:1042E000A06841F2883930B3FEF776FC82461EE0C2
:1042F000386840F001003860F2E7386820F00100CB
:104300003860386820F004003860E9E7386840F029
:1043100004003860386840F001003860E0E7FEF7DC
:104320005BFCA0EB0A00484501D903203FE6386852
:104330008007F4D50EE0FEF74FFC824607E0FEF75B
:104340004BFCA0EB0A00484501D903202FE6386852
:104350008007F4D4616AB1B1D8F800004FF6F87B59
:10436000DFF828A00AF1080AC0F3C20003280AF106
:104370000409AAF104087CD0022911D0286820F091
:104380008070286008E0E5E0104402582844025894
:104390000044025800480258FEF71EFC044689E01B
:1043A000286820F080702860FEF716FC074606E0BB
:1043B000FEF712FCC01B022801D90320F7E528688C
:1043C0008001F5D4306840F2F3318843E16A40EA75
:1043D0000110A16A08433060208E4FF6FF72616BB6
:1043E000401E491EC0F3080002EA41210843218F04
:1043F0004FF4FE02491E02EA0141084394F83C10C2
:10440000491E120202EA01610843CAF80000D8F806
:10441000000020F00100C8F80000D9F80000A16CED
:1044200020EA0B0040EAC100C9F80000D8F80000FB
:10443000216C20F00C000843C8F80000D8F80000F8
:10444000616C20F002000843C8F80000D8F80000B2
:1044500040F48030C8F80000D8F8000040F4003084
:10446000C8F80000D8F8000040F48020C8F8000028
:1044700000E023E0D8F8000040F00100C8F8000098
:10448000286840F080702860FEF7A6FB044606E02E
:10449000FEF7A2FB001B022801D9032087E528684C
:1044A0008001F5D556E0FEF797FB001B022801D9E5
:1044B00003207CE528688001F5D44BE03268DAF807
:1044C0000000012921D0A36A02F0030199421CD106
:1044D000E16AC2F30512914217D1216BC0F30802C1
:1044E000491E8A4211D1616BC0F34622491E914296
:1044F0000BD1A16BC0F30642491E914205D1E16B7D
:10450000C0F30660491E814201D001204FE5D9F871
:104510000000C0F3CC00A16C81421BD0D8F8000091
:1045200020F00100C8F80000FEF756FB0546FEF734
:1045300053FBA842FBD0D9F80000A16C20EA0B0085
:1045400040EAC100C9F80000D8F8000040F00100BE
:10455000C8F8000000202AE510B5401EB0F1807FA9
:1045600001D3012010BD4FF0E02460610F216017DE
:1045700005F054FF0020A06107202061002010BD3D
:104580007047704770470000F0B590F83C20012A52
:1045900040D0012680F83C60022280F83D2003686C
:1045A0005A689C681C4FDFF874C0BB4201D0634559
:1045B00003D122F470054A682A4322F070050A6884
:1045C0002A435A600268BA4219D0B2F1804F16D01D
:1045D000134B9A4213D0134B9A4210D0124B9A426B
:1045E0000DD062450BD0114B9A4208D0104B9A4225
:1045F00005D0104B9A4202D00F4B9A4204D124F0BE
:1046000080038968194391603C3046700021017035
:104610000020F0BD0220F0BD000001400004014078
:104620000004004000080040000C0040001800405A
:104630000040014000E0004000E4004010B50446A6
:10464000002C03D094F83D0010B107E0012010BD0C
:10465000002084F83C00204600F018F8022084F87E
:104660003D002068211D01F085FC01203D34E072F1
:104670006070A070E07020716071A071E0712072B4
:104680006072A0722070002010BD000008B50068A4
:10469000154A1649904211D1086840F0040008609C
:1046A000086800F00400009000221E201146FEF76A
:1046B00011FBBDE808401E20FEF7FEBA0C4A9042EE
:1046C00011D1086840F008000860086800F0080090
:1046D0000090002232201146FEF7FCFABDE80840A7
:1046E0003220FEF7E9BA08BD00080040E84402584D
:1046F000000C004090F83D10012901D001207047C6
:10470000022180F83D100168CA6842F00102CA60C7
:104710000068184988421AD0B0F1804F17D0164966
:10472000884214D01549884211D0154988420ED0CC
:10473000144988420BD01449884208D01349884252
:1047400005D01349884202D0124988420CD18168B1
:10475000114A114006290BD0B1F5803F08D00168FD
:1047600041F00101016003E0016841F001010160D5
:104770000020704700000140000400400008004095
:10478000000C0040000401400018004000400140BF
:1047900000E0004000E400400700010070B504465E
:1047A000002594F83C00012815D0012684F83C60CF
:1047B000022084F83D0020688268394B1A4022F4B8
:1047C0007F4282600868702802462ED010DC10F00C
:1047D0000F0F03D022E04FF0020070BD4FEA20100F
:1047E00007281BD2DFE800F0575757574D394300D1
:1047F000B0F1101F4FD009DCB0F5805F0FD0B0F5DD
:10480000005F1ED0B0F5801F08D144E0A0F58010F5
:10481000203840D010283ED020283CD001253C3400
:10482000667000202070284670BDCB682068D1E9F2
:10483000012101F01EFC2068816841F07701816050
:10484000EDE7CB682068D1E9012101F012FC206876
:10485000816841F480418160E1E7CA684968206865
:1048600005F0CEFB2068502105F0C0FBD7E7CA68F1
:104870004968206805F0D5FB2068602105F0B6FB8B
:10488000CDE7CA684968206805F0BAFB2068402176
:1048900005F0ACFBC3E72068114605F0A7FBBEE7B7
:1048A00088FFCEFF70472DE9F04104462068C668B6
:1048B00005694FF00007A90714D5B10712D5F91EF5
:1048C00001610120207720688069800703D020469D
:1048D000FFF7E8FF05E0204600F0CCF8204600F0A6
:1048E000AFF92777680717D5700715D521686FF0DE
:1048F00004000861022020772068806910F4407F5E
:1049000003D02046FFF7CEFF05E0204600F0B2F8C6
:10491000204600F095F92777280716D5300714D5DB
:1049200021686FF008000861042020772068C069C2
:10493000800703D02046FFF7B5FF05E0204600F0D2
:1049400099F8204600F07CF92777E80617D5F0069D
:1049500015D521686FF010000861082020772068C5
:10496000C06910F4407F03D02046FFF79BFF05E0AD
:10497000204600F07FF8204600F062F92777E8072C
:1049800008D0F00706D021686FF0010008612046CA
:1049900000F0F6F9280601D4A80408D5300606D59B
:1049A00021686FF4025008612046FFF7EAFDE80530
:1049B00008D5300606D521686FF48070086120465E
:1049C000FFF7DEFD680608D5700606D521686FF092
:1049D00040000861204600F08BFAA8060AD5B00610
:1049E00008D521686FF0200008612046BDE8F0413D
:1049F000FFF7C8BDBDE8F08130B587B0044614218B
:104A000002A8FBF7E3FD174D022221680024164B94
:104A10001648A94211D1196841F0020119601968BC
:104A200001F002010191029203920494059406920E
:104A300002A9FDF7B9FF07B030BD0D4DA942FAD16B
:104A4000196841F002011960196801F00201019131
:104A5000E9130291039204940594069202A9FDF7CA
:104A6000A3FFE8E700040040E044025800040258B5
:104A700000180040704770B504460D46002694F8B3
:104A80003C0001280BD0012084F83C000C2A4FD0B8
:104A900007DC82B1042A22D0082A06D134E00220A1
:104AA00070BD102A59D0142A6BD00126002084F83A
:104AB0003C00304670BD2068294605F053F9206857
:104AC000816941F0080181612068816921F0040158
:104AD0008161206881692A6911438161E6E7206864
:104AE000294601F0D1FA2068816941F400618161B1
:104AF0002068816921F480618161206881692A6967
:104B000041EA02218161D1E72068294605F07AF95E
:104B10002068C16941F00801C1612068C16921F0C4
:104B20000401C1612068C1692A691143C161BDE7FF
:104B30002068294605F0B0F92068C16941F4006198
:104B4000C1612068C16921F48061C1612068C169C7
:104B50002A6941EA0221C161A8E72068294605F0D7
:104B6000D5F92068416D41F0080141652068416D2B
:104B700021F0040141652068416D2A6911434165B6
:104B800094E72068294605F0F9F92068416D41F461
:104B9000006141652068416D21F4806141652068B4
:104BA000416D2A6941EA022141657FE710B504465B
:104BB000002C03D094F83D0010B107E0012010BD97
:104BC000002084F83C00204600F018F8022084F809
:104BD0003D002068211D01F0CDF901203D34E07237
:104BE0006070A070E07020716071A071E07120723F
:104BF0006072A0722070002010BD000008B500682F
:104C00000C4A0D49904208D1086840F00200086043
:104C1000086800F00200009008BD084A9042FBD1ED
:104C2000086840F040000860086800F0400000900C
:104C300008BD000000040040E8440258001800408D
:104C40007047000030B5044600290DD004290ED06D
:104C500008290FD00C2910D0102911D094F8430046
:104C6000012810D0012030BD94F83E00F8E794F8F8
:104C70003F00F5E794F84000F2E794F84100EFE7D1
:104C800094F84200ECE70220F1B304294DD0082942
:104C90004ED00C294FD0102950D084F84300012267
:104CA000206801F0D9F92A4A20682A4B2A49904203
:104CB00009D0984207D0884205D0284DA84202D09A
:104CC000274DA84203D1456C45F400454564206852
:104CD000904218D0B0F1804F15D0224A904212D0A5
:104CE000214A90420FD0214A90420CD098420AD0DB
:104CF0001F4A904207D0884205D01E49884202D000
:104D00001D4988421DD100E00CE081681B4A11401A
:104D100006291AD0B1F5803F17D0016841F0010192
:104D2000016012E084F83E00B9E784F83F00B6E77E
:104D300084F84000B3E784F84100B0E784F842000B
:104D4000ADE7016841F001010160002030BD0000C5
:104D500000000140000401400040014000440140C7
:104D6000004801400004004000080040000C0040E2
:104D70000018004000E0004000E40040070001008F
:104D80004A490978002974D000684949884204D109
:104D90004848406800286CD00047B0F1804F08D0E8
:104DA000454988420BD143481030406800287CD0E8
:104DB0000047404808304068002876D000473F4907
:104DC000884205D13B481830406800286DD0004724
:104DD0003B49884205D1374820304068002864D0DC
:104DE00000473849884205D13248283040680028B9
:104DF0005BD000473449884205D12E4830304068A6
:104E0000002852D000473149884205D1294838301E
:104E10004068002849D000472D49884205D12548DF
:104E200040304068002840D000472A49884205D1D8
:104E3000204848304068002837D00047264988423B
:104E400005D11C485030406800282ED00047234927
:104E5000884205D1174858304068002825D00047BF
:104E60001F49884206D113486030406800281CD092
:104E700000471AE01B49884205D10E486830406857
:104E8000002812D000471849884205D109487030DF
:104E90004068002809D000471449884205D10548D8
:104EA00078304068002800D000477047080200248E
:104EB00000000140180000240004004000080040E9
:104EC000000C0040001000400014004000040140AD
:104ED00000180040001C004000200040004001403D
:104EE000004401400048014000E0004000E4004070
:104EF000704790F88410012918D0012180F884109F
:104F00002421C0F8881001680A680B6823F00103A7
:104F10000B6022F0005100224266036819602021D4
:104F2000C0F8881080F88420002070470220704765
:104F300010B50446D4F88C00202801D0022010BD02
:104F400051B14AB10120E06600202067204601F0FF
:104F5000F3FC014611B105E0012010BDE06E01280F
:104F600002D00121084610BD22681020106220687E
:104F700050E8002F42F0100240E80023002BF6D149
:104F8000F0E7000070B504465F4A206890420FD1F8
:104F90005E4E06F58275D6F808220AB1284690477B
:104FA000B6F8042229462046BDE87040FFF7C0BF8E
:104FB000574A90420FD1574E06F58275D6F808220F
:104FC0000AB128469047B6F8042229462046BDE893
:104FD0007040FFF7ADBF504A90420FD14F4E06F5DB
:104FE0008275D6F808220AB128469047B6F80422FE
:104FF00029462046BDE87040FFF79ABF484A9042D4
:105000000FD1484E06F58275D6F808220AB1284617
:105010009047B6F8042229462046BDE87040FFF7C5
:1050200087BF414A90420FD1404E06F58275D6F8AF
:1050300008220AB128469047B6F80422294620469D
:10504000BDE87040FFF774BF394A90420FD1394E26
:1050500006F58275D6F808220AB128469047B6F8B8
:10506000042229462046BDE87040FFF761BF324A5E
:1050700090420FD1314E06F58275D6F808220AB15A
:1050800028469047B6F8042229462046BDE87040DD
:10509000FFF74EBF2A4A90420FD12A4E06F582757D
:1050A000D6F808220AB128469047B6F804222946C5
:1050B0002046BDE87040FFF73BBF234A90420FD126
:1050C000224E06F58275D6F808220AB12846904786
:1050D000B6F8042229462046BDE87040FFF728BFF5
:1050E0001B4A90420FD11B4E06F58275D6F8082256
:1050F0000AB128469047B6F8042229462046BDE862
:105100007040FFF715BF70BD00100140F809002482
:1051100000440040040C002400480040100E00240D
:10512000004C00401C1000240050004028120024B5
:10513000001401403414002400780040401600247C
:10514000007C00404C18002400180140581A00242C
:10515000001C0140641C0024704770B5044694F89C
:10516000840001281DD0012084F884002420C4F884
:10517000880020680568026822F001020260206849
:10518000826822F060620A438260204605F07AFA63
:10519000206805602020C4F88800002084F884007E
:1051A00070BD022070BD70B5044694F884000128DB
:1051B0001DD0012084F884002420C4F888002068D1
:1051C0000568026822F0010202602068826822F00D
:1051D00060420A438260204605F054FA2068056068
:1051E0002020C4F88800002084F8840070BD0220CC
:1051F00070BD7047704770472DE9F0410446236841
:10520000D86919689A6840F60F0500EA0507002F6B
:105210000ED185060CD501F0200502F080563543ED
:1052200006D0616F00297DD02046BDE8F0410847D7
:1052300000250226002F76D0CF4FDFF840C317405D
:1052400001EA0C0C57EA0C0C6DD05FEAC07C0CD064
:105250005FEAC15C09D54FF0010CC3F820C0D4F857
:10526000903043F00103C4F89030830709D5D30789
:1052700007D023681E62D4F8903043F00403C4F8CA
:10528000903043070AD5D30708D026680423336239
:10529000D4F8903043F00203C4F8903003070CD5E3
:1052A00001F020033B4308D0266808233362D4F87A
:1052B000903043F00803C4F8903003050BD54B0140
:1052C00009D526684FF400633362D4F8903043F078
:1052D0002003C4F89030D4F89030002B3CD08006E6
:1052E00009D501F0200002F08051084303D0616F1E
:1052F00009B120468847D4F890002168896849069A
:1053000002D410F0280F2DD0204604F0D5FE2068DE
:105310008068400622D52068083050E8001F21F040
:10532000400101E018E023E040E80012002AF2D139
:10533000D4F8800068B192490165D4F88000FBF789
:1053400059FC002808D0D4F88000016DBDE8F04178
:1053500008472046FFF74FFFBDE8F0812046FFF7E2
:105360004AFFF9E72046FFF746FFC4F89050F3E7FD
:10537000E76E012F7ED1C7067CD5CF067AD51020E7
:105380001862206880684FF02003400673D5D4F877
:1053900080107C4A086890423AD07A4A183290428B
:1053A00036D0784A3032904232D0764A48329042F3
:1053B0002ED0744A603290422AD0724A783290429B
:1053C00026D0704A9032904222D06E4AA832904243
:1053D0001ED06D4A90421BD06B4A1832904217D0B3
:1053E000694A3032904213D0674A483290420FD017
:1053F000654A603290420BD0634A7832904207D0BF
:10540000614A9032904203D05F4AA832904201D163
:10541000406800E0406880B200289DD0B4F85C206D
:10542000824299D9A4F85E00C869B0F5807F2FD078
:10543000206850E8001F21F4807140E80012002A23
:10544000F6D12068083050E8001F21F0010140E843
:105450000012002AF5D12068083050E8001F21F022
:10546000400140E80012002AF5D1C4F88C30E5660E
:10547000206801E049E016E050E8001F21F010012B
:1054800040E80012002AF3D1D4F88000FBF7F4F9C9
:105490002667B4F85C00B4F85E10401A81B220466A
:1054A000FFF770FD58E734F85C0F6188401A81B24D
:1054B00060885C3C0028F5D00029F3D0206850E8D3
:1054C000002F22F4907240E80027002FF6D12A4FD7
:1054D000FF432068083050E8002F3A4040E8002C95
:1054E000BCF1000FF5D1C4F88C30E5666567206823
:1054F00050E8002F22F0100240E80023002BF6D1E4
:1055000026672046FFF73EFD26E7C50209D555026E
:1055100007D54FF4801018622046BDE8F041FFF730
:1055200069BE03060CD501F0800302F400021343A8
:1055300006D0A16F0029B5D02046BDE8F04108474C
:10554000420606D54A0604D52046BDE8F04104F0DF
:1055500036BE020206D54A0004D52046BDE8F04119
:10556000FFF747BEC0019DD500299BDA2046BDE864
:10557000F041FFF7F1BD0000010000102001000420
:10558000E3A10008100002401004024010B50446D8
:10559000002C03D0D4F8880010B107E0012010BD22
:1055A000002084F88400204600F028F82420C4F865
:1055B00088002068016821F001010160A06A10B133
:1055C000204600F067FE204600F01EFF012813D0A1
:1055D0002068416821F4904141602068816821F091
:1055E0002A0181602068016841F0010101602046C4
:1055F000BDE8104000F0B2BE012010BD2DE9F04F13
:10560000B5B00446142130A8FAF7E0FFB82102A88B
:10561000FAF7DCFFA549002520684FF00208A44EE8
:105620004FF004090F154FF0080A884262D1022199
:105630000020CDE902101F9502A8FDF77BFD08B1FF
:10564000FBF70CF99A480830016841F480110160B9
:10565000006800F480100190306840F00200306073
:10566000306800F002000190306840F008003060BF
:10567000306800F0080001904FF400503090CDF8F1
:10568000C480329533950E20349030A98948FDF7B7
:105690008BF9CDF8C090CDF8C48032953395CDF814
:1056A000D0A030A98448FDF77FF9854E834830604B
:1056B00041207060B560F56037617561B5614FF488
:1056C0008070F0614FF44030306275623046FBF715
:1056D000BDFF08B1FBF7C2F8C4F88060B4630022D4
:1056E00035201146FDF7F6FA3520FDF7E5FA35B01D
:1056F000BDE8F08F7349DFF8B8B188420BF1100BA9
:1057000062D101210020CDE90210209502A8FDF709
:1057100011FD08B1FBF7A2F8DBF8000040F0100023
:10572000CBF80000DBF8000000F0100001903068BA
:1057300040F001003060306800F0010001904FF44B
:10574000C0603090CDF8C4803295339507203490F6
:1057500030A95D48FDF728F9594E5C48783630602D
:1057600029207060B560F56037617561B561F561DC
:10577000356275623046FBF769FF08B1FBF76EF8DA
:10578000C4F88060B46351484D4E1830F036306034
:105790002A2070604020B060F56037617561B561A6
:1057A000F561356275623046FBF750FF08B1FBF7D3
:1057B00055F8E667B463002225201146FDF78AFA02
:1057C0002520FDF779FA92E7414988428FD10120DF
:1057D0000021CDE90201209502A8FDF7ABFC08B13C
:1057E000FBF73CF8DBF8000040F08000CBF800004D
:1057F000DBF8000000F080000190306840F01000FD
:105800003060306800F010000190CDF8C090CDF805
:10581000C48032953395CDF8D09030A92D4E3046C6
:10582000FDF7C2F8CDF8C0A0CDF8C480329533950D
:105830000B20349030A93046FDF7B6F8264E2348A9
:105840003030306076207060B560F560376175612A
:10585000B561F561356275623046FBF7F7FE08B158
:10586000FAF7FCFFC4F88060B46318481A4E483059
:1058700078363060772070604020B060F560376126
:105880007561B561F561356275623046FBF7DEFE24
:1058900008B1FAF7E3FFE667B46300229C201146E3
:1058A000FDF718FA9C20FDF707FA20E700500040AA
:1058B000E044025800040258000C02581004024050
:1058C000F8060024001001400000025828000240A1
:1058D000001C014000100258600800247047704707
:1058E0007047FEE708B51D48016841F001010160FD
:1058F000016801F001010091016841F002010160BD
:10590000006800F00200009000220C201146FDF714
:10591000E1F90C20FDF7D0F900220D201146FDF72A
:10592000D9F90D20FDF7C8F900220E201146FDF728
:10593000D1F90E20FDF7C0F900220F201146FDF726
:10594000C9F90F20FDF7B8F9002238201146FDF7FC
:10595000C1F9BDE808403820FDF7AEB9D844025877
:1059600010B519481749016000218160C16001220A
:10597000027441748274032343610A2282611D24EC
:10598000C461026243628262C462026340F2A46242
:10599000426383630422C263082303644264836412
:1059A000C264016542658165C16520230366416665
:1059B0008266FCF7DDFC002803D0BDE81040FAF752
:1059C0004DBF10BD00A000402C02002410B51948A6
:1059D0001749016000218160C16001220274417495
:1059E0008274032343610A2282611D24C46102621E
:1059F00043628262C462026340F2A46242638363D0
:105A00000422C2630823036442648364C2640165A0
:105A100042658165C1652023036641668266FCF7A5
:105A2000A7FC002803D0BDE81040FAF717BF10BD4F
:105A300000A40040CC02002410B5194817490160A9
:105A400000218160C16001220274417482740323C9
:105A500043610A2282611D24C46102624362826240
:105A6000C462026340F2A462426383630422C2639D
:105A70000823036442648364C264016542658165EE
:105A8000C1652023036641668266FCF771FC00282D
:105A900003D0BDE81040FAF7E1BE10BD00D40040CD
:105AA0006C030024F0B587B0142102A8FAF78EFD2C
:105AB0003748016841F010010160016801F01001F0
:105AC0000191016841F004010160016801F00401E5
:105AD0000191016841F080010160016801F08001DD
:105AE0000191016841F002010160016801F00201C9
:105AF0000191016841F008010160016801F00801AD
:105B00000191016841F001010160006800F00100AD
:105B10000190204F00224FF420413846FDF755F800
:105B20000122384695032946FDF74FF84FF4C0404F
:105B3000029001240394022004900026059602A9F5
:105B40003846FCF731FFE003029003940494059675
:105B500002A93846FCF728FF02954FF40415039577
:105B6000049402A90C48FCF71FFF4FF4E050029088
:105B70000395049402A93846FCF716FF002228205A
:105B80001146FDF7A7F82820FDF796F807B0F0BDFD
:105B9000E0440258000802580010025810B58AB0BC
:105BA00000240794089409941C216846FAF70EFD16
:105BB000164815490160EF214160846040F2E731E9
:105BC000C160046180218161FEF7F0FF08B1FAF73E
:105BD00045FE0794099407A90C48FEF7D5FC08B1C7
:105BE000FAF73CFE60200090019402940494042291
:105BF00006486946FEF73FFF08B1FAF72FFE034853
:105C0000FEF7FAFE0AB010BD00180040F0040024B0
:105C100010B58AB000240794089409941C216846A2
:105C2000FAF7D4FC15481449016044608460FF21F0
:105C3000C16004618461FEF7B9FF08B1FAF70EFE96
:105C40000794099407A90D48FEF79EFC08B1FAF7DE
:105C500005FE6020009001940294042004900C2220
:105C600006486946FEF707FF08B1FAF7F7FD034853
:105C7000FEF7C2FE0AB010BD000400400C04002470
:105C800010B588B0002404940594069407940194F8
:105C900002940394134812490160EF21416084602B
:105CA0006321C16004618461FEF7C8FC08B1FAF7A2
:105CB000D5FD4FF4805004900A4804A9FEF76EFD0C
:105CC00008B1FAF7CBFD0194039401A90548FEF74A
:105CD0005BFC002801D0FAF7C1FD08B010BD000040
:105CE000000800405804002410B588B00024049433
:105CF000059406940794019402940394134812495E
:105D00000160EF214160846040F2E731C1600461CD
:105D10008461FEF793FC08B1FAF7A0FD4FF48050C0
:105D200004900A4804A9FEF739FD08B1FAF796FD78
:105D30000194039401A90548FEF726FC002801D030
:105D4000FAF78CFD08B010BD000C0040A40400243C
:105D500010B5194817490160184941604FF4805146
:105D600081604900C160C9100161042141610021C5
:105D70008161C161016241628162FFF707FC08B184
:105D8000FAF76CFD0C480021FFF70DFA08B1FAF79D
:105D900065FD09480021FFF7E0F908B1FAF75EFD5B
:105DA0000548FFF7A6F8002803D0BDE81040FAF731
:105DB00055BD10BD005000403C050024A0860100E8
:105DC00010B51848164901604FF416514160002182
:105DD0008160C16001610C2242618161C161016227
:105DE00041628162FFF7D2FB08B1FAF737FD0D4837
:105DF0000021FFF7D8F908B1FAF730FD0948002172
:105E0000FFF7ABF908B1FAF729FD0648FFF771F87B
:105E1000002803D0BDE81040FAF720BD10BD0000F7
:105E2000001C01406406002410B5184816490160A2
:105E30004FF4E131416000218160C16001610C22B9
:105E400042618161C161016241628162FFF79EFB33
:105E500008B1FAF703FD0D480021FFF7A4F908B1D6
:105E6000FAF7FCFC09480021FFF777F908B1FAF7C7
:105E7000F5FC0648FFF73DF8002803D0BDE81040C8
:105E8000FAF7ECBC10BD000000100140D005002462
:105E9000FEE7FEE770477047FCF7A4BE10B5274841
:105EA000016841F470010160254A106800F00F009C
:105EB000072804D2106820F00F00C01D106021498F
:105EC000086840F0010008601E4B00201033186085
:105ED0000B681D4C23400B60136803F00F03072B66
:105EE00004D9136823F00F03DB1D1360154A183221
:105EF0001060121D1060121D1060124B134A2833DF
:105F00001A601B1D124A1A601B1D124A1A601B1DC3
:105F100018601B1D1A601B1D18601B1D1A601A1DBE
:105F200010600A6822F480220A6006496031086025
:105F300043F2D2000849086010BD000088ED00E07F
:105F400000200052004402587FEDF6EA00020202EF
:105F50000000FF0180020101004000520148FEF7ED
:105F6000A2BC0000580400240148FEF79CBC0000BD
:105F7000A40400242DE9F04F02684FF0804B2C4D13
:105F8000DFF8B080DFF8B090A842DFF8B0A02C4B6B
:105F900009D0584507D0404505D0484503D0504565
:105FA00001D0984203D122F070044A682243254E62
:105FB000254FA842DFF894C015D0584513D040456E
:105FC00011D048450FD050450DD098420BD0B0426B
:105FD00009D0B84207D0604505D01D4CA04202D080
:105FE0001C4CA04203D122F44074CA6822434C697D
:105FF00022F08002224302608A68C2620A688262DA
:10600000A84207D0984205D0B04203D0B84201D090
:10601000604501D109690163012141610169C90735
:1060200003D0016921F001010161BDE8F08F00009A
:10603000000001400004004000080040000C004047
:10604000000401400040014000440140004801407C
:1060500000E0004000E4004010B5012301F01F0102
:106060008B40046A9C430462036A8A4013430362C0
:1060700010BD10B5846824F47F4442EA03220A4329
:106080002243826010BD0000F0B5056A026A22F06A
:1060900010020262426883691A4C234023F4407361
:1060A0000C6843EA042425F020038D6843EA0513B5
:1060B000154D164EA84201D0B04206D123F0800300
:1060C000CF6843EA071323F04003A8420AD0B04246
:1060D00008D00F4DA84205D00E4DA84202D00E4D5B
:1060E000A84209D122F4806222F400624D6942EA9A
:1060F00085028D6942EA8502426084614968816354
:106100000362F0BDFF8FFFFE00000140000401406C
:1061100000400140004401400048014010B52DED11
:10612000048B82B001F084F99FED400A0420F0EE68
:10613000400A01F051F93E493E4800F0E5FC3E4975
:106140003E4800F0E1FC3E4924223E4801F02AFA94
:106150003D493E4801F086F93D493E4801F082F94B
:106160003E489FED3D0A01F0B3FD02200090334907
:10617000FD233B487F2203F0D7FA9FED3A8A384847
:1061800000242E4901236C382246F0EE481AB2EE64
:10619000041AF3EE090AB2EE090A009403F00AF9B0
:1061A000DFED318A9FED319A2D487F232349FD226F
:1061B000A8300094F0EE481AB2EE0C1AF0EE680A1D
:1061C000B0EE490A02F014FE25487F231B49FD2248
:1061D00040300094F0EE481AB2EE0C1AF0EE680A65
:1061E000B0EE490A03F048FB21494FF4806000F00B
:1061F000EDFC20494FF4006000F0E8FC1E494FF42C
:10620000805000F0E3FC1D494FF4804000F0DEFCBC
:106210000E48FEF76FFA0F48FEF76CFA1849012096
:10622000087002B0BDEC048B10BD0000000000003F
:10623000757100082C020024B5710008CC020024FE
:106240004D7000083C050024197300085804002410
:10625000A5700008A40400248FC2F53C7C1E002415
:1062600064270024DA2D244100000442B81E49416D
:1062700075700008817000088D7000089970000822
:1062800008020024704700000148FEF7B5BF000077
:106290003C05002490F82810090706D501684A68D3
:1062A000836B22F400421A434A6090F82810C90711
:1062B00006D001684A68C36A22F400321A434A6071
:1062C00090F82810890706D501684A68036B22F404
:1062D00080321A434A6090F82810490706D50168B1
:1062E0004A68436B22F480221A434A6090F82810CF
:1062F000C90606D501688A68C36B22F480521A4326
:106300008A6090F82810890606D501688A68036CAF
:1063100022F400521A438A6090F82810490611D5D9
:1063200001684A68436C22F480121A434A60416C47
:10633000B1F5801F06D101684A68836C22F4C0025F
:106340001A434A6090F82810090606D501684A6881
:10635000C06C22F4002202434A6070472DE9F843E2
:1063600004460025C4F89050FCF736FC80462068AF
:1063700000686FF07E474FF02006000716D5002218
:10638000434631042046009700F028FB70B1206896
:1063900050E8001F21F0800140E80012002AF6D1E9
:1063A0008434666025700320BDE8F88320680068A7
:1063B000400720D5002243464FF480012046009735
:1063C00000F00CFBB8B1206850E8001F21F4907178
:1063D00040E80012002AF6D12068083050E8001F7B
:1063E00021F0010140E80012002AF5D18434A660B2
:1063F00025700320D8E76C34E6612662256065606D
:1064000025760020D0E700002DE9F04387B0044650
:106410000026DFF8FC9320682269A168E369114334
:1064200062691A4311430268FA4B1A400A43026038
:1064300020684168E26821F4405111434160A0693D
:106440002168494501D0226A10438A68F24B1A40FC
:1064500002438A602068C16A626A21F00F01114319
:10646000C162EE4A2068EE4990421DD1096801F0F0
:106470003801182912D005DC51B108290AD0102999
:1064800004D109E020290BD028290BD080212DE14F
:1064900001212BE1042129E1082127E1102125E137
:1064A000202123E1402121E1DE4A904217D10968F1
:1064B00001F00701062910D2DFE801F00305070902
:1064C0000B0D002112E1042110E108210EE1102141
:1064D0000CE120210AE1402108E1802106E1D24AB5
:1064E000904217D1096801F00701062910D2DFE8B0
:1064F00001F0030507090B0D0021F7E00421F5E089
:106500000821F3E01021F1E02021EFE04021EDE04F
:106510008021EBE0C54A904217D1096801F00701DC
:10652000062910D2DFE801F0030507090B0D002151
:10653000DCE00421DAE00821D8E01021D6E02021B7
:10654000D4E04021D2E08021D0E0B94A904217D176
:10655000096801F00701062910D2DFE801F0030500
:1065600007090B0D0021C1E00421BFE00821BDE0B7
:106570001021BBE02021B9E04021B7E08021B5E047
:10658000AC4A90421DD1096801F03801182912D097
:1065900005DC51B108290AD0102904D109E02029CD
:1065A0000BD028290BD08021A0E001219EE00421FE
:1065B0009CE008219AE0102198E0202196E04021FB
:1065C00094E09D4A904217D1096801F0070106291D
:1065D00010D2DFE801F0030507090B0D002185E06B
:1065E000042183E0082181E010217FE020217DE06B
:1065F00040217BE0802179E0904A904217D10968E0
:1066000001F00701062910D2DFE801F003050709B0
:106610000B0D00216AE0042168E0082166E01021EA
:1066200064E0202162E0402160E080215EE0844A55
:1066300090421DD1096801F03801182912D005DCFB
:1066400051B108290AD0102904D109E020290BD022
:1066500028290BD0802149E0012147E0042145E0B1
:10666000082143E0102141E020213FE040213DE0AE
:10667000744A90421DD1096801F03801182912D0DE
:1066800005DC51B108290AD0102904D109E02029DC
:106690000BD028290BD0802128E0012126E00421FD
:1066A00024E0082122E0102120E020211EE04021EA
:1066B0001CE0484519D15A49091D096801F0070134
:1066C000062910D2DFE801F0030507090B0D0221AE
:1066D0000CE004210AE0082108E0102106E0202156
:1066E00004E0402102E0802100E08021564D4C4A28
:1066F0004FF4004C554F4FF000082B11543A4845C9
:1067000056D110292BD006DC02291AD004291CD01E
:10671000082904D11EE0202929D0402929D00025AC
:106720000126EDB3606A37F81020B5FBF2F0676818
:1067300007EB4701814202D8B0EB073F1BD9012686
:10674000EDE0FCF725FB0546EBE704A8FCF732FB80
:10675000059DE6E701A8FCF70DFC029DE1E7106846
:106760008006DED51068C0F3C100C540D9E71D46DC
:10677000D7E76546D5E7002328461946F9F738FEDE
:106780000902020241EA1061780810183A46002313
:1067900041EB0801F9F72CFE2D4AA0F5407100E00D
:1067A00058E0914202D82168C860B8E00126B6E0FE
:1067B000E0694FF6EF7960456DD1082958D005DCC6
:1067C00029B301294BD0042906D14CE0102954D01B
:1067D00020295AD040295AD000250126D5B3606A15
:1067E00037F81000B5FBF0F04100606801EB500194
:1067F000B1FBF0F0A0F1100149454AD84FF6F07115
:106800000140C0F3420001432068C16087E022E0FC
:10681000000C0058F369FFCFFFF4FF110010014096
:10682000544402580044004000480040004C0040DE
:10683000005000400014014000780040007C0040FF
:1068400000180140001C01400090D00384B70008EC
:10685000FFFC0F0061E0FDF795FA0546BEE7FDF786
:10686000A3FA0546BAE704A8FCF7A4FA059DB5E724
:1068700001A8FCF77FFB029DB0E710688006ADD54C
:106880001068C0F3C100C540A8E71D46A6E76546ED
:10689000A4E7012643E008292ED005DCF9B101293F
:1068A00021D0042906D122E010292AD0202930D075
:1068B000402930D0002501267DB3606A37F81000EA
:1068C000B5FBF0F1606801EB5001B1FBF0F0A0F115
:1068D0001001494522D8216880B2C8601FE0FDF749
:1068E00051FA0546E8E7FDF75FFA0546E4E704A834
:1068F000FCF760FA059DDFE701A8FCF73BFB029D72
:10690000DAE710688006D7D51068C0F3C100C5402B
:10691000D2E71D46D0E76546CEE700E0012601201C
:10692000683460802080C4F80C80C4F8108007B000
:106930003046BDE8F083000070B5044644F8581FA7
:10694000A2800021A16322206063A06A583C002835
:106950001DD01F4BC363241D1E48E36F1864E36FF3
:106960001D48D864E06F0165134654F8041CE56FB8
:10697000606D2431241F02462846FBF75FF830B1D2
:1069800010208C34606020202060012070BD2069C0
:1069900040B1206850E8001F41F4807140E80012C7
:1069A000002AF6D12068083050E8001F41F00101AC
:1069B00040E80012002AF5D12068083050E8001F96
:1069C00041F0400140E80012002AF5D1002070BDDE
:1069D0003BA1000897A0000847A000082DE9F04758
:1069E00004460D4617469846089E4FF0000935E0CC
:1069F000701C33D0FCF7F0F8A0EB0800B04219D8B7
:106A0000C6B120680168490728D5802D26D0402DC1
:106A100024D0C169C94309070ED42068082505623E
:106A2000204603F049FBC4F8905084F8849001207C
:106A3000BDE8F0870320FBE7C069C04300050DD423
:106A400021684FF400600862204603F035FB2020E7
:106A5000C4F8900084F884900320E9E72068C069B6
:106A600035EA000004D00020B842C1D00020DFE7A2
:106A70000120F9E70148FEF7BFBB000064060024CF
:106A80000148FEF7B9BB0000D0050024FEE7000076
:106A90002DE9F041FDF79AF9064630002AD0164854
:106AA0004068164A1168431A4FF00008D2E90241C3
:106AB000E41841EB08010D46C2E9024110600023D1
:106AC000324629462046F9F793FC0D4F38604FF4C3
:106AD0007A70B6FBF0F2434629462046F9F788FC67
:106AE0007860434607482946B6FBF0F22046F9F79E
:106AF0007FFCB860BDE8F081001000E09001002448
:106B0000701E002440420F0010B504461F4A206842
:106B100090420FD11E480460416300231A46194673
:106B2000204600F01BFC002320460E211A4600F0F0
:106B300015FC26E0174A904210D115483830046001
:106B4000416300231A461946204600F007FC002343
:106B500020460E211A4600F001FC12E00E4A904237
:106B60000FD10B48703004604163002310211A4696
:106B7000204600F0F3FB002320461A211A4600F0BD
:106B8000EDFB2046BDE81040FBF776BE00A00040BC
:106B90005009002400A4004000D400404FF40041FC
:106BA00002460148FCF711B8000802584FF40051A2
:106BB00002460148FCF709B8000802584FF480412A
:106BC00002460148FCF701B800080258012802D12A
:106BD000394A10805160022828D004282BD0082878
:106BE0002ED0102831D0202834D0402837D080280B
:106BF0003AD0B0F5807F3CD0B0F5007F3ED0B0F504
:106C0000806F40D0B0F5006F42D0B0F5805F44D0C7
:106C1000B0F5005F46D0B0F5804F48D0B0F5004FDA
:106C200003D1254A7832108051607047224A0832D9
:106C3000108051607047204A1032108051607047B8
:106C40001D4A18321080516070471B4A2032108054
:106C500051607047184A2832108051607047164AB8
:106C60003032108051607047134A383210805160C2
:106C70007047114A40321080516070470E4A4832C6
:106C80001080516070470C4A50321080516070473C
:106C9000094A5832108051607047074A60321080AC
:106CA00051607047044A6832108051607047024A50
:106CB00070321080516070471001002410B58AB006
:106CC0000C9C01910021002B02D0012B02D004E08A
:106CD000029102E04FF0804302930391092C1DD2F0
:106CE000DFE804F01C05080B0E1114171A0001232D
:106CF000049313E00223049310E0032304930DE0B4
:106D0000042304930AE00523049307E00623049375
:106D100004E00723049301E00823049305910691FE
:106D200007910891099101A9FBF740F80AB010BD3D
:106D3000F0B50346714CA34247D1714B0C29714CFD
:106D4000714D724E724F08D2DFE801F00706080A53
:106D50000C0E151C232A31386948F0BD981CF0BD73
:106D6000181DF0BD981DF0BD1AB1012AFBD166486F
:106D7000F0BD6448F0BD1AB1012AFBD1A81CF0BDDA
:106D8000A01CF0BD1AB1012AFBD1281DF0BD201DA9
:106D9000F0BD1AB1012AFBD1A81DF0BDA01DF0BDA8
:106DA0001AB1012AFBD15A48F0BD5848F0BD1AB1BA
:106DB000012AFBD1B81CF0BDB01CF0BD1AB1012AEC
:106DC000FBD1381DF0BD301DF0BD524CA34248D15F
:106DD000514C0C29514D524B524E534FF4D2DFE8D7
:106DE00001F00607090B0D0F161D242B3239EBE7B6
:106DF0004948F0BDA01CF0BD201DF0BDA01DF0BD98
:106E00001AB1012AFBD14648F0BD4448F0BD1AB181
:106E1000012AFBD1981CF0BDA81CF0BD1AB1012AB3
:106E2000FBD1181DF0BD281DF0BD1AB1012AFBD100
:106E3000981DF0BDA81DF0BD1AB1012AFBD13A483A
:106E4000F0BD3848F0BD1AB1012AFBD1B81CF0BD25
:106E5000B01CF0BD1AB1012AFBD1381DF0BD301DA8
:106E6000F0BD324CA342FBD1314B0C29314C324D99
:106E7000324E334FF4D2DFE801F00607090B0D0F55
:106E8000161D242B3239EBE72948F0BD981CF0BDC4
:106E9000181DF0BD981DF0BD1AB1012AFBD126487E
:106EA000F0BD2448F0BD1AB1012AFBD1A81CF0BDE9
:106EB000A01CF0BD1AB1012AFBD1281DF0BD201D78
:106EC000F0BD1AB1012AFBD1A81DF0BDA01DF0BD77
:106ED0001AB1012AFBD11A48F0BD1848F0BD1AB109
:106EE000012AFBD1B81CF0BDB01CF0BD1AB1012ABB
:106EF000FBD1381DF0BD301DF0BD00002C02002478
:106F0000A000002498000024B0000024A800002461
:106F1000B8000024CC020024C8000024C0000024D3
:106F2000D8000024D0000024E00000246C030024DA
:106F3000F0000024E800002400010024F8000024F0
:106F40000801002470EE601A71EE600A81EEA00A5A
:106F5000091A00EE901AB8EEE01A00EE900AF8EE68
:106F6000E00A40EE010ABDEEE00A10EE100A70479A
:106F7000401A01EE100A501AF8EEC11A01EE100A7A
:106F8000B8EEC12A81EE821A70EEC00A01EE200A24
:106F900070470000DFED050A054920EE200A096868
:106FA000BCEEC00A10EE100A8863704700007A44F5
:106FB000F004002410B59CB04C2109A8F9F706FB99
:106FC000202101A8F9F702FB0220FBF7B5FE0024FF
:106FD0001D48016821F440410160016801F440410D
:106FE000009101688904FCD50121099108040A90E7
:106FF00002201290139014902822159216910421C9
:10700000179118900C2019901A941B9409A8FCF75A
:10701000B7FF08B1F9F722FC3F200190032002904E
:1070200003940820049040200590069001010791E8
:107030000890032101A8FCF745FD002801D0F9F7CD
:107040000DFC1CB010BD00001848025810B50146D8
:10705000034800F09DFCBDE81040014800F0BABDB7
:107060007C1E002410B5FFF713FD0148406810BDD9
:10707000701E0024014801F06EBC00001C2000249A
:10708000014801F068BC000044200024014801F0E0
:1070900062BC00006C200024014801F05CBC0000D0
:1070A0009420002410B5FFF7F3FC254CA068401C89
:1070B000A0606078401CC0B26070642804D321488E
:1070C00000F0F7FD002060701F48022102F0B8FBBD
:1070D0001D48AC3802F05AF91B48683001F074FEC4
:1070E0001948F221683001F053FE174872216830C8
:1070F00001F05CFE1448AC3890ED0C0A84ED050AF2
:107100006C3090ED020A84ED060AB7EEC00A9FEDDE
:107110000F1B30EE410B03F0B7FD94ED041AB7EEF0
:10712000C11A20EE010BB7EEC00B84ED030A06482E
:10713000AC3802F0D5F8BDE81040024800F0C4BDFC
:10714000080200247C1E0024A4270024C3F5285C28
:107150008FC20940DFED050A054920EE200A0968C3
:10716000BCEEC00A10EE100A0864704700FF7F47AB
:107170000C040024026800F12801A2F20122042A72
:107180000FD2DFE802F00205080B064801F030BF1D
:10719000054801F02DBF054801F02ABF044801F061
:1071A00027BF7047BC200024C4210024CC22002427
:1071B000D423002470B5044640F6331004F12806A9
:1071C00021688142A1F633132CD00DDCFD293BD080
:1071D00003DC99B3F2294AD140E0A1F510613139BD
:1071E00015D0012943D117E040F2FF618B42A3F291
:1071F000FF6011D006DC012B1AD0A3F5C063FE3B63
:1072000035D104E001280DD0022830D110E02D48FE
:10721000314601F037FC2AE02A483146503001F06F
:1072200031FC24E027483146A03001F02BFC1EE061
:1072300024483146F03001F025FC18E0FFE72248F1
:10724000314602F039F812E01F4832466C3002F045
:1072500005FA1E48314601F095FD08E01A4832460D
:107260006C3002F0FBF91948314601F08BFD184DE6
:1072700095F82000C0070BD105F1200003F0A1FB19
:1072800030B12088000AA87005F12000AFF300801B
:10729000287FC0070AD10E481C3003F092FB28B1AA
:1072A0002078E8700A481C30AFF30080A8787F2867
:1072B00006D106483146BDE87040683802F0BABAD7
:1072C00070BD0000DC240024F82600240C280024D3
:1072D000080200240378427842EA0323002902D0FE
:1072E0000A70007848701846704730B544780378C3
:1072F0008578C278240442EA036344EA05242343E0
:10730000002906D00A7082784A7042788A70007824
:10731000C870184630BD000070B50D4D4FF4806147
:107320002846FBF74BFC0B4C20714FF400612846BC
:10733000FBF744FC60714FF480512846FBF73EFC9C
:10734000A0714FF480410448FBF738FCE07170BD38
:10735000000802580802002400100258F0B589B055
:1073600007460C464FF00006A00701D4019602E044
:107370004FF080400190E0080290022103916007E5
:107380004FF0010501D4049500E0049105920693A5
:1073900001A93846FAF741FDE0070FD0022238462E
:1073A000012311460095FAF77CFD60070ED40022F8
:1073B00038460121FAF7B8FC09B0F0BD0222384680
:1073C000002311460096FAF76CFDEEE700223846DE
:1073D0001021FAF7A9FCEFE710B504462DED028B5A
:1073E000F0EE408AB0EE608AC4F30000FFF7DEFBE7
:1073F000C4F34000FFF7E2FBC4F38000FFF7CEFBCD
:1074000009480C21FDF71EFC08480421FDF71AFC71
:10741000B0EE680AFFF79EFEB0EE480ABDEC028BA4
:10742000BDE81040FFF7B6BD0C040024F0040024B2
:107430000948016841F080710160084800214160FD
:10744000016841F0010101604168054801600022C6
:107450008260C26070470000FCED00E0001000E0B8
:10746000900100243F4B02689A4203D13E4A1060CB
:1074700051607047B2F1804F07D03C4B9A4209D11E
:10748000394A1032106051607047374A0832106034
:1074900051607047364B9A4204D1334A183210601B
:1074A00051607047334B9A4204D12F4A203210600A
:1074B00051607047304B9A4204D12B4A28321060F9
:1074C000516070472D4B9A4204D1274A30321060E8
:1074D000516070472A4B9A4204D1234A38321060D7
:1074E00051607047274B9A4204D11F4A40321060C6
:1074F00051607047244B9A4204D11B4A48321060B5
:1075000051607047214B9A4204D1174A50321060A3
:10751000516070471E4B9A4204D1134A5832106092
:10752000516070471B4B9A4204D10F4A6032106081
:1075300051607047184B9A4204D10B4A6832106070
:1075400051607047154B9A4204D1074A703210605F
:1075500051607047124B9A42FBD1034A7832106057
:1075600051607047000001401800002400040040F2
:1075700000080040000C00400010004000140040D3
:107580000004014000180040001C004000200040A2
:1075900000400140004401400048014000E000403C
:1075A00000E4004030B4474C0368A3420AD1464B84
:1075B0001860C3F80812A3F8042203F5827130BCE6
:1075C000FDF7B6BC414CA3420AD1414B1860C3F849
:1075D0000812A3F8042203F5827130BCFDF7A8BCA1
:1075E0003C4CA3420AD13C4B1860C3F80812A3F8E4
:1075F000042203F5827130BCFDF79ABC374CA342DC
:107600000AD1374B1860C3F80812A3F8042203F517
:10761000827130BCFDF78CBC324CA3420AD1324B94
:107620001860C3F80812A3F8042203F5827130BC75
:10763000FDF77EBC2D4CA3420AD12D4B1860C3F838
:107640000812A3F8042203F5827130BCFDF770BC68
:10765000284CA3420AD1284B1860C3F80812A3F89B
:10766000042203F5827130BCFDF762BC234CA342B7
:107670000AD1234B1860C3F80812A3F8042203F5BB
:10768000827130BCFDF754BC1E4CA3420AD11E4B84
:107690001860C3F80812A3F8042203F5827130BC05
:1076A000FDF746BC194CA3420AD1194B1860C3F828
:1076B0000812A3F8042203F5827130BCFDF738BC30
:1076C00030BC704700100140F8090024004400401D
:1076D000040C002400480040100E0024004C004020
:1076E0001C10002400500040281200240014014007
:1076F000341400240078004040160024007C004030
:107700004C18002400180140581A0024001C0140A5
:10771000641C002410B50420012B0DD00224022B80
:1077200018D0032B07D1012A22D0022A22D0032A03
:1077300001D10320087010BD012A06D0022A07D00B
:10774000032AF8D10120087010BD0020087010BD78
:10775000087010BD012A06D0022A06D0032AF8D1EB
:107760000520087010BD0C7010BD0620087010BDFB
:107770000C7010BD087010BD0FB4BDF80410BDF83A
:107780001820C1F30A01C2F30A02914222D1BDF8C6
:1077900005100023BDF81920C1F3CA01C2F3CA02C3
:1077A000914217D1DDF80510DDF81920C1F38A31B7
:1077B000C2F38A3291420DD1BDF80810BDF81C20E9
:1077C000C1F34A01C2F34A02914203D180F87530F5
:1077D00004B07047012180F87510F9E7F0B5044650
:1077E0002DED028B8DB0216804F1100012220746A6
:1077F00001F58271F8F7B8FE256805F5827500215C
:107800002888C0F30A0003F096FE00EE100A94EDFB
:10781000028AD4ED038A30EE480AC0EE280AC4ED8D
:107820001E0AB5F801000021C0F3CA0003F083FE70
:1078300000EE100A30EE480AC0EE280AC4ED1F0A16
:10784000D5F801000021C0F38A3003F074FE00EE89
:10785000100A30EE480AC0EE280AC4ED200AA888B3
:107860000021C0F34A0003F066FE00EE100A30EE7D
:10787000480AC0EE280AC4ED210A94F8270004F152
:1078800088018309687982092046FFF743FF94F84D
:10789000270004F18901C0F301136879C0F30112D4
:1078A0002046FFF737FF94F87600E0BBB5F90600F5
:1078B00000EE100AF8EEC00A9FED340A60EE800A6E
:1078C000C4ED230AB5F9080000EE900AF8EEE00ACC
:1078D00060EE800AC4ED240AB5F90A0000EE900AB1
:1078E000F8EEE00A20EE800A84ED250A94F82E30A6
:1078F00004F198012A7B204600F0C0F894F82F305C
:1079000004F199016A7B204600F0B8F80026208E29
:10791000F04000F00103E889F040A11900F00102F5
:1079200020469A3100E004E000F0A8F8761C102E02
:10793000EDDB288A0021C0F30A0003F0FCFD00EE15
:10794000100AD4ED020A30EE600AD4ED030A80EE8C
:10795000201A84ED2B1A1222394602A8F8F704FEE9
:10796000D4F82E001222009004F12201608EADF8AE
:10797000040008A8F8F7B3FD08A920460EC9FFF7D0
:10798000FBFE0DB0BDEC028BF0BD00000000003826
:1079900010B50446206E401C20662046FFF71EFFEF
:1079A000216804F12200BDE81040122201F5827125
:1079B000F8F795BDF0B5D0E91824D0E91A130026E0
:1079C0000125A24208D1994206D17030067107887C
:1079D0007F1C20F8707901E080F87450994202D140
:1079E00080F8766001E080F87650A24202D180F8FB
:1079F000776001E080F877504266C166F0BD000014
:107A00000968124A914202D1114901607047114A36
:107A1000914202D1104901607047104A914202D14F
:107A20000F49016070470F4A914202D10E4901602F
:107A300070470E4A914202D10D49016070470D4ACC
:107A40009142FBD10C4901607047000000100140D9
:107A5000F809002400440040040C002400480040C1
:107A6000100E0024004C00401C1000240050004068
:107A7000281200240014014034140024002B07D0E5
:107A8000012B04D16AB1012A01D10120087070478D
:107A900022B1012AFBD10220087070470020087033
:107AA000704703200870704770B504462DED068BB3
:107AB000204600F099F8DFED459A94F87508012802
:107AC00073D194F8740800286FD194ED200A03F064
:107AD00029FD04F50065D5ED1E0AB4EEE00AF1EECD
:107AE00010FA02DDD4ED208A01E0F0EE698A94ED0F
:107AF000210A03F017FDD5ED1E0AB4EEE00AF1EEFF
:107B000010FA02DD94ED219A01E0B0EE699A94ED4D
:107B10002B0A03F007FDD5ED1E0AB4EEE00AF1EEE4
:107B200010FA01DDD4ED2B9A68EEA80AB7EE00AA90
:107B3000F6EE00AAB0EE4A0A00EEEA0A02F002FFF0
:107B400060EE090A04F1B00606F5806595EDCC0AF1
:107B500020EE808A69EE090AB0EE4A0A00EEEA0ACF
:107B600002F0F0FE60EE280A95EDCD0A60EE800A84
:107B700095EDCE0A164820EE290A80ED000A90ED18
:107B8000011A31EE001A80ED011A94F8890078B1DB
:107B9000062811D0032808D1022086F8F00685EDCA
:107BA000EE8AC5EDEF0A85EDF00ABDEC068B70BDDF
:107BB000012086F8F006F8E7022086F8F00685ED49
:107BC000EE8AC5EDEF0A85EDF01AEEE70000000041
:107BD00000020024034610B5184600F005F8BDE881
:107BE00010401846FFF760BF024600B5104600F08F
:107BF0000CF892F87408022803D0012082F8750866
:107C000000BD002082F8750800BD90ED200AB5EE99
:107C1000C00AF1EE10FA1BD190ED210AB5EEC00AB0
:107C2000F1EE10FA14D190ED1E0AB5EEC00AF1EE95
:107C300010FA0DD190ED1F0AB5EEC00AF1EE10FA60
:107C400006D190ED2B0AB5EEC00AF1EE10FA03D082
:107C5000002180F87418704790ED230AB5EEC00A31
:107C6000F1EE10FA19D190ED240AB5EEC00AF1EE4A
:107C700010FA12D190ED250AB5EEC00AF1EE10FA15
:107C80000BD190F89C1041B990F89D1029B990F84B
:107C90009A1011B990F89B1019B1012180F874184D
:107CA000704790F874100029FAD1022180F87418F6
:107CB000704710B504462046FFF77CFE04F1B00083
:107CC000BDE8104000F04EBBB03000F062BB0000D9
:107CD00010B504462DED028BB0EE408A0A492046CD
:107CE000FFF78EFEB2EE001AF3EE000AB3EE000AC2
:107CF00004F1B00000F0AAFB04F5006484ED1E8AD4
:107D0000BDEC028B10BD00003C0500242DE9F041C4
:107D100004462DED028B82B094F8F0069FED5B8A4D
:107D2000002804D001281DD002280ED141E00020F7
:107D3000211891F8A41749B100EB401104EBC101DF
:107D400081EDA28A401C0428F2DB7AE000EB4011AE
:107D5000032204EBC10181F88022B1EE0E0A81ED0D
:107D6000A20AEFE7002505EB451004EBC00000F583
:107D7000C8768046012086F8F00005EB850004EB0C
:107D80000017012007F5B66787F838003046B0EED7
:107D9000480A02F09EFCB0EE480A08F5F07002F0C6
:107DA00098FC86ED3F8A87ED128A6D1C042DDADB84
:107DB00047E00020042200EB401104EBC10181F8F0
:107DC000802200EB8001012204EB011181F8E825FB
:107DD000401C0428EEDB002504F5806704EB8506D3
:107DE00005EB451006F5806604EBC00096EDBD0A74
:107DF00000F5C87080ED3D0A96EDC10A02F075FDF0
:107E000096EDDB0A03F08EFBD7EDD80AB4EEE00A5C
:107E1000F1EE10FA0ADB05EB850096EDDB0A04EBC8
:107E2000001000F5B66080ED120A07E005EB850052
:107E300004EB001000F5B66080ED128A6D1C042D75
:107E4000CCDB002505EB451004EBC00000F5C87045
:107E500001F0D6F86D1C042DF4DB082000900C4ACC
:107E6000002381010B48FEF729FF002505EB850063
:107E700004EB001000F5B66000F009FE6D1C042D47
:107E8000F4DB02B0BDEC028BBDE8F0810000000025
:107E9000A00000242C0200242DE9F04107462DED1E
:107EA000088B9FED2F8AF0EE488AB0EE489A0024A6
:107EB000DFF8B880DFED2B9A9FED2BAAF5EE00AA34
:107EC00004EB840007EB001606F5B66696ED0A0A89
:107ED00007EB840505F5806580EE29BA95EDC10AAA
:107EE000F8F7FAFB2BEE000A20EE0A0A00EE2A8AC7
:107EF00096ED0A0A80EE29BA95EDC10AF8F734FC2E
:107F00002BEE000A20EE0A0A40EE2A8A96ED0A0AB3
:107F1000D5EDC50A80EE29BA95EDC10A30EE600AAA
:107F2000F8F722FC2BEE000A08EB840090ED001A13
:107F300060EE0A0A80EE810A00EE2A9A641C042C84
:107F4000BEDB07F5806080EDC98AC0EDCA8A80ED8E
:107F5000CB9A3846BDEC088BBDE8F04100F05EB925
:107F6000000000003D0A574077BE1F3D20B80008C2
:107F700004292CD2421892F8A43773B901EB4113AB
:107F800000EBC30393ED980A00EB810101F58061DA
:107F900081EDEA0A012182F8A41790F8A4170129BB
:107FA0000BD190F8A517012907D190F8A617012940
:107FB00003D190F8A71701290AD0002190F8F026E4
:107FC000002A04D1002902D0022180F8F01670475F
:107FD0000121F3E72DE9F04106462DED028B06F174
:107FE000A00796F8F00606F15008002830D00128C6
:107FF0002ED0022841D106F58065304695EDEE0A77
:1080000002F064FB95EDC90A304602F06EFC304682
:1080100002F062FB95EDEF0A404602F057FB95ED4A
:10802000CA0A404602F061FC404602F055FB95ED5D
:10803000F00A384602F04AFB95EDCB0A384602F0CA
:1080400054FCBDEC028B3846BDE8F04102F044BB65
:1080500000249FED0C8A3046B0EE480A02F039FB4E
:10806000B0EE480A404602F034FBB0EE480A38460B
:1080700002F02FFB641C042CEDDBBDEC028BBDE891
:10808000F0810000000000002DE9F04106462DEDD2
:10809000068B84B0304602F025FCF0EE409A06F1E3
:1080A000500002F01FFCB0EE408A06F1A00002F082
:1080B00019FCF0EE408A0024554FE84606EB840593
:1080C00005F5806595EDC10AF8F706FB20EE299AC3
:1080D00095EDC10AF8F748FB07EB840008EE009A1B
:1080E00090ED000AD5EDC10A88EE80AA95EDC50A8B
:1080F00030EE600AF8F738FB0AEE409A08EB84008D
:1081000080ED009A641C042CD8DB00259FED418A89
:1081100006F5806705EB850006EB001000F5B660FC
:1081200090ED0A0A06EB850404F5806497EDDA1AEF
:10813000D4EDDF0A08EB850130EEC00A20EE010A1B
:1081400091ED001A01EE080A84EDDB0A97EDD91AC9
:10815000F4EEC10AF1EE10FA06DDD4EDD40A30EEE9
:10816000200A84EDDB0A17E0F1EE411AF4EEE10A91
:10817000F1EE10FA06D2D4EDD40A30EE600A84EDA6
:10818000DB0A09E0D0ED0A0AC0EE811AD4EDD40A68
:1081900001EEA00A84EDDB0A94EDDB0A03F0C2F9DC
:1081A000D7EDE30AB4EEE00AF1EE10FA04D29FED47
:1081B0001A0A84EDDB0A23E094EDDB0A03F0B2F93E
:1081C000D7EDE40AB4EEE00AF1EE10FA18D294ED1D
:1081D000DB0AB5EEC00AF1EE10FA06DDD4EDE50AD1
:1081E00030EE200A84EDDB0A0AE0B5EEC00AF1EEBB
:1081F00010FA05D2D4EDE50A30EE600A84EDDB0A10
:108200006D1C042D86DB04B0BDEC068BBDE8F0814F
:1082100020B8000877BE1F3D0000000070B506467C
:108220002DED048B00249FED178ADFED178A9FED5B
:10823000179A04EB441006EBC00090ED980A06EB89
:10824000840505F5806595EDEA1A30EE410A95ED55
:10825000C51A01EE080AF0EE680A02F071FB80EE22
:10826000081A85EDC11AB0EE410AF0EE490A03F092
:1082700040F985EDC10A641C042CDADBBDEC048BEB
:1082800070BD0000721C2740AF3F8341DB0FC94027
:108290002DE9F04380462DED028B81B00024DFF8FC
:1082A000B890DFED2E8A08F5806608EB840505F5A9
:1082B000806595EDC50AF8F757FA09EB8407D6ED06
:1082C000F00A97ED001A96EDEE8A60EE810A00EE54
:1082D000C08A95EDC50AF8F7FFF9F0EE400A96ED71
:1082E000F00A97ED001A20EE011A96EDEF0A01EE62
:1082F000200A28EE081A00EE001AB5EEC01AF1EEB8
:1083000010FA04DBF1EEC10ACDED000A03E0DFED67
:10831000140ACDED000A9DED001AC1EE280AC5ED44
:10832000DF0AB5EEC01AF1EE10FA04D195EDC10ADC
:1083300085EDBD0A05E0F0EE480A02F04BFB85ED45
:10834000BD0A641C042CB0DB01B04046BDEC028BBE
:10835000BDE8F04300F030B820B8000877BE1F3DFC
:108360000000000070B50546002404EB441005EB46
:10837000C00000F5C87000F06BFE04EB840005EB54
:10838000001000F5B66000F0AEFB641C042CECDBC2
:1083900070BD10B504462046FFF77EFD2046FFF76E
:1083A00077FF2046FFF716FE2046FFF76DFE2046BA
:1083B000BDE81040FFF7AABC2DE9F04106462DEDBF
:1083C000028B00251D4F9FED1E8A06EB850404F5E8
:1083D0008064F0EE480A94EDBD0A94EDC11A30EEC7
:1083E000410A03F086F810EE101AB9420BD810EECD
:1083F000100A1449884206DC94EDC11A31EE000AD5
:1084000084EDBD0A13E09FED101AF0EE480A30EE3D
:10841000010A03F06EF894EDC11A30EE010A84ED02
:10842000BD0A94EDDF0AB1EE400A84EDDF0A6D1C4F
:10843000042DCADBBDEC028BBDE8F081DB0FC9BFA8
:10844000DB0FC940DB0FC93FDB0F494030B50446A5
:108450002DED068B81B004F5806080EDCC0AC0ED77
:10846000CD0A80EDCE1A0021DFEDE88AB0EE685A21
:10847000F0EE684AB0EE684AF0EE683A9FEDE48AA2
:10848000F3EE0E2AB0EE483A9FEDE29AF0EE681A4B
:10849000B0EE681AB0EE492AF0EE680AB2EE040AAD
:1084A000204602F007FA0021B0EE685AF0EE684A62
:1084B000B0EE684AF0EE683AB0EE483AF3EE0E2AB3
:1084C000B0EE492AF0EE681AB0EE681AF0EE680ACB
:1084D000B2EE040A04F1500002F0ECF90021B0EE13
:1084E000685AF0EE684AB0EE684AF0EE683AB0EECC
:1084F000483AF2EE042A9FEDC82AF0EE681AB0EE70
:10850000681AF0EE680AB2EE040A04F1A00002F064
:10851000D1F9002000EB800104EBC101C1F8F84063
:10852000401C0428F6DBBD4D00234FF4806204F1AB
:10853000F000294600F00CFA0123294604F58C705E
:10854000DA0200F005FA0223294604F5A070DA02E7
:1085500000F0FEF9B24903234FF4804204F5B470F1
:1085600000F0F6F9F2EE040A9FEDAE9A04F5C87039
:10857000AD49032305460122B0EE490A00F08CFD07
:108580000021B0EE685AF0EE684AB0EE684AF0EEAC
:10859000683AB0EE483ADFEDA59AB0EE682AF0EE00
:1085A000681AF0EE692AB0EE681AF0EE680AB3EEC7
:1085B000070A284602F07EF90021B0EE685AF0EE74
:1085C000684AB0EE684AF0EE683AB0EE483AF1EE2A
:1085D000082AB0EE082AF0EE681AB0EE681AF0EE3B
:1085E000680A9FED93AA04F5F070B0EE4A0A02F013
:1085F00061F904F526708C49032305460222F2EE48
:10860000040AB0EE490A00F047FD00212846B0EE0A
:10861000685AF0EE684AB0EE684AF0EE683AB0EE9A
:10862000483AF0EE692AB0EE682AF0EE681AB0EE29
:10863000681AF0EE680AB3EE070A02F03BF900216F
:10864000B0EE685AF0EE684AB0EE684AF0EE683A6A
:10865000B0EE483AF1EE082AB0EE082AF0EE681AB9
:10866000B0EE681AF0EE680AB0EE4A0A04F53A7005
:1086700002F020F903236C4904F568701A46F2EE03
:10868000040AB0EE490A054600F006FD002128461E
:10869000B0EE685AF0EE684AB0EE684AF0EE683A1A
:1086A000B0EE483AF0EE692AB0EE682AF0EE681AA9
:1086B000B0EE681AF0EE680AB3EE070A02F0FAF8B4
:1086C0000021B0EE685AF0EE684AB0EE684AF0EE6B
:1086D000683AB0EE483AF1EE082AB0EE082AF0EE19
:1086E000681AB0EE681AF0EE680AB0EE4A0A04F5AD
:1086F0007C7002F0DFF804F595604B4903230546D2
:108700000422F2EE040AB0EE490A00F0C5FC002192
:108710002846B0EE685AF0EE684AB0EE684AF0EECD
:10872000683AB0EE483AF0EE692AB0EE682AF0EE08
:10873000681AB0EE681AF0EE680AB3EE070A02F0A3
:10874000B9F80021B0EE685AF0EE684AB0EE684A17
:10875000F0EE683AB0EE483AF1EE082AB0EE082A98
:10876000F0EE681AB0EE681AF0EE680AB0EE4A0A47
:1087700004F59F6002F09EF89FED2E8ADFED2E8AB1
:108780002E490125072300953122F3EE0E1AB0EE93
:10879000481AF0EE480AB0EE680A04F5B66000F038
:1087A000AFF92649072332220095F3EE0E1AB0EEF8
:1087B000481ADFED230AB0EE680A04F5C06000F045
:1087C0009FF91E49072333220095F3EE0E1AB0EEEF
:1087D000481AF0EE480AB0EE680A04F5CA6000F0E4
:1087E0008FF91649072334220095F3EE0E1AB0EEE6
:1087F000481AF0EE480AB0EE680A04F5D46000F0BA
:108800007FF901B0BDEC068B30BD00000000000018
:108810006F12033BEC51383E0AD7233C0008025844
:1088200000100258000010422C0200240000704288
:108830006666A63F00004842280FC940CC020024CB
:108840000000484370B502F053F8503002F050F881
:10885000503002F04DF8374904232822503002F0FE
:108860009EF835490423A0304FF4847202F097F843
:1088700032490423502200F5846002F090F800F59C
:10888000A0702F4A002100F114060170111D9FED08
:108890002D0AF7EE000A3AC93AC602F1140100F1B6
:1088A0002406A0F5DE603AC93AC600F5806102F1FF
:1088B000240381EDC90A81EDCA0A81EDCB0A81ED5D
:1088C000CC0A81EDCD0A81EDCE0A81EDCF0A78CBBD
:1088D00000F5E86080E8780002F13403103078CBCE
:1088E00078C081EDD80AC1EDD90ADFED170A02F18F
:1088F0004403C1EDDA0AC1EDE30ADFED140A2038C2
:10890000C1EDE40A78CB543078C06438136843660C
:10891000D2E91645536D126EC0E91B458366426766
:10892000A0F5E86081EDEE0A81EDEF0A81EDF00A35
:1089300070BD0000A589000829910008958C0008E9
:10894000BCB7000800000000CDCCCC3D6666A63F59
:1089500082800374704770B50446FEF783FBE060C5
:10896000B0F57A7F1DD9FAF737F96061A169401A2D
:10897000E061216A002588420FD214F8240F401CC0
:10898000C0B220706178243C884208D3217CA06862
:10899000FFF7EEFA84F8245001E084F8245060696F
:1089A000A06170BD40F6B8320021C160C0E9071275
:1089B00080F82410032180F8251070473EB5044646
:1089C000226863685068C1B299421AD1000A092826
:1089D00018D0102815D102F12C00801D02A9FEF735
:1089E00079FCBDF808009FED231A00EE100AF8EE9E
:1089F000400A80EE810ADFED200A20EE200A84ED95
:108A00000D0A3EBD25682C3502A92846FEF76DFCEF
:108A1000281D01A9FEF75EFCA81D6946FEF75AFC59
:108A2000207E00EE100AF8EE400A9DED020AB8EE34
:108A3000C01A81EE200ADFED110A20EE200A84ED33
:108A40000A0ABDF90400F2EE040A00EE100AB8EEBC
:108A5000C00A80EE201A84ED0B1ABDF90000DFED8C
:108A6000080A00EE100AB8EEC00A80EE201A84ED63
:108A70000C1A3EBD0000484235FA8E3C5077D63D78
:108A800000007A44C169491CC161FFF797BF10B566
:108A9000044694F82400012824D1D4ED020A04F1FC
:108AA0004000B1EE600A02F010FDD4ED030A04F1BB
:108AB0004400B1EE600A02F008FDD4ED040A04F1AE
:108AC0003C00B1EE600A02F000FDD4ED050A04F1AD
:108AD0004800B1EE600A02F0F8FC2046BDE8104004
:108AE00000F03CB810BDD0E90712914203D100223A
:108AF00080F8242002E0012280F8242001627047DF
:108B000030B5039C09680F4DA94202D10E4901609E
:108B10000AE00E4DA94202D10D49016004E00D4D5D
:108B2000A94201D10C4901604260037680F83840C7
:108B300080ED020AC0ED030A80ED041AC0ED051AAB
:108B400030BD000000A000405009002400A40040F7
:108B50008809002400D40040C00900241CB590F806
:108B600038209FED480A052A18D2DFE802F00318E2
:108B70002F4F6C004168D0ED0F0A20EE800ABDEE49
:108B8000C00A10EE102A130E8DF80430130C8DF865
:108B90000530130A8DF806308DF8072069E041682A
:108BA00041F48071D0ED120A20EE800ABDEEC00AB9
:108BB00010EE102A130E8DF80430130C8DF80530CA
:108BC000130A8DF806308DF8072052E0416841F411
:108BD0004071027E90ED110A9FED2B1AC0EE010A42
:108BE00000EE102AB8EE400A20EE800ABDEEC00A60
:108BF00010EE102A130E8DF80430130C8DF805308A
:108C0000130A8DF806308DF8072032E0416841F4F0
:108C1000806190ED100A9FED1D1AC0EE010A9FEDD4
:108C20001C0A20EE800ABDEEC00A10EE102A130EB8
:108C30008DF80430130C8DF80530130A8DF80630CA
:108C40008DF8072015E0416841F40071D0ED130A5A
:108C500020EE800ABDEEC00A10EE102A130E8DF829
:108C60000430130C8DF80530130A8DF806308DF89A
:108C70000720042200920123006801AA0068FEF781
:108C80001DF81CBD00007A445077D63D35FA8E3C65
:108C9000002474490021C1619FED080A016280F837
:108CA000241080ED0F0A80ED100A80ED110A80ED8E
:108CB000120AB0EE080A80ED130A704700000000A7
:108CC0002DE9FC41044625682C35E1882878884246
:108CD00045D1681C01A9FEF7FDFAE8780101287961
:108CE00041EA1016697900F00F0041EA0027694651
:108CF000A81DFEF7EFFAD4ED020ABDF8040000212A
:108D00004FF6FF72B1EE600AFEF732F984ED0B0AFE
:108D1000D4ED030A4FF48055304600212A46B1EEC7
:108D2000600AFEF725F984ED0C0AD4ED040A00214F
:108D30002A463846B1EE600AFEF71AF984ED0D0AAC
:108D4000BDF80000DFED070A00EE100AB8EE400A99
:108D500020EE200A84ED0E0ABDF80400E063BDE8B1
:108D6000FC810000CDCCCC3D08B50821044A00238D
:108D70000091C18800680068FDF7A0FF08BD0000F1
:108D8000C80100248169491C8161FFF799BF000077
:108D900008B5054A9171082100910023C188006837
:108DA0000068FDF78BFF08BDF001002408B5054AF7
:108DB0009171082100910023C18800680068FDF7C7
:108DC0007DFF08BDE8010024D0E90612914203D1DD
:108DD000002280F8282002E0012280F82820C161CA
:108DE00090F82810002901D1FFF7BEBF704700009E
:108DF00030B5039C0968164DA94202D1154901609E
:108E00000AE0154DA94202D11449016004E0144D55
:108E1000A94201D113490160828024B1012C04D000
:108E2000022C09D105E0C38006E003F58073C380FE
:108E300002E003F50073C38080F8484080ED020A29
:108E4000C0ED030A80ED041AC0ED051A30BD000024
:108E500000A000405009002400A40040880900241C
:108E600000D40040C00900243EB50446D4F8A05008
:108E70002C3502A92846FEF72DFAA81C01A9FEF7F9
:108E800029FA281D6946FEF725FAB4F8E400BDF872
:108E90000810081A02B2B4F8B400434203EBD373CB
:108EA000B2EB630F05DAD4F8EC20521CC4F8EC20C6
:108EB00007E0B2EB500F04DDD4F8EC20521EC4F8EA
:108EC000EC20AC34226C02FB0012E26300EE102AAC
:108ED000F8EEC00A00EE100AB8EE401A80EE810AE1
:108EE000F0EE000A20EE200ADFED180A60EE200AFC
:108EF00094ED000A80EE801A84ED091ABDF9040091
:108F00009FED131A00EE900AF8EEE00A60EE810A77
:108F100080EE801A84ED0A1ABDF90000D4ED030A30
:108F200000EE100AB8EEC00A80EE201A84ED0B1A8B
:108F3000A879DFED080A00EE100AB8EE400A30EE1C
:108F4000200A84ED0C0AA1633EBD0000DB0F4940FE
:108F50005077D63D3393884370B5044694F8F000BB
:108F6000012809D0032804F1500506D004281BD09D
:108F70009FED1E0A84ED3F0A70BD94ED3E0AD4EDCC
:108F8000400A284630EE200A01F0A0FB94ED350A95
:108F9000284601F0AAFC284601F09EFB284601F075
:108FA000A1FC84ED3F0A70BD94ED3D0A204601F01E
:108FB0008DFB204601F090FB204601F093FC84EDF0
:108FC0003E0AD4ED400A284630EE200A01F07EFB2E
:108FD00094ED350A284601F088FC284601F07CFB18
:108FE000284601F07FFC84ED3F0A70BD00000000C0
:108FF000D0F8C010491CC0F8C010FFF735BF000002
:1090000038B504462046FFF7A7FF94ED3F0AD4ED9C
:10901000410A30EE200A8DED000AD4ED2C0A684694
:10902000B1EE600A02F051FA94ED2E0ADDED000A6D
:1090300020EE200A84ED320A204600F061F89FED10
:10904000030A84ED410A84ED400A38BD00000000A7
:1090500010B504462DED028BD4E93001884210D1C1
:10906000002084F8CC009FED0B8A2046B0EE480A21
:1090700001F02FFBB0EE480A04F1500001F029FB8B
:1090800002E0012084F8CC0054F8C00F6060BDEC11
:10909000028B10BD0000000030B504460D4611469D
:1090A000114A2868904203D11048C4F8A0000CE08F
:1090B0000F4A904203D10F48C4F8A00005E00E4AC1
:1090C000904202D10D48C4F8A00004F8A41F84F80F
:1090D0004C3084ED020AC4ED030A00222846FDF755
:1090E00027FE606030BD000000A000405009002451
:1090F00000A400408809002400D40040C0090024D6
:10910000A83090ED080A0268BDEEC00A10EE101AF1
:109110000912117090ED080A0068BDEEC00A10EE49
:10912000101A41707047000010B501F0E1FB50309B
:1091300001F0DEFB9FED110A4FF40051A0F864101E
:1091400080ED1A0AB2EE040A80ED1B0A00210167C5
:109150009FED0B0A416780ED1E0A80F87C10042108
:1091600080F8A01080ED290A80ED2A0A80ED2B0AF4
:1091700080ED2C0A80ED2D0A503810BD00007A4495
:10918000000000002DE9F04104462DED028B82B075
:1091900025682C35A17901F00F01287800F00F0027
:1091A00088426FD1681C01A9FEF794F8E8780101A4
:1091B000287941EA1013697900F00F0041EA00268E
:1091C0002878000984F82C00BDF80410606C081A97
:1091D00010F5004F03DAE06C401CE06405E0B0F5E8
:1091E000004F02DDE06C401EE064B4F84C0001EB7F
:1091F0000040A0F5FE40FF38A06400EE100A9FED8D
:10920000241AF8EEC00A80EE810AD4ED020A20EE9C
:10921000200AF0EE000A20EE200A84ED0C0A9FEDF1
:109220001D8A40F6FF7740F2FF78D4ED030AB0EED6
:10923000480A3A4641461846FDF79AFE84ED0D0A63
:10924000D4ED040AB0EE480A3A4641463046FDF7EE
:109250008FFE84ED0E0AA87900EE100AF8EE400A9F
:109260009FED0D0A70EE800AC4ED0F0AE87900EE5A
:10927000900AF8EE600A30EE800A84ED100ABDF81C
:109280000400606402B0BDEC028BBDE8F081000018
:1092900000FF7F47000000003393884308B5082192
:1092A000044A00230091C18800680068FDF706FDAC
:1092B00008BD0000A80100248169491C8161FFF7F5
:1092C00061BF000008B50821044A00230091C1884D
:1092D00000680068FDF7F2FC08BD0000A001002452
:1092E00010B504462DED028B94F82C00012807D010
:1092F000F0B3BDEC028B2046BDE81040FFF7E2BFA3
:10930000D4ED020A04F15400B1EE600A02F0DDF877
:10931000D4ED030A04F15800B1EE600A02F0D5F86A
:10932000D4ED040A04F15C00B1EE600A02F0CDF85D
:10933000D4ED050A04F16000B1EE600A02F0C5F850
:109340009FED118ADFED0F0A04F16400B0EE480AC8
:1093500002F0BBF8F1EE040AB0EE480A04F168002E
:1093600002F0B3F8BDEC028B2046BDE8104000E0EF
:1093700001E000F061B8BDEC028B2046BDE8104072
:10938000FFF78CBF0000FA4300000000D0E906128E
:10939000914203D1002280F8282002E0012280F8C7
:1093A0002820C16190F82810002901D1FFF776BF6D
:1093B0007047000030B5039C0968194DA94202D1DD
:1093C000184901600AE0184DA94202D1174901600D
:1093D00004E0174DA94201D116490160828034B1E1
:1093E000012C06D0022C08D0032C0DD109E0C3803B
:1093F0000AE003F58073C38006E003F50073C380C1
:1094000002E003F54073C38080F8504080ED020A0B
:10941000C0ED030A80ED041AC0ED051A30BD00004E
:1094200000A000405009002400A400408809002446
:1094300000D40040C00900242DE9F04704462DED7A
:10944000028B82B04FF0080894F8500004F1200518
:1094500000282FD001287CD002287BD0032824D1DB
:10946000606D286094ED160ADFED500A20EE200AA8
:10947000BCEEC00A10EE100AA880D4ED180A94EDD4
:10948000051A80EE810ADFED4A0A20EE200ABCEEC2
:10949000C00A10EE100AE8800023CDF800802A46AA
:1094A0002068E1880068FDF709FC02B0BDEC028B82
:1094B000BDE8F0879FED3F8A4FF6FF7194ED021AE9
:1094C000481094ED150AF0EE480AFDF73BFD0190B7
:1094D00040F6FF7A40F2FF77514694ED031A94ED7F
:1094E000160AF0EE480A3846FDF72CFD06465146AE
:1094F00094ED041A94ED170AF0EE480A3846FDF789
:1095000021FD07465146002094ED190A9FED2A1AC5
:10951000F0EE480AFDF716FD81465146002094ED15
:109520001A0AB1EE041AF0EE480AFDF70BFD824666
:10953000002101A8FDF7CEFE28803009A870310176
:1095400041EA1920E87085F804904FEA1A10687112
:1095500001E010E01DE04FEA0A1141EA1720A8716E
:10956000EF710023CDF800802A462068E18800686A
:10957000FDF7A4FB99E7606D2860A06D686000238B
:10958000CDF800802A462068E1880068FDF796FB48
:109590008BE7A06D286004200090002320682A46F5
:1095A000E1880068FDF78AFB7FE700000000C84201
:1095B00000401C46000000000000FA432DE9F04185
:1095C00004464A78887840EA0223C878020108797C
:1095D00042EA10164A7900F00F0042EA0027C879E3
:1095E000897940EA01254FF6FF7200211846DFED28
:1095F000160A9FED160AFDF7BBFC84ED020A40F641
:10960000FF78304600214246DFED110A9FED110A36
:10961000FDF7AEFC84ED030A00214246F2EE0C0A8F
:10962000BAEE0C0A3846FDF7A3FC84ED040A00EEFE
:10963000105ADFED090AB8EE400A20EE200A84ED48
:10964000050ABDE8F0810000B81E4941B81E49C1B5
:1096500000000442000004C2CDCCCC3D30B40C4626
:109660001146826B521C82638379002B04D0022B3B
:1096700007D130BCFFF7A2BF0A46214630BC00F03C
:1096800003B830BC704700002DE9F0470446884617
:109690001178507840EA01209378D17841EA032686
:1096A0001379517941EA0327D179927941EA022568
:1096B0004FF6FF7900214A46DFED160A9FED160AA4
:1096C000FDF756FC84ED020A00214A46DFED130A3D
:1096D0009FED130A3046FDF74BFC84ED030A002191
:1096E0004A46F2EE0C0ABAEE0C0A3846FDF740FC88
:1096F00084ED040A00EE105ADFED0A0AB8EE400AC3
:1097000020EE200A84ED050AC8F305402083BDE859
:10971000F0870000B81E4941B81E49C1000004424C
:10972000000004C2CDCCCC3D30B5039C09680A4D85
:10973000A94202D1094901600AE0094DA94202D1BA
:109740000849016004E0084DA94201D107490160C0
:1097500002714371847130BD00A0004050090024A3
:1097600000A400408809002400D40040C00900245F
:10977000002301F01F0143EA016141EA02218079DF
:10978000084370477FB504462568686820F0604646
:109790002C35C6F30720A179814247D103A9284679
:1097A000FDF798FDA81C02A9FDF794FD281D01A94D
:1097B000FDF790FDA81D6946FDF78CFDD4ED020A6A
:1097C0004FF6FF75BDF80C0000212A46B1EE600A85
:1097D000FDF7CEFB84ED0B0AD4ED030ABDF80800BB
:1097E00000212A46B1EE600AFDF7C2FB84ED0C0AA7
:1097F000D4ED040ABDF8040000212A46B1EE600A47
:10980000FDF7B6FB84ED0D0ABDF80000DFED080A98
:1098100000EE100AB8EE400A20EE200A84ED0E0A8F
:10982000BDF80C002064C6F30540A0877FBD000092
:10983000CDCCCC3D8169491C8161FFF7A3BF0000FD
:109840003EB504460D4619212046A288FFF790FF39
:10985000014607A005C8CDE901028DF80A5008208D
:1098600000900123206801AA0068FDF727FA3EBD99
:10987000010203040506000030B5039C09680F4D82
:10988000A94202D10E4901600AE00E4DA94202D15F
:109890000D49016004E00D4DA94201D10C49016060
:1098A000C380828080F84C4080ED020AC0ED030A3C
:1098B00080ED041AC0ED051A30BD000000A0004084
:1098C0005009002400A400408809002400D400406E
:1098D000C00900242DE9F04F856D8A4E894FDFF8CD
:1098E00024C2A836DFF81C82DFF818920CF1180C9D
:1098F000DFF810A208F13008DFF808B209F14809D2
:1099000004680AF1600A0BF1780BBC426DD0644523
:109910006BD0444569D04C4567D0544565D05C4513
:1099200063D0DFF8E0E10EF1900E74455DD0B442F3
:109930005BD0DFF8D4E1744557D0DFF8CCE10EF10D
:10994000180E744551D0DFF8C0E10EF1300E7445A9
:109950004BD0DFF8B4E10EF1480E744545D0DFF886
:10996000A8E10EF1600E74453FD0DFF89CE10EF1E6
:10997000780E744539D0DFF890E10EF1900E744501
:1099800033D0DFF884E10EF1A80E74452DD0DFF856
:109990007CE1744529D0DFF874E10EF1140E7445B2
:1099A00023D0DFF868E10EF1280E74451DD0DFF8F2
:1099B0005CE10EF13C0E744517D0DFF850E10EF17A
:1099C000500E744511D0DFF844E10EF1640E744579
:1099D0000BD0DFF838E10EF1780E744505D0DFF8D2
:1099E0002CE10EF18C0E744509D1D0E919E4CEF8C2
:1099F0000440C46E1CB1D0E91CE4CEF804400468F5
:109A0000BC422ED064452CD044452AD04C4528D0A9
:109A1000544526D05C4524D03A4F9037BC4220D0E4
:109A2000B4421ED0384EB4421BD0374E1836B44222
:109A300017D0354E3036B44213D0334E4836B44288
:109A40000FD0314E6036B4420BD02F4E7836B44230
:109A500007D02D4E9036B44203D02B4EA836B442D8
:109A60001BD190F85C4004F01F063F24B440AC606A
:109A70000468256825F48025256004686360836890
:109A8000402B05D0036899600068C260BDE8F08F84
:109A900003689A600068C160F8E71C4EB4421BD0AE
:109AA0001A4E1436B44217D0184E2836B44213D08A
:109AB000164E3C36B4420FD0144E5036B4420BD042
:109AC000124E6436B44207D0104E7836B44203D0FA
:109AD0000E4E8C36B442D9D190F85C4004F01F068B
:109AE0000124B4406C60046863608368402B04D038
:109AF000036899600068C260C8E703689A600068FC
:109B0000C160C3E71000024010040240085402582C
:109B1000014610B500208B694FF0C0748A6A002B93
:109B20000ED0B3F5005F1AD062B3012A2AD0022A00
:109B300028D0032A03D1C96AC90100D5012010BD6C
:109B40001AB1012A06D0022AF9D1C96AC901F6D58B
:109B5000012010BDC96AA142FBD1012010BD52B144
:109B6000012A0AD0022A06D0032AF7D1C96AA142E3
:109B7000F4D1012010BD012010BDC96AC901FBD577
:109B8000012010BD012010BD10B52C4A0168914282
:109B90003AD02A4A1832914236D0284A303291427D
:109BA00032D0264A483291422ED0244A6032914225
:109BB0002AD0224A7832914226D0204A90329142CD
:109BC00022D01E4AA83291421ED01D4A91421BD07B
:109BD0001B4A1832914217D0194A3032914213D0A1
:109BE000174A483291420FD0154A603291420BD049
:109BF000134A7832914207D0114A9032914203D0F1
:109C00000F4AA832914214D1CAB2103A1823B2FBBB
:109C1000F3F20C4C02F00703E35CC365032A04D99A
:109C20006FF30901091D816506E06FF30901816584
:109C300002E021F0FF018165806D10BD100002403F
:109C40001004024020B7000810B501680123224C1F
:109C5000CAB2A1421BD0204C1434A14217D01E4CD2
:109C60002834A14213D01C4C3C34A1420FD01A4CD2
:109C70005034A1420BD0184C6434A14207D0164C8A
:109C80007834A14203D0144C8C34A1420FD1083A4D
:109C90001421B2FBF1F1114A02EB810202660F4A74
:109CA0008032426601F01F018B40836610BD103A7E
:109CB0001824B2FBF4F20A4C2144A82900D8083237
:109CC000084901EB8201016606498031416602F0D4
:109CD0001F018B40836610BD08540258005802587B
:109CE000F0FBFDBF000802400279521E072A31D85E
:109CF000194B016899421BD0174B1433994217D066
:109D0000154B2833994213D0134B3C3399420FD053
:109D1000114B503399420BD00F4B6433994207D00B
:109D20000D4B7833994203D00B4B8C33994207D1BA
:109D30000A4901EB8201C16608494031016706E02A
:109D4000074901EB8201C1660549403101670121E4
:109D5000914041677047000008540258005902586A
:109D6000000902402DE9F043046A026A22F0010270
:109D70000262426883691D4D2B4023F003030D6886
:109D80001D4324F002048B682343194E194FDFF85A
:109D900068C0B042DFF86480DFF8649007D0B84252
:109DA00005D0604503D0404501D0484505D123F09A
:109DB0000804CB68234323F00403B04207D0B84221
:109DC00005D0604503D0404501D0484507D122F475
:109DD000807222F400724C6914438A692243426003
:109DE0008561496841630362BDE8F0838FFFFEFF30
:109DF00000000140000401400040014000440140D7
:109E000000480140F0B5056A026A22F480720262DD
:109E10004268C3691A4C234023F003030C681C43B7
:109E200025F400738D6843EA0523164D164EA842AB
:109E300001D0B04206D123F40063CF6843EA072380
:109E400023F48063A8420AD0B04208D00F4DA84244
:109E500005D00F4DA84202D00E4DA84209D122F4E0
:109E6000805222F400524D6942EA05128D6942EA9D
:109E700005124260C4614968C1630362F0BD00001D
:109E80008FFFFEFF00000140000401400040014040
:109E9000004401400048014030B5046A026A22F4DF
:109EA000805202624268C369124D2B4023F4407312
:109EB0000D6843EA052324F400548D6844EA053410
:109EC0000D4DA8420BD00D4DA84208D00C4DA84214
:109ED00005D00C4DA84202D00B4DA84204D122F46B
:109EE00080424D6942EA85124260C361496801645B
:109EF000046230BDFF8FFFFE0000014000040140FE
:109F000000400140004401400048014030B5056A6E
:109F1000026A22F4803202624268436D114C23408F
:109F20000C681C4325F400330D8943EA05430E4DAC
:109F3000A8420BD00D4DA84208D00D4DA84205D027
:109F40000C4DA84202D00C4DA84204D122F480321C
:109F50004D6942EA052242604465496881650362B1
:109F600030BD00008FFFFEFF0000014000040140F3
:109F700000400140004401400048014030B5056AFE
:109F8000026A22F4801202624268436D114C23403F
:109F90000C6843EA042425F400130D8943EA0553B1
:109FA0000D4DA8420BD00D4DA84208D00C4DA84233
:109FB00005D00C4DA84202D00B4DA84204D122F48A
:109FC00080224D6942EA8522426044654968C16544
:109FD000036230BDFF8FFFFE00000140000401401E
:109FE0000040014000440140004801408268034BAA
:109FF0001A400A4342F00701816070478FFFCFFF8C
:10A0000010B5036A046A24F001040462846924F030
:10A01000F00444EA021423F00A020A438461026253
:10A0200010BD10B5036A046A24F010040462846948
:10A0300024F4704444EA023223F0A00343EA0111FD
:10A040008261016210BD70B5846BD4F88800D4F8C9
:10A050008C50216889684FF00006090606D5212832
:10A0600004D1A4F85660204600F050F820688068BB
:10A07000400606D5222D04D1A4F85E60204600F0EB
:10A080001BF8D4F8900040F01000C4F8900020466F
:10A09000FBF7B1F870BD10B5806B01210167C16E8F
:10A0A000012902D0FBF71BFC10BDB0F85C10490879
:10A0B000FAF768FF10BD000010B5016851E8002FE5
:10A0C00022F4907241E80023002BF6D10E4B016878
:10A0D000083151E8002F1A4041E80024002CF6D145
:10A0E000C16E012908D1016851E8002F22F0100249
:10A0F00041E80023002BF6D12021C0F88C1000216C
:10A10000C166416710BD0000FEFFFFEF016851E826
:10A11000002F22F0C00241E80023002BF6D1016895
:10A12000083151E8002F22F4000241E80023002BFF
:10A13000F5D12021C0F888107047014610B5886B12
:10A140000023C969B1F5807F2DD0A0F85E30016889
:10A1500051E8002F22F4807241E80024002CF6D14F
:10A160000168083151E8002F22F0010241E8002483
:10A17000002CF5D10168083151E8002F22F040028F
:10A1800041E80024002CF5D12021C0F88C10C16ECC
:10A19000012908D1016851E8002F22F0100241E89E
:10A1A0000024002CF6D10367C16E012902D0FBF711
:10A1B00095FB10BDB0F85C10FAF7E4FE10BD10B5C9
:10A1C000016851E8002F22F0400241E80023002BF3
:10A1D000F6D12021C0F8881000218167FBF780FBB1
:10A1E00010BD10B5806B0021A0F85E10A0F85610CD
:10A1F000FBF701F810BD0000F0B5D1E901650C696D
:10A200002C430D68002E1AD045F080452C4391F860
:10A210002070D1E9066535434E6946EA0766354345
:10A220008E8945EA0645D0F88460806E584306EB77
:10A2300080031C605D60083300200B4E0FE044EA91
:10A240008544E4E71418155CE77845EA0765A778C4
:10A2500064783F0447EA0424254320C3001DCC68EA
:10A26000345D8442EED8F0BD28B7000830B5426BAB
:10A27000036853F8844F4FF6FC718C4344EA820420
:10A280001C60036853F8844F058F24F47F0444EA6C
:10A2900005441C60836B1A44036853F8884F8C4351
:10A2A00044EA82041C60036853F8884F858F24F4C5
:10A2B000FE0444EA05441C60C36B02EB43020368DE
:10A2C00053F8A04F8C4344EA82041C60036853F89F
:10A2D000A04FB0F8405024F4FE0444EA05441C604A
:10A2E000D0E9103403FB0422036853F8B04F8C43C9
:10A2F00044EA82041C60036853F8B04FB0F8485039
:10A3000024F4FE0444EA05441C60D0E9123403FB43
:10A310000422036853F8AC4F8C4344EA82041C6067
:10A32000D0E9143403FB0422036853F8F04F8C4344
:10A3300044EA82041C60036853F8F04FB0F85850A8
:10A3400024F47C1444EA05441C60836D02EB43034F
:10A35000026852F8C04F8C4344EA830111600168DF
:10A3600051F8C02FB0F85C3022F47C1242EA03426C
:10A370000A60016851F8C02F90F8603022F07C52DA
:10A3800042EA03620A60416B224A02EB8101C16624
:10A39000826B01EB82020267C36B02EBC30242676E
:10A3A000D0E91034634302EB83028267D0E91234B0
:10A3B000634302EB8302C267D0E91434634302EBC8
:10A3C0008302C0F88020836D02EBC302C0F88420B2
:10A3D000C46D836E5C4302EB8402C0F88820046E77
:10A3E0005C4302EB8402C0F890200B4B9A4208D9E0
:10A3F0009830416841F02001416003210170012043
:10A4000030BD002200E004C1D0F890308B42FAD871
:10A41000002030BD00AC0040FCD300400907090E0D
:10A42000002804DB00F1E02080F80014704700F001
:10A430000F0000F1E02080F8141D70472DE9F0476F
:10A44000044688460027DFF81491D9F80000C0437D
:10A45000800709D0414D283D286820F080602860A1
:10A46000F8F7BAFB064609E00120BDE8F087F8F7E7
:10A47000B3FB801B022801D90320F6E728680001FE
:10A48000F5D4D9F80000216820F47C3040EA01308E
:10A49000C9F80000A0884FF6FF72A168401E491E4F
:10A4A000C0F3080002EA41210843A1894FF4FE02EB
:10A4B000491E02EA01410843217C1202491E02EAB8
:10A4C000016108432549103108602448001D0168D6
:10A4D000626921F0C001114301600168A26921F0A5
:10A4E000200111430160016821F0100101601B4946
:10A4F00014310A684FF6F8739A43E36942EAC302DB
:10A500000A60016841F010010160B8F1000F0ED03F
:10A51000B8F1010F10D0016841F400110160286802
:10A5200040F080602860F8F757FB044610E00168AF
:10A5300041F400210160F2E7016841F480110160FB
:10A54000EDE7F8F749FB001B022801D903208CE74F
:10A5500028680001F5D5384687E7000028440258EE
:10A560002DE9F047044688460027DFF81491D9F812
:10A570000000C043800709D0414D283D286820F0E5
:10A5800080502860F8F728FB064609E00120BDE866
:10A59000F087F8F721FB801B022801D90320F6E79A
:10A5A00028688000F5D4D9F80000218820F07C705C
:10A5B00040EA0150C9F80000A0884FF6FF72A16878
:10A5C000401E491EC0F3080002EA41210843A18948
:10A5D0004FF4FE02491E02EA01410843217C1202A7
:10A5E000491E02EA016108432549183108602448E0
:10A5F000001D0168626921F4406111430160016836
:10A60000A26921F4007111430160016821F4807195
:10A6100001601B491C310A684FF6F8739A43E369DD
:10A6200042EAC3020A60016841F480710160B8F136
:10A63000000F0ED0B8F1010F10D0016841F0807109
:10A640000160286840F080502860F8F7C5FA044699
:10A6500010E0016841F480010160F2E7016841F413
:10A6600000010160EDE7F8F7B7FA001B022801D9F5
:10A6700003208CE728688000F5D5384687E700007E
:10A680002844025830B5416E002917D002689168FD
:10A69000C1F342619268520F0B4B9C5C250103F1A0
:10A6A0000804A25CB5FBF2F2A0F86A205A5C615C77
:10A6B0001201B2FBF1F1A0F8681030BD0121683041
:10A6C0004180018030BD00009CB7000880ED110A78
:10A6D000704780ED130A704710B504462DED068BC8
:10A6E000DFED739A94ED110AD4ED120A70EE608AD0
:10A6F000B0EE680A00F016FFB0EE408AD4ED010A11
:10A70000B0EE480AF4EEC00AF1EE10FA07DD94ED5F
:10A71000120A84ED110AF0EE698AB0EE688A94EDAF
:10A72000080A20EE28AAD4ED0E0AB7EE001AF5EEBC
:10A73000C00AF1EE10FA09D194ED0F0AB5EEC00A85
:10A74000F1EE10FA02D1B0EE419A21E094ED0F0A39
:10A75000B4EEC80AF1EE10FA02DBB0EE419A17E04F
:10A76000B4EEC80AF1EE10FA0BD230EE801AB4EE55
:10A77000C81AF1EE10FA04DD31EE480A80EE209A94
:10A7800006E0B4EEC80AF1EE10FA01D8B0EE699A0C
:10A7900094ED0C0AB5EEC00AF1EE10FA0BD094ED70
:10A7A000091AF1EE401A04F14C00C0EE010A81EEE4
:10A7B000810A00F08AFE94ED100AB5EEC00AF1EEAF
:10A7C00010FA0ED1D4ED000A94ED130A60EE890A56
:10A7D00000EEA80A84ED130AD4ED090A60EE809A0F
:10A7E00017E0B4EEC80AF1EE10FA0EDDD4ED000A5F
:10A7F00094ED130A60EE890A00EEA80A84ED130AAC
:10A80000D4ED090A60EE809A03E0B0EE690A84EDA7
:10A81000130A207AE8B394ED070AD4ED050A94ED03
:10A82000001A30EE600AD4ED0A0A60EE200A80EECB
:10A83000810AD4ED110A94ED041A70EEC10A94ED68
:10A840000B1A60EE810A3AEE291A31EE000A30EE58
:10A85000200A84ED070AD4ED0D0AF5EEC00AF1EEE8
:10A8600010FA05D0B1EE600A04F11C0000F02DFED4
:10A8700094ED120A84ED030A94ED110A84ED040AA2
:10A8800094ED070A84ED050AC4ED068ABDEC068B3B
:10A8900010BDFFE7D4ED060A94ED0A0A94ED001A04
:10A8A00078EEE00A60EE200A80EE810AC1E700003F
:10A8B0000000000080ED080AC0ED090A80ED0A1AC8
:10A8C000C0ED0B1A80ED0C2AC0ED0D2A80ED003A88
:10A8D000C0ED013A80ED0E4AC0ED0F4A80ED105AEE
:10A8E0000172704790ED070A704780ED120A7047B9
:10A8F0009FED120A80ED030A80ED040A80ED050A3F
:10A9000080ED060A80ED070A80ED080A80ED090A4D
:10A9100080ED0A0A80ED0B0A80ED0C0A80ED0D0A2D
:10A9200080ED0E0A80ED0F0A80ED100A80ED110A0D
:10A9300080ED120A80ED130A70470000000000004D
:10A9400000F0FAB900F050BA03B401984100009841
:10A9500050EAC12018BF04204A0D18BF40F0010082
:10A9600040F2FF72B2EB515F08BF40F002000128D5
:10A9700008BF052002B070474100080218BF04203C
:10A980000A0E18BF40F001004FF07F4232EA010189
:10A9900008BF40F00200012808BF052070472DE9DC
:10A9A000F0411C4617460E00804607D0054602E0DF
:10A9B0002846B0473D442046641EF9D24046BDE8D3
:10A9C000F081016809B1002070470121016008464B
:10A9D0007047000070B54FF068422DED048BF0EE2B
:10A9E000408A18EE900AB0EE608A18EE101A02EB58
:10A9F0004003B3F1654F3CBF02EB4102B2F1654F3A
:10AA00007DD200BFC0F3C753C1F3C7529A1A1B2AA5
:10AA100009DD10F0004F14BF9FED830A9FED830AFC
:10AA2000BDEC048B70BD12F11A0F36DA11F0004F35
:10AA300009D010F0004F0CBF9FED7D0A9FED7D0AFD
:10AA4000BDEC048B70BD88EE889A19EE100AFFF7F2
:10AA500093FF042808BF00F08FFC18EE900AFFF760
:10AA60008BFF054618EE100AFFF786FF044619EE25
:10AA7000100AFFF781FF042D18BF052D08D1042C03
:10AA800018BF052C04D1002804BF0220F5F7DFFD14
:10AA9000B0EE490ABDEC048B70BD4200B2EB410F31
:10AAA0003AD910F0004F19BFDFED630A9FED630A3A
:10AAB000DFED630A9FED630AB0EE481A0A46B1EE75
:10AAC000688A80F00041F0EE418A10460A1A52006E
:10AAD000B2F1807F34D2484010F0004FDFED5A1AB7
:10AAE0009FED5A2A1DBF9FED5A1A70EEE10A30EE13
:10AAF000420A9FED581A08BF70EEA10A00E040E03C
:10AB000008BF30EE020AB0EE682A01EE482A08EECD
:10AB1000818AC2EE081A15E011F0004F04BF9FEDC4
:10AB20004E0AF0EE400AD1D010F0004F19BFDFED11
:10AB30004B0A9FED4B0ADFED4B0A9FED4B0AC5E731
:10AB4000C8EE881A21EEA11A9FED482ADFED482AA7
:10AB500041EE022A9FED472A01EE222ADFED462A26
:10AB600041EE022A9FED452ABDEC048B01EE222A1C
:10AB700021EE811A01EE020A30EE210A30EE200A9F
:10AB800070BD4FF07F42B2EB400F28BFB2EB410FD8
:10AB900009D2F0EE480AB0EE680ABDEC048BBDE8BD
:10ABA000704000F0DDBB40EA01035B0008BF41F0EC
:10ABB000FF410BD0B2EB400F08BFB2EB410F08D101
:10ABC00020F0804008EE900A21F0804108EE101A33
:10ABD00018E7B2EB400F12BF5FEA410340F0FF40BD
:10ABE00001F000413FF40EAFB2EB410F12BF5FEA3C
:10ABF000400200F0004041F0FF413FF403AF4A0043
:10AC000092EA40033FF5FEAE002AACBF9FED1C0A5E
:10AC10009FED1C0A68EE808A28EE008A18EE900AE2
:10AC200018EE101AEEE60000DB0FC9BFDB0FC93FBC
:10AC3000DB0F4940DB0F49C00000C9BF22AAFDB9A4
:10AC40000000C93F22AAFD390060ED3EC30ACE379D
:10AC5000000000BF0000003F00000000000049C0ED
:10AC600022AA7DBA0000494022AA7D3A2DAD65BDD9
:10AC70008FB8D53D0FB511BE61C84C3EA8AAAABE7B
:10AC80000000804F0000802F10B529499FED261B42
:10AC90002DED020B84B0059820F000408842D8BF0B
:10ACA0009DED040B2DDD2349884209D1049840B95C
:10ACB0004FF00100F5F7CBFC00F03AFB06B010BDF9
:10ACC00005DB9DED040B30EE000B06B010BD6846B1
:10ACD0009DED040B00F0A8F810F0030004BF9DEDFB
:10ACE000021B9DED000B0CD001280ED09DED021B28
:10ACF0009DED000B022810D0012000F0C5FA06B02F
:10AD000010BD00F019FA06B010BD9DED021B9DEDBF
:10AD1000000B012000F0B8FA01E000F00DFA06B0D7
:10AD2000B1EE400B10BD000000000000000000006C
:10AD3000FB21E93F0000F07F10B52DED028BF0EE16
:10AD4000408A18EE900AB0EE608A20F00040C0F110
:10AD5000FF40C00F07D118EE100A20F00040C0F1EC
:10AD6000FF40C00F2BD018EE101A18EE900A00F01A
:10AD70005DFC00EE100A10EE100A6FEAD05010F0E1
:10AD8000FF0F04BFBDEC028B10BD18EE900A00F05F
:10AD9000004110EE100A00F00040814204BFBDECFB
:10ADA000028B10BD18EE101A10EE100ABDEC028BCB
:10ADB00061F31E0000EE900A30EE600A10BD18EE3E
:10ADC000900A4FF07F41B1EB400F1CBF18EE100A04
:10ADD0005FEA4000C7D10120F5F739FCBDEC028BDA
:10ADE000BDE8104000F0C0BA10B52DED028BB1EEF9
:10ADF000C08A18EE100A20F00040C0F1FF40C00FDA
:10AE00000AD010EE100A20F00040C0F1FF40C00F41
:10AE100004BF0120F5F71BFCB0EE480ABDEC028B25
:10AE200010BD0000000000002DE9F14F04462DED9B
:10AE3000020B2DED048B94B09FED9D0B80ED020B6A
:10AE4000199E9D4826F0004585420ADC9DED180BB1
:10AE5000002084ED000B14B0BDEC048B03B0BDE802
:10AE6000F08F96489FED969B9FED978BA84225DD2E
:10AE700097489FED991B9FED9A2B9DED180B002E87
:10AE80000DDD30EE490B854212BF30EE480B30EE3F
:10AE9000410B30EE420B84ED000B0120DBE730EE7E
:10AEA000090B854212BF30EE080B30EE010B30EE7D
:10AEB000020B84ED000B4FF0FF30CCE78A48A8422C
:10AEC00053DB9DED180B51EC100B00F0D1FA41EC67
:10AED000100BB0EE401B9FED862B9FED870B290DCD
:10AEE000DFF81CC201EE020B0120FDEEC00B10EEDC
:10AEF000903A00EE903AB8EEE02BB0EE410B02EE45
:10AF0000490B22EE081BFC44032830EE411B84ED64
:10AF1000001B1DD011EE902A00EB4015113DC2F32D
:10AF20000A528A1A954213DA0CEB0012B0EE403B3B
:10AF300092ED000B401C20EE021B33EE410B33EE72
:10AF4000403B33EE411B92ED023B12EE031BDBE76D
:10AF5000002EA8BF1846BFF67EAF94ED000B5842F6
:10AF6000B1EE400B84ED000B75E7C6F3130040F41F
:10AF7000801EC6F30A50A0F2F530471100F01F05FD
:10AF8000C5F12000DDF860B0139000200890099012
:10AF900005200DF1080C5B49002D07EB00027944F8
:10AFA00008BF51F8221009D051F8223001EB82017C
:10AFB000AB404A68139922FA01F11943A1FB0E260E
:10AFC000A1FB0B131A449A4234BF0123002303EB65
:10AFD00006080CEB8003D3E901A60E448E4234BF71
:10AFE0000121002192448A4411B1924502D903E023
:10AFF000924501D2012100E00021C3E901A64144AC
:10B000004CF82010011EA0F10100C4DC04989DED55
:10B01000050A00F10050810F04989FED3B4B800022
:10B0200001EE100ADDED060A9DED072AB8EEC13BE0
:10B03000B8EE401BB8EE600BB8EE422B002021EEBC
:10B04000041B9FED334B20EE040B9FED334B22EEA0
:10B05000042B30EE024B34EE014B34EE034B8DEDFE
:10B06000004B00909DED004B199834EE433B10F0DF
:10B07000004F33EE411B31EE400B32EE401B9DED95
:10B08000000B9FED272B20EE020B9FED272B01EEEF
:10B09000020B9DED001B9FED262B01EE020B1CBF4A
:10B0A0004942B1EE400B84ED000B0846D3E60000A8
:10B0B0000000000000000000FB21E93F7CD90240B5
:10B0C00000004054FB21F93F3163621A61B4D03D66
:10B0D000FB21F93F000000000000601A61B4D03D80
:10B0E0007370032E8A19A33BFB2139410000000035
:10B0F00083C8C96D305FE43F000000000000E03FFE
:10B1000056090000EE080000000000000000103E9C
:10B11000000000000000103C000000000000103A99
:10B120003326A611460B113C182D4454FB21F93D42
:10B1300000000054FB21F93D10B52DED040B2DED61
:10B14000068B82B0B0EE41AB09989FED299B20F0B1
:10B150000044B4F1795F0FDA9DED080BBDEEC00B32
:10B1600010EE100A002801BFB0EE490B02B0BDEC92
:10B17000068B04B008BF10BD9DED080B1E480621CC
:10B1800020EE008BB0EE480B784400F045F820EE3E
:10B19000080B9DED081B1C48844228EE000B01EEB5
:10B1A0004A0B9FED171B28EE011BBCBF31EE400B75
:10B1B00039EE400B16DB1548A042BCBF9FED142BA7
:10B1C0008DED002B06DBA4F500100190002000900F
:10B1D0009DED002B31EE421B39EE422B31EE400B40
:10B1E00032EE400B02B0BDEC068B04B010BD000087
:10B1F000000000000000F03FA40600000000000076
:10B20000000000000000E03F3333D33F0000E93F7F
:10B21000000000000000D23F491E00EBC102B0EE6A
:10B22000401B92ED000B31F006020DD0491E00EBE1
:10B23000C102B0EE403B92ED002B31F00602B0EEC1
:10B24000420B03EE010BF1D1022914D004290AD0DC
:10B25000062918BF704790ED0A2B00EE012B90EDE8
:10B26000080B02EE010B90ED062B00EE012B90ED8A
:10B27000040B02EE010B90ED022B00EE012B90ED82
:10B28000000B02EE010B704731B504462DED040BA7
:10B290002DED068BB0EE419B07989DED060B20F03F
:10B2A0000040B0F1795F0DDA51EC100BFFF74CFB69
:10B2B000042808BF00F048F89DED060BBDEC068B96
:10B2C00005B030BD20EE008B1348052128EE00AB01
:10B2D000B0EE480B7844FFF79FFF9FED111B8CB138
:10B2E0009FED112B29EE022B0AEE402B9DED060B54
:10B2F00018EE029B0AEE419B30EE490BBDEC068B2B
:10B3000005B030BD08EE001B9DED060B0AEE010BEB
:10B31000BDEC068B05B030BD5006000000000000FB
:10B32000495555555555C5BF000000000000E03F88
:10B330009FED031B81EE010B704700000000000031
:10B3400000000000000000009FED030B20EE000B4A
:10B350007047000000000000000000000000001026
:10B3600030EE200A70470000DFED020A80EEA00AEE
:10B3700070470000000000009FED020A20EE000A66
:10B38000704700000000001010B5344800249FED05
:10B39000340A00ED140A9FED330A00ED130A8460AD
:10B3A000C4600461446104834483047744778477F0
:10B3B000C4775830FDF746FA00F2C47002210170DC
:10B3C00001214470817028489FED280A8461C4617E
:10B3D00080F8284080F8504080ED150A80ED160A6C
:10B3E00080ED170A80ED180A80ED190A80ED1A0A1F
:10B3F0006C30C47180ED090A80ED0A0A80ED0B0AF9
:10B4000080ED0C0A80ED0D0A8463C46340308461D2
:10B41000C46180F8284080F84C4080ED140A80ED2B
:10B42000150A80ED160A80ED170A80ED180A80EDE6
:10B43000190A68308461C46180F8284080F8484067
:10B4400080ED130A80ED140A80ED150A80ED160ACE
:10B4500080ED170A80ED180A10BD0000D41E0024EC
:10B460000000804400002544F8260024000000006D
:10B4700082B0CDE9000121F0004001909DED000B6C
:10B4800002B051EC100B7047F7F7B4FBFBF792FDDD
:10B49000FAF708FBFAF726FAFAF726FCFAF760FA49
:10B4A000FAF7B6FBFAF77AFBFAF790FAFAF7C4FA6A
:10B4B000FAF74EFCFAF7B8FCFAF782FCFAF7E0FB71
:10B4C000FAF72CFEFAF7DEFEFCE790ED001AB4EE78
:10B4D000C01AF1EE10FA02D280ED000A06E0B4EED6
:10B4E000E01AF1EE10FA01DDC0ED000A90ED000A5D
:10B4F000704710B52DED028BB0EE608AF6EE008A33
:10B50000F0EE480A08EE280AFFF71AFAB5EEC00A6C
:10B51000F1EE10FA01D230EE080A08EE680ABDEC2E
:10B52000028B10BDB5EEC00AF1EE10FAF1EE400A42
:10B5300030FE200A70474FF07E5209E011F00042C1
:10B5400004D54042C1F1000138BF491E42F07E528D
:10B550000B0002F1706212BF20235FEA0001704706
:10B56000B1FA81FCA3EB0C0301FA0CF120FA03FC05
:10B5700002EBC352C3F1200341EA0C0110FA03FCB1
:10B580005CEA416C42EB112018BF5FF0806C28BF71
:10B5900020F0010070470EF1020E2EF0030E5EF84F
:10B5A000044B244204D44FEA4102B2F17F4F11D838
:10B5B0004FEA4003B3F17F4F0CD80ED14FEAD07C55
:10B5C000B2F17F4F0CEB4C0C0CF1020C08BF4CEBB2
:10B5D000D17C04E04FF0080C01E04FEAD17C0CEB89
:10B5E0004C0324FA03F404F00704B4F1040C06D26B
:10B5F0000EEB840CBDE810404CF0010C6047DFE816
:10B600000CF0070802024FF00040A0F5800010BDCA
:10B610000846420018BFD2F1807288BF00F0004097
:10B6200010BD4FF04070E1EE100A70474FF07F4CB4
:10B630003CEA410318BF3CEA400200F062804FF44C
:10B640007F0C10F0004F0CEAD11318BF43F0050334
:10B650001CEAD01218BF13EA0C0F00F057804FF00D
:10B66000004C4CEA00204CEA0121A3F580339A42B9
:10B6700010DDB0F1004F23F0020306D3401A43F06F
:10B680000203BCBF404283F001034FEA4000A2F531
:10B690008032ECE74FEA224CBCEB234F08DB8842B8
:10B6A00006D31CD0A0EB4100C0F1000083F00103E1
:10B6B00040001DD217D40DD0B0FA80FC0CF1010C63
:10B6C00000FA0CF0A2EB0C42D2F1000C12DB4FEAB4
:10B6D000C37070474FEA437000F00040704713F0AA
:10B6E000020FE5D0DEE7B2F580324FEA4000EBDD35
:10B6F000002AE9DD4FEAC21242EA502040EAC37054
:10B70000704710B5FFF747FFEDFFFF3E1CEAD11F62
:10B7100002D000F000407047004870470000C07F32
:10B7200000061016000610160001020304050607A5
:10B73000080C101418203040000000000000000029
:10B7400000000000000000000000000001000000F8
:10B7500002000000030000000400000000000000E0
:10B7600005000000000000000000000000000000D4
:10B7700006000000000000000000000000000000C3
:10B7800007000000010002000400060008000A0093
:10B790000C001000200040008000000101010103A6
:10B7A0000701000008040204080101010000000074
:10B7B0000102030401020304060708090000000057
:10B7C0000000000000000000000000000000000079
:10B7D000000040BF333313C0333313400000403FF9
:10B7E0000000404000004040000040400000404059
:10B7F0000000000000000000000000000000000049
:10B800006666A63F6666A63F6666A63F6666A63F74
:10B810000000000000000000000000000000000028
:10B820009B38D93E9B38D93E9B38D93E9B38D93E70
:10B830004C5555555555A53F7751C1166CC156BF4E
:10B840009015CB19A001FA3EAD529C804F7E92BE5E
:10B85000C4B1B4BD9EEE213ED43888BEE9FAA8BD7D
:10B8600000004054FB21F93F3163621A61B4D03DBE
:10B870000000601A61B4D03D7370032E8A19A33B97
:10B880000000002E8A19A33BC14920259A837B39E9
:10B8900000000000000000006E83F9A22915444E4C
:10B8A000D15727FCC0DD34F5999562DB4190433CCC
:10B8B000AB6351FE61C5BBDE3A6E24B7E0D24D42A8
:10B8C000EA2E49061C92D1091CEB1DFE3EA729B1A8
:10B8D000F53582E88444BB2E26709CE9417E5FB436
:10B8E00039D69139F43953838B5F849C3B28F9BD59
:10B8F000FF97F81F0F9805DE8B112FEF1F6D0A5A67
:10B90000CF7E366DB709CB27663F464F2DEA5F9E47
:10B91000C7BA27757BF1E5EBF739073DEA92528A02
:10B92000B15FFB6B085D8D1FA6F810111111813FEF
:10B93000D561C119A0012ABF7DFEB157E31DC73EE5
:10B94000EB9C2B8AE6E55ABE7CD5CF5A3AD9E53D29
:10B9500000000000920E493CB10AC93C2BC3163DC1
:10B960002EFB483D752B7B3D04A9963D80B6AF3D2F
:10B9700036BDC83D2FBCE13D73B2FA3D87CF093ECD
:10B980008340163EB5AB223EA2102F3ECF6E3B3E0B
:10B99000C2C5473E0115543E135C603E7F9A6C3E23
:10B9A000CCCF783EC07D823E938E883E229A8E3EDA
:10B9B00032A0943E86A09A3EE59AA03E128FA63E03
:10B9C000D47CAC3EEF63B23E2A44B83E491DBE3E35
:10B9D00015EFC33E53B9C93ECA7BCF3E4136D53E73
:10B9E00080E8DA3E4F92E03E7533E63EBBCBEB3E5D
:10B9F000EA5AF13ECBE0F63E275DFC3EE4E7003F2D
:10BA00003D9C033F824B063F9BF5083F6B9A0B3FE3
:10BA1000DA390E3FCDD3103F2A68133FD9F6153FD0
:10BA2000C07F183FC6021B3FD17F1D3FCBF61F3F93
:10BA30009967223F25D2243F5636273F1594293F48
:10BA40004AEB2B3FDE3B2E3FBB85303FC9C8323F20
:10BA5000F304353F233A373F4268393F3B8F3B3F42
:10BA6000F9AE3D3F67C73F3F70D8413F01E2433FDA
:10BA700003E4453F65DE473F12D1493FF8BB4B3FEA
:10BA8000029F4D3F207A4F3F3D4D513F4918533F54
:10BA900031DB543FE595563F5348583F6AF2593FD2
:10BAA0001A945B3F532D5D3F05BE5E3F2146603FCC
:10BAB00097C5613F5A3C633F59AA643F880F663F70
:10BAC000D86B673F3CBF683FA7096A3F0C4B6B3F91
:10BAD0005E836C3F93B26D3F9ED86E3F73F56F3FB0
:10BAE0000809713F5213723F4714733FDD0B743FD7
:10BAF0000BFA743FC6DE753F07BA763FC58B773FBA
:10BB0000F853783F9812793F9DC7793F02737A3F87
:10BB1000BE147B3FCDAC7B3F283B7C3FC9BF7C3F05
:10BB2000AC3A7D3FCCAB7D3F23137E3FB0707E3F70
:10BB30006DC47E3F580E7F3F6D4E7F3FAB847F3F8D
:10BB40000FB17F3F97D37F3F43EC7F3F11FB7F3F98
:10BB50000000803F11FB7F3F43EC7F3F97D37F3F47
:10BB60000FB17F3FAB847F3F6D4E7F3F580E7F3FCD
:10BB70006DC47E3FB0707E3F23137E3FCCAB7D3FD4
:10BB8000AC3A7D3FC9BF7C3F283B7C3FCDAC7B3F7F
:10BB9000BE147B3F02737A3F9DC7793F9812793F6D
:10BBA000F853783FC58B773F07BA763FC6DE753FBF
:10BBB0000BFA743FDD0B743F4714733F5213723F0F
:10BBC0000809713F73F56F3F9ED86E3F93B26D3F8A
:10BBD0005E836C3F0C4B6B3FA7096A3F3CBF683FDD
:10BBE000D86B673F880F663F59AA643F5A3C633F52
:10BBF00097C5613F2146603F05BE5E3F532D5D3FC7
:10BC00001A945B3F6AF2593F5348583FE595563FB7
:10BC100031DB543F4918533F3D4D513F207A4F3F50
:10BC2000029F4D3FF8BB4B3F12D1493F65DE473F76
:10BC300003E4453F01E2433F70D8413F67C73F3FC0
:10BC4000F9AE3D3F3B8F3B3F4268393F233A373F98
:10BC5000F304353FC9C8323FBB85303FDE3B2E3F42
:10BC60004AEB2B3F1594293F5636273F25D2243FD8
:10BC70009967223FCBF61F3FD17F1D3FC6021B3F76
:10BC8000C07F183FD9F6153F2A68133FCDD3103F28
:10BC9000DA390E3F6B9A0B3F9BF5083F824B063F0C
:10BCA0003D9C033FE4E7003F275DFC3ECBE0F63ED2
:10BCB000EA5AF13EBBCBEB3E7533E63E4F92E03E97
:10BCC00080E8DA3E4136D53ECA7BCF3E53B9C93E05
:10BCD00015EFC33E491DBE3E2A44B83EEF63B23E57
:10BCE000D47CAC3E128FA63EE59AA03E86A09A3E3A
:10BCF00032A0943E229A8E3E938E883EC07D823E34
:10BD0000CCCF783E7F9A6C3E135C603E0115543E6A
:10BD1000C2C5473ECF6E3B3EA2102F3EB5AB223E82
:10BD20008340163E87CF093E73B2FA3D2FBCE13DFA
:10BD300036BDC83D80B6AF3D04A9963D752B7B3D11
:10BD40002EFB483D2BC3163DB10AC93C920E493C1F
:10BD500000000000920E49BCB10AC9BC2BC316BD3D
:10BD60002EFB48BD752B7BBD04A996BD80B6AFBD2B
:10BD700036BDC8BD2FBCE1BD73B2FABD87CF09BEC9
:10BD8000834016BEB5AB22BEA2102FBECF6E3BBE07
:10BD9000C2C547BE011554BE135C60BE7F9A6CBE1F
:10BDA000CCCF78BEC07D82BE938E88BE229A8EBED6
:10BDB00032A094BE86A09ABEE59AA0BE128FA6BEFF
:10BDC000D47CACBEEF63B2BE2A44B8BE491DBEBE31
:10BDD00015EFC3BE53B9C9BECA7BCFBE4136D5BE6F
:10BDE00080E8DABE4F92E0BE7533E6BEBBCBEBBE59
:10BDF000EA5AF1BECBE0F6BE275DFCBEE4E700BF29
:10BE00003D9C03BF824B06BF9BF508BF6B9A0BBFDF
:10BE1000DA390EBFCDD310BF2A6813BFD9F615BFCC
:10BE2000C07F18BFC6021BBFD17F1DBFCBF61FBF8F
:10BE3000996722BF25D224BF563627BF159429BF44
:10BE40004AEB2BBFDE3B2EBFBB8530BFC9C832BF1C
:10BE5000F30435BF233A37BF426839BF3B8F3BBF3E
:10BE6000F9AE3DBF67C73FBF70D841BF01E243BFD6
:10BE700003E445BF65DE47BF12D149BFF8BB4BBFE6
:10BE8000029F4DBF207A4FBF3D4D51BF491853BF50
:10BE900031DB54BFE59556BF534858BF6AF259BFCE
:10BEA0001A945BBF532D5DBF05BE5EBF214660BFC8
:10BEB00097C561BF5A3C63BF59AA64BF880F66BF6C
:10BEC000D86B67BF3CBF68BFA7096ABF0C4B6BBF8D
:10BED0005E836CBF93B26DBF9ED86EBF73F56FBFAC
:10BEE000080971BF521372BF471473BFDD0B74BFD3
:10BEF0000BFA74BFC6DE75BF07BA76BFC58B77BFB6
:10BF0000F85378BF981279BF9DC779BF02737ABF83
:10BF1000BE147BBFCDAC7BBF283B7CBFC9BF7CBF01
:10BF2000AC3A7DBFCCAB7DBF23137EBFB0707EBF6C
:10BF30006DC47EBF580E7FBF6D4E7FBFAB847FBF89
:10BF40000FB17FBF97D37FBF43EC7FBF11FB7FBF94
:10BF5000000080BF11FB7FBF43EC7FBF97D37FBF43
:10BF60000FB17FBFAB847FBF6D4E7FBF580E7FBFC9
:10BF70006DC47EBFB0707EBF23137EBFCCAB7DBFD0
:10BF8000AC3A7DBFC9BF7CBF283B7CBFCDAC7BBF7B
:10BF9000BE147BBF02737ABF9DC779BF981279BF69
:10BFA000F85378BFC58B77BF07BA76BFC6DE75BFBB
:10BFB0000BFA74BFDD0B74BF471473BF521372BF0B
:10BFC000080971BF73F56FBF9ED86EBF93B26DBF86
:10BFD0005E836CBF0C4B6BBFA7096ABF3CBF68BFD9
:10BFE000D86B67BF880F66BF59AA64BF5A3C63BF4E
:10BFF00097C561BF214660BF05BE5EBF532D5DBFC3
:10C000001A945BBF6AF259BF534858BFE59556BFB3
:10C0100031DB54BF491853BF3D4D51BF207A4FBF4C
:10C02000029F4DBFF8BB4BBF12D149BF65DE47BF72
:10C0300003E445BF01E243BF70D841BF67C73FBFBC
:10C04000F9AE3DBF3B8F3BBF426839BF233A37BF94
:10C05000F30435BFC9C832BFBB8530BFDE3B2EBF3E
:10C060004AEB2BBF159429BF563627BF25D224BFD4
:10C07000996722BFCBF61FBFD17F1DBFC6021BBF72
:10C08000C07F18BFD9F615BF2A6813BFCDD310BF24
:10C09000DA390EBF6B9A0BBF9BF508BF824B06BF08
:10C0A0003D9C03BFE4E700BF275DFCBECBE0F6BECE
:10C0B000EA5AF1BEBBCBEBBE7533E6BE4F92E0BE93
:10C0C00080E8DABE4136D5BECA7BCFBE53B9C9BE01
:10C0D00015EFC3BE491DBEBE2A44B8BEEF63B2BE53
:10C0E000D47CACBE128FA6BEE59AA0BE86A09ABE36
:10C0F00032A094BE229A8EBE938E88BEC07D82BE30
:10C10000CCCF78BE7F9A6CBE135C60BE011554BE66
:10C11000C2C547BECF6E3BBEA2102FBEB5AB22BE7E
:10C12000834016BE87CF09BE73B2FABD2FBCE1BDF6
:10C1300036BDC8BD80B6AFBD04A996BD752B7BBD0D
:10C140002EFB48BD2BC316BDB10AC9BC920E49BC1B
:10C150000000008078C10008000000242C020000CC
:10C1600008030008A4C100082C020024A42C00002D
:10C170006403000815F2FFFF41320182103C90D0A9
:10C18000030401FF01884AFF015AFB085AFC085AC0
:10C19000FD080A24FE201159185B7FFA1F4A010886
:04C1A000032C02FD6D
:04000005080002CD20
:00000001FF
